w1	w2	w3	w4	count	gt_prob
at	an	average	of	10	0.00210084
India	to	victory	in	4	0.00084034
as	the	captain	of	4	0.00084034
innings	at	an	average	4	0.00084034
led	India	to	victory	4	0.00084034
one	of	the	most	4	0.00084034
the	captain	of	the	4	0.00084034
to	victory	in	the	4	0.00084034
'Team	of	the	Tournament'	3	0.00021008
Dhoni	became	the	first	3	0.00021008
Dhoni	led	India	to	3	0.00021008
He	was	named	as	3	0.00021008
Parachute	Regiment	of	the	3	0.00021008
Regiment	of	the	Indian	3	0.00021008
by	an	Indian	captain	3	0.00021008
by	an	Indian	wicket-keeper	3	0.00021008
captain	of	the	Indian	3	0.00021008
first	match	of	the	3	0.00021008
highest	score	by	an	3	0.00021008
in	the	first	match	3	0.00021008
in	the	group	stage	3	0.00021008
of	the	'Team	of	3	0.00021008
of	the	Indian	Territorial	3	0.00021008
of	the	decade:	2011–2020	3	0.00021008
of	the	most	prolific	3	0.00021008
runs	at	an	average	3	0.00021008
score	by	an	Indian	3	0.00021008
the	'Team	of	the	3	0.00021008
the	Indian	Premier	League	3	0.00021008
the	Indian	cricket	team	3	0.00021008
the	Man	of	the	3	0.00021008
the	ODI	series	in	3	0.00021008
the	first	match	of	3	0.00021008
the	highest	score	by	3	0.00021008
the	home	series	against	3	0.00021008
was	picked	for	the	3	0.00021008
(captain	and	wicket-keeper)	ICC	2	0.00018193
2011–2020	(captain	and	wicket-keeper)	2	0.00018193
CSK	to	its	second	2	0.00018193
Cricketer	of	the	Year:	2	0.00018193
Dhoni	holds	an	honorary	2	0.00018193
Dhoni	led	CSK	to	2	0.00018193
Dhoni	played	for	Bihar	2	0.00018193
Dhoni	was	appointed	as	2	0.00018193
Dhoni	was	awarded	an	2	0.00018193
Dhoni	was	picked	for	2	0.00018193
ICC	Cricket	Hall	of	2	0.00018193
Indian	squad	for	the	2	0.00018193
Lieutenant	colonel	in	the	2	0.00018193
Mahendra	Singh	Dhoni	at	2	0.00018193
ODI	Team	of	the	2	0.00018193
ODI	team	of	the	2	0.00018193
South	Africa	in	November	2	0.00018193
Sri	Lanka	in	the	2	0.00018193
Team	of	the	Year:	2	0.00018193
Tournament'	by	the	ICC.	2	0.00018193
Under	his	captaincy,	CSK	2	0.00018193
a	franchise	of	the	2	0.00018193
a	strike	rate	of	2	0.00018193
against	Assam	in	the	2	0.00018193
against	South	Africa	in	2	0.00018193
an	honorary	rank	of	2	0.00018193
and	wicket-keeper	of	the	2	0.00018193
announced	his	retirement	from	2	0.00018193
appointed	as	the	captain	2	0.00018193
as	one	of	the	2	0.00018193
becoming	the	fourth	Indian	2	0.00018193
by	the	Indian	Army	2	0.00018193
captain	and	wicket-keeper	of	2	0.00018193
colonel	in	the	Parachute	2	0.00018193
decade:	2011–2020	(captain	and	2	0.00018193
dismissals	in	an	innings	2	0.00018193
earlier	record	for	the	2	0.00018193
for	the	India	A	2	0.00018193
for	the	first	time	2	0.00018193
for	the	highest	score	2	0.00018193
half-century	in	the	second	2	0.00018193
highest	civilian	award	Padma	2	0.00018193
him	by	the	Indian	2	0.00018193
holds	an	honorary	rank	2	0.00018193
honorary	rank	of	Lieutenant	2	0.00018193
in	South	Africa	in	2	0.00018193
in	a	losing	cause.	2	0.00018193
in	six	innings	at	2	0.00018193
in	the	Parachute	Regiment	2	0.00018193
in	the	home	series	2	0.00018193
in	the	second	test	2	0.00018193
in	the	third	ODI	2	0.00018193
is	one	of	the	2	0.00018193
led	CSK	to	its	2	0.00018193
made	it	to	the	2	0.00018193
match	of	the	series	2	0.00018193
matches	at	an	average	2	0.00018193
named	as	captain	and	2	0.00018193
of	Chennai	Super	Kings	2	0.00018193
of	Lieutenant	colonel	in	2	0.00018193
of	the	Indian	team	2	0.00018193
of	the	ODI	series	2	0.00018193
of	the	Tournament'	by	2	0.00018193
of	the	Year:	2011	2	0.00018193
of	the	match	for	2	0.00018193
of	the	series	in	2	0.00018193
out	for	a	duck.	2	0.00018193
presented	to	him	by	2	0.00018193
rank	of	Lieutenant	colonel	2	0.00018193
record	for	the	highest	2	0.00018193
runs	from	three	innings	2	0.00018193
runs	in	5	matches.	2	0.00018193
runs	in	five	ODI	2	0.00018193
runs	in	six	innings	2	0.00018193
six	innings	at	an	2	0.00018193
team	of	the	decade:	2	0.00018193
the	2011	Cricket	World	2	0.00018193
the	2013	ICC	Champions	2	0.00018193
the	Indian	Army	in	2	0.00018193
the	Indian	Territorial	Army	2	0.00018193
the	Indian	squad	for	2	0.00018193
the	Parachute	Regiment	of	2	0.00018193
the	Tournament'	by	the	2	0.00018193
the	auction	for	the	2	0.00018193
the	decade:	2011–2020	(captain	2	0.00018193
the	first	time	in	2	0.00018193
the	first	wicket-keeper	to	2	0.00018193
the	group	stage	after	2	0.00018193
the	match	for	scoring	2	0.00018193
the	most	dismissals	in	2	0.00018193
the	squad	for	the	2	0.00018193
to	do	so.	In	2	0.00018193
to	him	by	the	2	0.00018193
was	appointed	as	the	2	0.00018193
was	part	of	the	2	0.00018193
was	presented	to	him	2	0.00018193
wicket-keeper	of	the	'Team	2	0.00018193
"B"	grade	contract	by	1	0.00000917
"Captain	cool".	Personal	life	1	0.00000917
"Dhauni".	The	spelling	"Dhoni"	1	0.00000917
"Dhoni"	emerged	due	to	1	0.00000917
"Since	childhood	I	wanted	1	0.00000917
$80.3	million	by	Duff	1	0.00000917
'A'	grade	contract	by	1	0.00000917
'Thala'	meaning	leader	in	1	0.00000917
'Uninhibited,	yet	anything	but	1	0.00000917
(1,153)	before	scoring	a	1	0.00000917
(100*	with	Bhuvneshwar	Kumar)	1	0.00000917
(106	Para	TA	battalion).	1	0.00000917
(110)	Second	most	runs	1	0.00000917
(123)	T20Is	Second	most	1	0.00000917
(128*)	against	Assam	in	1	0.00000917
(183*)	Highest	eighth	wicket	1	0.00000917
(195)	and	only	wicket-keeper	1	0.00000917
(200)	First	player	to	1	0.00000917
(2010,	2011,	2018,	2021	1	0.00000917
(2012),	a	Tamil	feature	1	0.00000917
(294)	ODIs	Most	wins	1	0.00000917
(332)	Most	stumpings	(195)	1	0.00000917
(34)	Most	catches	as	1	0.00000917
(359)	Honours	India	T20	1	0.00000917
(432)	by	an	Indian	1	0.00000917
(4876)	Most	number	of	1	0.00000917
(5)	Combined	Most	international	1	0.00000917
(51)	Most	dismissals	by	1	0.00000917
(6)	and	career	(432)	1	0.00000917
(6641)	Third	most	number	1	0.00000917
(72)	Most	T20I	innings	1	0.00000917
(76)	and	runs	(1,153)	1	0.00000917
(829)	Sixth	most	sixes	1	0.00000917
(84)	Highest	score	by	1	0.00000917
(CCL)	team	in	1998.	1	0.00000917
(CSK)	for	US$1.5	million	1	0.00000917
(CSK),	leading	them	to	1	0.00000917
(IPL),	Dhoni	plays	for	1	0.00000917
(IPL).	He	was	the	1	0.00000917
(J282–J286)	at	the	Wankhede	1	0.00000917
(JSCA)	appointed	him	captain	1	0.00000917
(MCA)	decided	to	honour	1	0.00000917
(TTE)	at	Kharagpur	under	1	0.00000917
(US$1.4	million)	before	the	1	0.00000917
(US$1.5	million).	He	scored	1	0.00000917
([məˈɦeːnd̪ɾə	ˈsɪŋɡʱ	ˈd̪ʱoːniː]	;	1	0.00000917
(captain	in	2009,	2010)	1	0.00000917
(captain	in	2009,	2011–2014)	1	0.00000917
(eight	catches	and	a	1	0.00000917
(now	Uttarakhand)	and	he	1	0.00000917
(now	in	Jharkhand)	in	1	0.00000917
.	He	has	also	1	0.00000917
0.08	seconds,	when	dismissing	1	0.00000917
1,000	ODI	runs	in	1	0.00000917
10,000	ODI	runs,	becoming	1	0.00000917
10,000	plus	runs	at	1	0.00000917
10,000	runs	with	an	1	0.00000917
100	ODI	matches.	India	1	0.00000917
100	in	a	particular	1	0.00000917
100	in	both	the	1	0.00000917
100	stumpings	in	ODIs	1	0.00000917
102	against	India	B.	1	0.00000917
102.15,	and	thus,	becoming	1	0.00000917
106	runs	across	three	1	0.00000917
10773	runs	at	an	1	0.00000917
108	fifties	in	his	1	0.00000917
11	October	2022,	Dhoni	1	0.00000917
114	runs	in	two	1	0.00000917
1198	runs	in	just	1	0.00000917
122	balls,	his	tenth	1	0.00000917
123	deliveries	which	surpassed	1	0.00000917
129	matches	in	the	1	0.00000917
134	off	122	balls,	1	0.00000917
139	off	97	balls	1	0.00000917
139	runs	in	four	1	0.00000917
14	April	2024,	helping	1	0.00000917
145	balls,	winning	the	1	0.00000917
146	runs	across	the	1	0.00000917
148	runs	off	123	1	0.00000917
15	August	2020,	Dhoni	1	0.00000917
15	December	2015	for	1	0.00000917
150	stumpings	Third	most	1	0.00000917
16	centuries	and	108	1	0.00000917
16	runs	in	the	1	0.00000917
17	catches	and	seven	1	0.00000917
17,266	runs	in	international	1	0.00000917
174	runs	in	three	1	0.00000917
176	runs	in	5	1	0.00000917
177	runs	in	five	1	0.00000917
179	runs	in	five	1	0.00000917
183	runs	off	145	1	0.00000917
19.25.	While	captaining	in	1	0.00000917
195	stumpings	in	his	1	0.00000917
1981	in	Ranchi,	Bihar	1	0.00000917
1981)	is	an	Indian	1	0.00000917
1995	to	1998	and	1	0.00000917
1997/98	season	of	Vinoo	1	0.00000917
1998	and	Central	Coal	1	0.00000917
1998.	At	CCL,	he	1	0.00000917
1998–99,	Dhoni	played	for	1	0.00000917
1999	before	representing	Jharkhand	1	0.00000917
1999.	He	made	his	1	0.00000917
1999–2000	Cooch	Behar	Trophy,	1	0.00000917
1999–2000	season	and	scored	1	0.00000917
1999–2000	season,	as	an	1	0.00000917
2	September	2007,	Dhoni	1	0.00000917
20-run	win,	following	his	1	0.00000917
20.	Outside	cricket	Dhoni	1	0.00000917
200	ODIs	and	was	1	0.00000917
200	T20	matches	for	1	0.00000917
200	times	in	ODIs.	1	0.00000917
2000/01	season	did	not	1	0.00000917
2000s	saw	Rahul	Dravid	1	0.00000917
2000–01	Ranji	Trophy	season.	1	0.00000917
2001	to	2003,	Dhoni	1	0.00000917
2001–02	Ranji	Trophy	season,	1	0.00000917
2002–03	Ranji	Trophy	and	1	0.00000917
2003,	Dhoni	worked	as	1	0.00000917
2003/04	season,	Dhoni	scored	1	0.00000917
2004	in	an	ODI	1	0.00000917
2004,	Dhoni	was	picked	1	0.00000917
2004.	Dhoni	made	his	1	0.00000917
2005	and	was	promoted	1	0.00000917
2005,	Dhoni	played	for	1	0.00000917
2005,	Dhoni	was	awarded	1	0.00000917
2005.	In	December	2005,	1	0.00000917
2006	ICC	Champions	Trophy,	1	0.00000917
2006	ICC	Men's	ODI	1	0.00000917
2006	against	South	Africa	1	0.00000917
2006	and	177	runs	1	0.00000917
2006,	2008,	2009,	2010,	1	0.00000917
2006,	Dhoni	scored	139	1	0.00000917
2006-07,	Dhoni	scored	43	1	0.00000917
2006.	2007	World	T20	1	0.00000917
2007	Asia	Cup:	2010,	1	0.00000917
2007	Cricket	World	Cup	1	0.00000917
2007	Future	Cup	against	1	0.00000917
2007	ICC	World	Twenty20,	1	0.00000917
2007	World	T20	and	1	0.00000917
2007	to	2017	and	1	0.00000917
2007	which	got	him	1	0.00000917
2007	with	Dhoni	averaging	1	0.00000917
2007,	Dhoni	equalled	Adam	1	0.00000917
2007,	Dhoni	was	appointed	1	0.00000917
2007,	he	became	the	1	0.00000917
2007.	Dhoni	led	India	1	0.00000917
2007.	Dhoni	was	appointed	1	0.00000917
2008	ICC	ODI	Cricketer	1	0.00000917
2008	to	2014.	Dhoni	1	0.00000917
2008,	2009	Padma	Shri:	1	0.00000917
2008,	2009,	2010,	2011,	1	0.00000917
2008,	Dhoni	was	awarded	1	0.00000917
2008-09	season.	Dhoni	scored	1	0.00000917
2008.	Dhoni	retired	from	1	0.00000917
2008.	He	captained	the	1	0.00000917
2009	Honorary	Lieutenant	Colonel,	1	0.00000917
2009	ICC	Champions	Trophy.	1	0.00000917
2009	Padma	Shri:	2009	1	0.00000917
2009	and	third	highest	1	0.00000917
2009	when	he	bowled	1	0.00000917
2009	which	India	won	1	0.00000917
2009,	2010)	Major	Dhyanchand	1	0.00000917
2009,	2010,	2011,	2012,	1	0.00000917
2009,	2010,	2013	(captain	1	0.00000917
2009,	2011–2014)	ICC	Men's	1	0.00000917
2009,	scoring	1198	runs	1	0.00000917
2010	Champions	league.	Dhoni	1	0.00000917
2010	and	2014.	Dhoni	1	0.00000917
2010	and	2016,	and	1	0.00000917
2010	edition	and	qualified	1	0.00000917
2010	in	Dehradun.	Dhoni	1	0.00000917
2010)	Major	Dhyanchand	Khel	1	0.00000917
2010,	2011,	2012,	2013,	1	0.00000917
2010,	2011,	2018,	2021,	1	0.00000917
2010,	2013	(captain	in	1	0.00000917
2010,	2014	Individual	MTV	1	0.00000917
2010,	2016	2018	Cricket	1	0.00000917
2011	CNN-News18	Indian	of	1	0.00000917
2011	Castrol	Indian	Cricketer	1	0.00000917
2011	Cricket	World	Cup	1	0.00000917
2011	Cricket	World	Cup,	1	0.00000917
2011	ICC	Champions	Trophy:	1	0.00000917
2011	ICC	People's	Choice	1	0.00000917
2011	World	Cup	final.	1	0.00000917
2011	World	Cup	win	1	0.00000917
2011	for	his	service	1	0.00000917
2011	world	cup	win,	1	0.00000917
2011,	2012,	2013,	2014	1	0.00000917
2011,	2018,	2021	and	1	0.00000917
2011,	2018,	2021,	2023	1	0.00000917
2011.	Dhoni	led	CSK	1	0.00000917
2011.	In	2019,	Jharkhand	1	0.00000917
2011.	In	June	2025,	1	0.00000917
2011–2014)	ICC	Men's	Test	1	0.00000917
2011–2020	ICC	Cricket	Hall	1	0.00000917
2012,	2013,	2014	(captain	1	0.00000917
2012,	Pakistan	toured	India	1	0.00000917
2013	(captain	in	2009,	1	0.00000917
2013	Chennai	Super	Kings	1	0.00000917
2013	ICC	Champions	Trophy	1	0.00000917
2013	ICC	Champions	Trophy,	1	0.00000917
2013	Padma	Bhushan:	2018	1	0.00000917
2013,	2014	(captain	in	1	0.00000917
2013,	Dhoni	became	the	1	0.00000917
2013.	In	February	2005,	1	0.00000917
2013–14	season.	Though	Dhoni	1	0.00000917
2014	(captain	in	2009,	1	0.00000917
2014	ICC	World	Twenty20	1	0.00000917
2014	Individual	MTV	Youth	1	0.00000917
2014	and	series	against	1	0.00000917
2014	but	continued	playing	1	0.00000917
2014.	Dhoni	has	captained	1	0.00000917
2014.	Dhoni	is	among	1	0.00000917
2014.	Dhoni	scored	2987	1	0.00000917
2014.	Following	the	third	1	0.00000917
2015	Cricket	World	Cup,	1	0.00000917
2015	World	cup	Dhoni	1	0.00000917
2015	for	₹125	million	1	0.00000917
2015.	He	lives	in	1	0.00000917
2015.	In	August	2019,	1	0.00000917
2016	2018	Cricket	World	1	0.00000917
2016	Asia	Cup,	where	1	0.00000917
2016	Indian	Premier	League	1	0.00000917
2016	and	their	return	1	0.00000917
2016,	Dhoni	launched	lifestyle	1	0.00000917
2016,	and	he	was	1	0.00000917
2016.	The	Dhoni	Touch:	1	0.00000917
2017	ICC	Champions	Trophy	1	0.00000917
2017	and	in	test	1	0.00000917
2017	for	the	2017-18	1	0.00000917
2017,	ahead	of	the	1	0.00000917
2017,	during	the	fifth	1	0.00000917
2017,	he	scored	his	1	0.00000917
2017-18	Vijay	Hazare	trophy	1	0.00000917
2018	Asia	Cup	title	1	0.00000917
2018	Cricket	World	Cup:	1	0.00000917
2018	ICC	Men's	ODI	1	0.00000917
2018	season.	He	scored	1	0.00000917
2018	tour	of	England,	1	0.00000917
2018,	2021	and	2023)	1	0.00000917
2018,	2021,	2023	Champions	1	0.00000917
2018,	following	the	stumping	1	0.00000917
2018.	Born	in	Ranchi,	1	0.00000917
2018.	Dhoni	holds	an	1	0.00000917
2018.	In	the	Carlton	1	0.00000917
2018.	The	production	house	1	0.00000917
2019	Cricket	World	Cup.	1	0.00000917
2019	which	dealt	with	1	0.00000917
2019,	Dhoni	Entertainment	entered	1	0.00000917
2019,	Dhoni	invested	in	1	0.00000917
2019,	Dhoni	played	in	1	0.00000917
2019,	Jharkhand	Cricket	Association	1	0.00000917
2019,	he	completed	a	1	0.00000917
2019,	he	was	named	1	0.00000917
2019.	He	has	scored	1	0.00000917
2020,	Dhoni	formally	announced	1	0.00000917
2021	T20	World	Cup.	1	0.00000917
2021	and	2023)	jointly	1	0.00000917
2021	and	was	retained	1	0.00000917
2021,	2023	Champions	League:	1	0.00000917
2021,	Dhoni	was	appointed	1	0.00000917
2022	season.	Dhoni	stepped	1	0.00000917
2022,	Dhoni	has	more	1	0.00000917
2022,	Dhoni	invested	in	1	0.00000917
2023	Champions	League:	2010,	1	0.00000917
2023	as	a	honour	1	0.00000917
2023)	jointly	sharing	this	1	0.00000917
2023,	the	Mumbai	Cricket	1	0.00000917
2023.	Dhoni	performed	a	1	0.00000917
2024	season,	Dhoni	handed	1	0.00000917
2024,	helping	his	team	1	0.00000917
2024.	Dhoni	is	one	1	0.00000917
2025,	he	was	inducted	1	0.00000917
219	runs	in	five	1	0.00000917
223	against	Pakistan	A	1	0.00000917
23	December	2004	in	1	0.00000917
23.34.	During	the	2015	1	0.00000917
237	runs	in	six	1	0.00000917
24	innings,	at	an	1	0.00000917
244	runs	in	four	1	0.00000917
25	February	2017,	he	1	0.00000917
250th	appearance	for	CSK	1	0.00000917
272	runs	with	three	1	0.00000917
28	July	2023.	Dhoni	1	0.00000917
283	runs	in	5	1	0.00000917
29	September	2016.	The	1	0.00000917
29	runs	in	the	1	0.00000917
2987	runs	from	129	1	0.00000917
2–1	series	victory,	their	1	0.00000917
3	in	the	batting	1	0.00000917
30	September	2009	when	1	0.00000917
30	matches	across	two	1	0.00000917
30	runs	in	his	1	0.00000917
332	matches	including	200	1	0.00000917
346	runs	and	was	1	0.00000917
350th	and	final	ODI	1	0.00000917
362	runs	in	six	1	0.00000917
38	and	10773	runs	1	0.00000917
390	T20	matches.	He	1	0.00000917
392	runs	and	led	1	0.00000917
3–1	victory	over	West	1	0.00000917
4	July	2010	in	1	0.00000917
400	dismissals	in	ODIs	1	0.00000917
414	runs	to	lead	1	0.00000917
43	runs	as	the	1	0.00000917
45	runs	off	52	1	0.00000917
455	runs	and	led	1	0.00000917
48	including	one	half-century	1	0.00000917
4876	runs	in	Test	1	0.00000917
488	runs	in	nine	1	0.00000917
5	September	2024.	Dhoni	1	0.00000917
5	matches.	Dhoni	scored	1	0.00000917
5	matches.	In	the	1	0.00000917
50	Most	not-outs	(84)	1	0.00000917
50	and	strike	rate	1	0.00000917
50	in	ODIs.	He	1	0.00000917
50	in	ODIs.	In	1	0.00000917
50	runs	from	three	1	0.00000917
50-plus	scores	against	New	1	0.00000917
52	balls	including	16	1	0.00000917
574	runs	in	30	1	0.00000917
59.25	and	a	strike	1	0.00000917
6	February	2015.	He	1	0.00000917
60	in	the	2008-09	1	0.00000917
63.20	during	India's	2018	1	0.00000917
634	catches	and	effected	1	0.00000917
68	runs	in	the	1	0.00000917
7	July	1981	in	1	0.00000917
7	July	1981)	is	1	0.00000917
70	runs	from	three	1	0.00000917
70.43	and	topped	the	1	0.00000917
72.40	with	back	to	1	0.00000917
7400	runs	across	390	1	0.00000917
75	million	followers	on	1	0.00000917
77	runs	in	four	1	0.00000917
79	runs	in	two	1	0.00000917
8	September	2021,	Dhoni	1	0.00000917
8000	runs	in	ODI	1	0.00000917
84	in	a	losing	1	0.00000917
84	runs	at	an	1	0.00000917
85	which	was	the	1	0.00000917
87	including	139	off	1	0.00000917
9	July	2019,	Dhoni	1	0.00000917
91*	against	Bangladesh	in	1	0.00000917
91.	In	December	2012,	1	0.00000917
97	balls	in	the	1	0.00000917
97	runs	in	four	1	0.00000917
;	born	7	July	1	0.00000917
A	and	Pakistan	A,	1	0.00000917
A	chase	down	their	1	0.00000917
A	film	based	on	1	0.00000917
A	squad	for	a	1	0.00000917
A	squad,	he	was	1	0.00000917
A	with	a	half-century	1	0.00000917
A,	Dhoni	helped	India	1	0.00000917
ACC	Asia	XI	cricket	1	0.00000917
Adam	Gilchrist's	international	record	1	0.00000917
Afghanistan	due	to	regular	1	0.00000917
Africa	and	272	runs	1	0.00000917
Africa	and	New	Zealand	1	0.00000917
Africa	at	Johannesburg.	Dhoni	1	0.00000917
Africa	in	Ireland	and	1	0.00000917
Africa	in	November	2005.	1	0.00000917
Africa	in	November	2006,	1	0.00000917
Africa	in	the	first	1	0.00000917
Africa	tour.	Though,	he	1	0.00000917
Afro-Asia	Cup,	scoring	174	1	0.00000917
After	beating	Bangladesh	in	1	0.00000917
After	completing	five	parachute	1	0.00000917
After	the	Champions	Trophy,	1	0.00000917
Against	the	Zimbabwe	XI	1	0.00000917
Agra	training	camp,	he	1	0.00000917
Ahead	of	the	2024	1	0.00000917
Aiden	Markram	in	the	1	0.00000917
Air	India	until	his	1	0.00000917
Akila	Dananjaya	off	Yuzvendra	1	0.00000917
Almanack	as	'Uninhibited,	yet	1	0.00000917
Andrew	Flintoff	which	led	1	0.00000917
Apart	from	this	century,	1	0.00000917
April	2019,	he	was	1	0.00000917
April	2024,	helping	his	1	0.00000917
Army	(106	Para	TA	1	0.00000917
Army	aircraft	in	the	1	0.00000917
Army	in	2011	for	1	0.00000917
Army	in	2011.	In	1	0.00000917
Army	in	Jammu	and	1	0.00000917
Army	which	was	presented	1	0.00000917
Army.	Seeing	the	soldiers,	1	0.00000917
Army:	2011	CNN-News18	Indian	1	0.00000917
As	a	batsman,	he	1	0.00000917
As	a	result,	Dhoni's	1	0.00000917
As	a	wicket-keeper,	he	1	0.00000917
As	of	2022,	Dhoni	1	0.00000917
Asia	Cup	in	2010	1	0.00000917
Asia	Cup	title	winning	1	0.00000917
Asia	Cup,	where	India	1	0.00000917
Asia	Cup:	2010,	2016	1	0.00000917
Asia	XI	cricket	team	1	0.00000917
Asia	to	produce	content	1	0.00000917
Assam	in	the	1999–2000	1	0.00000917
Assam	in	the	first	1	0.00000917
Association	(JSCA)	appointed	him	1	0.00000917
Association	(MCA)	decided	to	1	0.00000917
Association	President's	XI,	East	1	0.00000917
Association	named	the	JSCA	1	0.00000917
At	CCL,	he	batted	1	0.00000917
Auckland,	he	made	85	1	0.00000917
August	2017,	during	the	1	0.00000917
August	2019,	he	completed	1	0.00000917
August	2020,	Dhoni	formally	1	0.00000917
Australia	in	December	2014.	1	0.00000917
Australia	in	the	semi-finals	1	0.00000917
Australia	tour	later	that	1	0.00000917
Australia	was	washed	out.	1	0.00000917
Australia,	India	failed	to	1	0.00000917
Australia,	though	Dhoni	scored	1	0.00000917
Australia.	In	April	2019,	1	0.00000917
Australia.	In	the	three-match	1	0.00000917
Australia.	India	toured	South	1	0.00000917
Australian	soil	and	was	1	0.00000917
Award	by	Government	of	1	0.00000917
Award:	2013	Padma	Bhushan:	1	0.00000917
B.	Jharkhand	State	Cricket	1	0.00000917
BCCI	Corporate	trophy,	he	1	0.00000917
BCCI	in	2023	as	1	0.00000917
BCCI	in	June	2007.	1	0.00000917
BCCI	president	N.	Srinivasan.	1	0.00000917
BCCI's	small-town	talent-spotting	initiative	1	0.00000917
BCCI.	Dhoni	made	his	1	0.00000917
Banerjee.	From	2001	to	1	0.00000917
Bangladesh	and	Sri	Lanka	1	0.00000917
Bangladesh	and	played	his	1	0.00000917
Bangladesh	in	the	first	1	0.00000917
Bangladesh	in	the	quarter	1	0.00000917
Bangladesh	tour	in	December	1	0.00000917
Banijay	Asia	to	produce	1	0.00000917
Based	on	his	performance	1	0.00000917
Behar	Trophy	and	scored	1	0.00000917
Behar	Trophy,	the	Bihar	1	0.00000917
Bengal	in	the	2000–01	1	0.00000917
Bharat	Sundaresan.	Dhoni	(2012),	1	0.00000917
Bhushan	in	2018.	Dhoni	1	0.00000917
Bhushan:	2018	ICC	Men's	1	0.00000917
Bhuvneshwar	Kumar)	Most	dismissals	1	0.00000917
Bihar	(now	in	Jharkhand)	1	0.00000917
Bihar	U-19	cricket	team	1	0.00000917
Bihar	U-19	team	in	1	0.00000917
Bihar	against	Assam	in	1	0.00000917
Bihar	against	Bengal	in	1	0.00000917
Bihar	in	1999.	He	1	0.00000917
Bihar	state	cricket	team	1	0.00000917
Born	in	Ranchi,	Dhoni	1	0.00000917
C.	K.	Nayudu	Trophy	1	0.00000917
CARS24	and	simultaneously	became	1	0.00000917
CCL,	he	batted	higher	1	0.00000917
CNN-News18	Indian	of	the	1	0.00000917
CSK	and	holds	the	1	0.00000917
CSK	became	the	most	1	0.00000917
CSK	for	the	2018	1	0.00000917
CSK	in	that	season,	1	0.00000917
CSK	to	the	finals	1	0.00000917
CSK	to	the	title	1	0.00000917
CSK	to	two	Champions	1	0.00000917
CSK	won	the	2010	1	0.00000917
Captaincy	In	2007,	Dhoni	1	0.00000917
Career	statistics	Dhoni	has	1	0.00000917
Carlton	Mid	triangular	series	1	0.00000917
Castrol	Indian	Cricketer	of	1	0.00000917
Cements	Ltd,	the	company	1	0.00000917
Central	Coal	Fields	Limited	1	0.00000917
Chahal.	He	reached	the	1	0.00000917
Challenger	trophy,	where	he	1	0.00000917
Champions	League	T20	titles	1	0.00000917
Champions	League	Twenty20	title	1	0.00000917
Champions	League	Twenty20.	Chennai	1	0.00000917
Champions	League:	2010,	2014	1	0.00000917
Champions	Trophy	and	became	1	0.00000917
Champions	Trophy	in	which	1	0.00000917
Champions	Trophy,	India	lost	1	0.00000917
Champions	Trophy,	India	toured	1	0.00000917
Champions	Trophy,	being	the	1	0.00000917
Champions	Trophy.	However,	he	1	0.00000917
Champions	Trophy:	2013	Chennai	1	0.00000917
Champions	league.	Dhoni	scored	1	0.00000917
Chand	Khel	Ratna	Award	1	0.00000917
Chennai	Super	Kings	(CSK)	1	0.00000917
Chennai	Super	Kings	(CSK),	1	0.00000917
Chennai	Super	Kings	Indian	1	0.00000917
Chennai	Super	Kings	and	1	0.00000917
Chennai	Super	Kings	from	1	0.00000917
Chennai	whose	IPL	franchise	1	0.00000917
Chennai	won	the	2010	1	0.00000917
Chennai-based	football	club	Chennaiyin	1	0.00000917
Chennai.	Dhoni	led	India	1	0.00000917
Chennai.	Dhoni	scored	30	1	0.00000917
Chennaiyin	FC,	a	franchise	1	0.00000917
Chhattisgarh	and	led	the	1	0.00000917
Choice	Award:	2013	Padma	1	0.00000917
Club,	Dhoni	contributed	seven	1	0.00000917
Coal	Fields	Limited	(CCL)	1	0.00000917
Colombo,	he	became	the	1	0.00000917
Colonel,	Parachute	Regiment	of	1	0.00000917
Combined	Most	international	matches	1	0.00000917
Commando	cricket	club	from	1	0.00000917
Cooch	Behar	Trophy	and	1	0.00000917
Cooch	Behar	Trophy,	the	1	0.00000917
Corporate	trophy,	he	played	1	0.00000917
Cover	region.	He	plays	1	0.00000917
Cricket	Association	(JSCA)	appointed	1	0.00000917
Cricket	Association	(MCA)	decided	1	0.00000917
Cricket	Association	President's	XI,	1	0.00000917
Cricket	Association	named	the	1	0.00000917
Cricket	Hall	of	Fame.	1	0.00000917
Cricket	Hall	of	Fame:2025	1	0.00000917
Cricket	World	Cup	co-hosted	1	0.00000917
Cricket	World	Cup	in	1	0.00000917
Cricket	World	Cup,	Dhoni	1	0.00000917
Cricket	World	Cup,	and	1	0.00000917
Cricket	World	Cup.	On	1	0.00000917
Cricket	World	Cup:	2011	1	0.00000917
Cup	2006-07,	Dhoni	scored	1	0.00000917
Cup	against	South	Africa	1	0.00000917
Cup	co-hosted	by	India.	1	0.00000917
Cup	final.	In	popular	1	0.00000917
Cup	in	2010	and	1	0.00000917
Cup	in	which	India	1	0.00000917
Cup	title	winning	campaign,	1	0.00000917
Cup	win	and	later	1	0.00000917
Cup,	Dhoni	became	the	1	0.00000917
Cup,	and	the	2013	1	0.00000917
Cup,	scoring	174	runs	1	0.00000917
Cup,	where	India	remained	1	0.00000917
Cup.	Domestic	career	Dhoni	1	0.00000917
Cup.	Final	years	and	1	0.00000917
Cup.	On	9	July	1	0.00000917
Cup:	2007	Asia	Cup:	1	0.00000917
Cup:	2010,	2016	2018	1	0.00000917
Cup:	2011	ICC	Champions	1	0.00000917
DAV	Jawahar	Vidya	Mandir,	1	0.00000917
DLF	Cup	2006-07,	Dhoni	1	0.00000917
DLS	method	though	Dhoni	1	0.00000917
Dananjaya	off	Yuzvendra	Chahal.	1	0.00000917
De	Montfort	University	in	1	0.00000917
Debut	and	early	years	1	0.00000917
December	2004	in	an	1	0.00000917
December	2004.	Dhoni	made	1	0.00000917
December	2005,	Dhoni	was	1	0.00000917
December	2006	against	South	1	0.00000917
December	2012,	Pakistan	toured	1	0.00000917
December	2014.	Following	the	1	0.00000917
December	2015	for	₹125	1	0.00000917
Dehradun.	Dhoni	and	his	1	0.00000917
Delhi.	Franchise	career	Dhoni	1	0.00000917
Deodhar	Trophy	where	he	1	0.00000917
Deodhar	Trophy,	scoring	244	1	0.00000917
Devaki	Devi.	His	parents	1	0.00000917
Devi.	His	parents	hailed	1	0.00000917
Dhoni	(2012),	a	Tamil	1	0.00000917
Dhoni	([məˈɦeːnd̪ɾə	ˈsɪŋɡʱ	ˈd̪ʱoːniː]	1	0.00000917
Dhoni	Entertainment	entered	into	1	0.00000917
Dhoni	Touch:	unravelling	the	1	0.00000917
Dhoni	aggregated	50	runs	1	0.00000917
Dhoni	and	his	wife	1	0.00000917
Dhoni	and	was	retired	1	0.00000917
Dhoni	announced	his	retirement	1	0.00000917
Dhoni	as	one	of	1	0.00000917
Dhoni	at	ESPNcricinfo	Mahendra	1	0.00000917
Dhoni	at	Wisden	India	1	0.00000917
Dhoni	averaged	more	than	1	0.00000917
Dhoni	averaging	more	than	1	0.00000917
Dhoni	became	a	regular	1	0.00000917
Dhoni	became	the	second	1	0.00000917
Dhoni	being	named	man	1	0.00000917
Dhoni	contributed	seven	catches	1	0.00000917
Dhoni	did	his	schooling	1	0.00000917
Dhoni	displays	a	proclivity	1	0.00000917
Dhoni	dropped	multiple	catches	1	0.00000917
Dhoni	ended	the	series	1	0.00000917
Dhoni	equalled	Adam	Gilchrist's	1	0.00000917
Dhoni	finished	the	season	1	0.00000917
Dhoni	formally	announced	his	1	0.00000917
Dhoni	got	injured	at	1	0.00000917
Dhoni	had	an	excellent	1	0.00000917
Dhoni	handed	over	captaincy	1	0.00000917
Dhoni	has	captained	the	1	0.00000917
Dhoni	has	developed	a	1	0.00000917
Dhoni	has	more	than	1	0.00000917
Dhoni	has	one	of	1	0.00000917
Dhoni	has	scored	4876	1	0.00000917
Dhoni	having	a	good	1	0.00000917
Dhoni	helped	India	A	1	0.00000917
Dhoni	himself	managing	just	1	0.00000917
Dhoni	himself	reached	8000	1	0.00000917
Dhoni	himself	was	out	1	0.00000917
Dhoni	holds	the	bat	1	0.00000917
Dhoni	holds	the	post	1	0.00000917
Dhoni	in	the	middle	1	0.00000917
Dhoni	invested	in	Shaka	1	0.00000917
Dhoni	invested	in	vehicle	1	0.00000917
Dhoni	is	a	co-owner	1	0.00000917
Dhoni	is	a	right-handed	1	0.00000917
Dhoni	is	also	known	1	0.00000917
Dhoni	is	among	the	1	0.00000917
Dhoni	is	an	automotive	1	0.00000917
Dhoni	is	an	unorthodox	1	0.00000917
Dhoni	is	one	of	1	0.00000917
Dhoni	launched	lifestyle	brand	1	0.00000917
Dhoni	led	India	in	1	0.00000917
Dhoni	led	the	Indian	1	0.00000917
Dhoni	led	the	franchise	1	0.00000917
Dhoni	made	84	in	1	0.00000917
Dhoni	made	his	Ranji	1	0.00000917
Dhoni	made	his	T20	1	0.00000917
Dhoni	made	his	debut	1	0.00000917
Dhoni	made	his	first	1	0.00000917
Dhoni	made	his	maiden	1	0.00000917
Dhoni	made	his	test	1	0.00000917
Dhoni	made	it	to	1	0.00000917
Dhoni	married	Sakshi	Singh	1	0.00000917
Dhoni	performed	a	special	1	0.00000917
Dhoni	performing	well	for	1	0.00000917
Dhoni	played	all	the	1	0.00000917
Dhoni	played	for	ACC	1	0.00000917
Dhoni	played	for	India	1	0.00000917
Dhoni	played	for	Jharkhand	1	0.00000917
Dhoni	played	his	last	1	0.00000917
Dhoni	played	in	his	1	0.00000917
Dhoni	played	in	the	1	0.00000917
Dhoni	playing	in	his	1	0.00000917
Dhoni	plays	for	Chennai	1	0.00000917
Dhoni	represented	East	Zone	1	0.00000917
Dhoni	retired	from	test	1	0.00000917
Dhoni	returned	to	CSK	1	0.00000917
Dhoni	said	that	he	1	0.00000917
Dhoni	scored	114	runs	1	0.00000917
Dhoni	scored	139	runs	1	0.00000917
Dhoni	scored	146	runs	1	0.00000917
Dhoni	scored	2987	runs	1	0.00000917
Dhoni	scored	30	runs	1	0.00000917
Dhoni	scored	392	runs	1	0.00000917
Dhoni	scored	414	runs	1	0.00000917
Dhoni	scored	43	runs	1	0.00000917
Dhoni	scored	84	runs	1	0.00000917
Dhoni	scored	91*	against	1	0.00000917
Dhoni	scored	a	century	1	0.00000917
Dhoni	scored	a	half-century	1	0.00000917
Dhoni	scored	half-centuries	in	1	0.00000917
Dhoni	scored	his	maiden	1	0.00000917
Dhoni	scored	two	centuries	1	0.00000917
Dhoni	scoring	ducks	in	1	0.00000917
Dhoni	stepped	down	as	1	0.00000917
Dhoni	stepped	down	from	1	0.00000917
Dhoni	took	his	first	1	0.00000917
Dhoni	top-scored	in	all	1	0.00000917
Dhoni	was	acquired	by	1	0.00000917
Dhoni	was	appointed	captain	1	0.00000917
Dhoni	was	awarded	India's	1	0.00000917
Dhoni	was	awarded	a	1	0.00000917
Dhoni	was	born	on	1	0.00000917
Dhoni	was	identified	as	1	0.00000917
Dhoni	was	later	appointed	1	0.00000917
Dhoni	was	named	vice-captain	1	0.00000917
Dhoni	was	not	selected	1	0.00000917
Dhoni	was	part	of	1	0.00000917
Dhoni	was	subsequently	named	1	0.00000917
Dhoni	who	was	born	1	0.00000917
Dhoni	worked	as	a	1	0.00000917
Dhoni's	contribution	in	the	1	0.00000917
Dhoni's	house	in	Ranchi	1	0.00000917
Dhoni's	life	from	his	1	0.00000917
Dhoni's	popularity	is	often	1	0.00000917
Dhoni,	a	book	by	1	0.00000917
Dhoni.	In	2023,	the	1	0.00000917
Dhoni.	References	External	links	1	0.00000917
Dhoni:	The	Untold	Story,	1	0.00000917
Dhyan	Chand	Khel	Ratna	1	0.00000917
Dhyanchand	Khel	Ratna	award:	1	0.00000917
Dinesh	Karthik.	With	Dhoni	1	0.00000917
Disney+	Hotstar	in	2019	1	0.00000917
Domestic	career	Dhoni	played	1	0.00000917
Dowlin	of	West	Indies	1	0.00000917
Dravid	as	the	wicket-keeper	1	0.00000917
Duff	and	Phelps.	Dhoni's	1	0.00000917
Duleep	Trophy	finals,	Dhoni	1	0.00000917
During	the	2015	Cricket	1	0.00000917
ESPNcricinfo	Mahendra	Singh	Dhoni	1	0.00000917
Early	life	Dhoni	was	1	0.00000917
East	Zone	U-19	squad	1	0.00000917
East	Zone	and	scored	1	0.00000917
East	Zone	in	the	1	0.00000917
East	Zone	lost	all	1	0.00000917
East	Zone	squad	that	1	0.00000917
East	zone	and	Rest	1	0.00000917
Eastern	Railway	zone	of	1	0.00000917
England	in	2014	and	1	0.00000917
England	in	March	2006	1	0.00000917
England,	India	won	by	1	0.00000917
England,	he	went	past	1	0.00000917
England.	Dhoni	took	his	1	0.00000917
England.	Dhoni	was	awarded	1	0.00000917
England.	In	the	second	1	0.00000917
Entertainment	entered	into	a	1	0.00000917
Examiner	(TTE)	at	Kharagpur	1	0.00000917
External	links	Mahendra	Singh	1	0.00000917
FC,	a	franchise	of	1	0.00000917
Faisalabad.	He	scored	106	1	0.00000917
Fame.	Early	life	Dhoni	1	0.00000917
Fame:2025	Others	Dhoni	was	1	0.00000917
February	2005,	Dhoni	played	1	0.00000917
February	2015.	He	lives	1	0.00000917
February	2016,	Dhoni	launched	1	0.00000917
February	2017	for	the	1	0.00000917
February	2017,	he	scored	1	0.00000917
February	2018,	following	the	1	0.00000917
Fields	Limited	(CCL)	team	1	0.00000917
Final	years	and	retirement	1	0.00000917
First	player	to	pass	1	0.00000917
Flintoff	which	led	to	1	0.00000917
Following	the	third	Test	1	0.00000917
Following	the	two-year	suspension	1	0.00000917
Franchise	career	Dhoni	was	1	0.00000917
From	2001	to	2003,	1	0.00000917
Future	Cup	against	South	1	0.00000917
G.O.A.T	that	was	released	1	0.00000917
Gaikwad.	He	marked	his	1	0.00000917
Gilchrist's	international	record	for	1	0.00000917
Government	of	India.	He	1	0.00000917
Gujarat	Lions	were	established	1	0.00000917
Hall	of	Fame.	Early	1	0.00000917
Hall	of	Fame:2025	Others	1	0.00000917
Harare	Sports	Club,	Dhoni	1	0.00000917
Harry,	a	plant-based	protein	1	0.00000917
Hazare	trophy	and	on	1	0.00000917
He	also	co-owns	Ranchi-based	1	0.00000917
He	also	led	the	1	0.00000917
He	captained	the	Indian	1	0.00000917
He	has	also	led	1	0.00000917
He	has	also	played	1	0.00000917
He	has	led	India	1	0.00000917
He	has	scored	16	1	0.00000917
He	has	scored	17,266	1	0.00000917
He	has	scored	more	1	0.00000917
He	has	taken	634	1	0.00000917
He	is	a	powerful	1	0.00000917
He	is	known	for	1	0.00000917
He	lives	in	his	1	0.00000917
He	made	his	debut	1	0.00000917
He	marked	his	250th	1	0.00000917
He	played	as	a	1	0.00000917
He	plays	pull	shots	1	0.00000917
He	plays	the	helicopter	1	0.00000917
He	reached	the	milestone	1	0.00000917
He	received	the	fourth	1	0.00000917
He	returned	to	play	1	0.00000917
He	scored	106	runs	1	0.00000917
He	scored	455	runs	1	0.00000917
He	scored	574	runs	1	0.00000917
He	was	also	named	1	0.00000917
He	was	the	most	1	0.00000917
Highest	eighth	wicket	partnership	1	0.00000917
Highest	score	by	a	1	0.00000917
Hindu	Rajput	family	to	1	0.00000917
His	family	spells	the	1	0.00000917
His	parents	hailed	from	1	0.00000917
Hockey	India	League.	In	1	0.00000917
Honorary	Lieutenant	Colonel,	Parachute	1	0.00000917
Honours	India	T20	World	1	0.00000917
Hotstar	in	2019	which	1	0.00000917
However,	a	month	later,	1	0.00000917
However,	he	scored	just	1	0.00000917
However,	he	was	included	1	0.00000917
I	thought	that	one	1	0.00000917
I	wanted	to	join	1	0.00000917
I'll	be	the	same".	1	0.00000917
ICC	Champions	Trophy	and	1	0.00000917
ICC	Champions	Trophy	in	1	0.00000917
ICC	Champions	Trophy,	India	1	0.00000917
ICC	Champions	Trophy,	being	1	0.00000917
ICC	Champions	Trophy.	However,	1	0.00000917
ICC	Champions	Trophy:	2013	1	0.00000917
ICC	Men's	ODI	Team	1	0.00000917
ICC	Men's	ODI	team	1	0.00000917
ICC	Men's	T20I	team	1	0.00000917
ICC	Men's	Test	Team	1	0.00000917
ICC	ODI	Cricketer	of	1	0.00000917
ICC	ODI	Team	of	1	0.00000917
ICC	ODI	batsman	rankings	1	0.00000917
ICC	People's	Choice	Award:	1	0.00000917
ICC	Spirit	of	cricket	1	0.00000917
ICC	World	Twenty20	where	1	0.00000917
ICC	World	Twenty20,	the	1	0.00000917
ICC	for	2006.	2007	1	0.00000917
ICC	limited	overs	trophies.	1	0.00000917
ICC	test	ranking	for	1	0.00000917
ICC	tournaments.	He	also	1	0.00000917
ICC.	After	the	Champions	1	0.00000917
ICC.	India	won	the	1	0.00000917
IPL	across	the	first	1	0.00000917
IPL	franchise	he	represents	1	0.00000917
IPL	franchise	with	five	1	0.00000917
IPL	title	in	2011.	1	0.00000917
IPL	title.	Dhoni	led	1	0.00000917
IPL,	as	well	as	1	0.00000917
IPL.	Ahead	of	the	1	0.00000917
IPL.	Under	his	captaincy,	1	0.00000917
Icon	of	the	Year:	1	0.00000917
In	2004,	Dhoni	was	1	0.00000917
In	2007,	Dhoni	was	1	0.00000917
In	2007,	he	became	1	0.00000917
In	2008,	Dhoni	was	1	0.00000917
In	2019,	Dhoni	Entertainment	1	0.00000917
In	2019,	Dhoni	invested	1	0.00000917
In	2019,	Jharkhand	Cricket	1	0.00000917
In	2023,	the	Mumbai	1	0.00000917
In	April	2019,	he	1	0.00000917
In	August	2017,	during	1	0.00000917
In	August	2019,	he	1	0.00000917
In	BCCI	Corporate	trophy,	1	0.00000917
In	December	2005,	Dhoni	1	0.00000917
In	December	2012,	Pakistan	1	0.00000917
In	February	2005,	Dhoni	1	0.00000917
In	February	2016,	Dhoni	1	0.00000917
In	June	2025,	he	1	0.00000917
In	November	2013,	Dhoni	1	0.00000917
In	his	last	test,	1	0.00000917
In	popular	culture	A	1	0.00000917
In	the	1998–99,	Dhoni	1	0.00000917
In	the	1999–2000	Cooch	1	0.00000917
In	the	2003/04	season,	1	0.00000917
In	the	2006	ICC	1	0.00000917
In	the	2018	Asia	1	0.00000917
In	the	Carlton	Mid	1	0.00000917
In	the	DLF	Cup	1	0.00000917
In	the	Duleep	Trophy	1	0.00000917
In	the	Indian	Premier	1	0.00000917
In	the	ODI	series	1	0.00000917
In	the	match	against	1	0.00000917
In	the	rain-shortened	final	1	0.00000917
In	the	second	game	1	0.00000917
In	the	second	match	1	0.00000917
In	the	series,	he	1	0.00000917
In	the	test	series	1	0.00000917
In	the	three-match	series,	1	0.00000917
In	the	tri-nation	tournament	1	0.00000917
India	(100*	with	Bhuvneshwar	1	0.00000917
India	200	times	in	1	0.00000917
India	A	and	Pakistan	1	0.00000917
India	A	chase	down	1	0.00000917
India	A	squad	for	1	0.00000917
India	A	squad,	he	1	0.00000917
India	B.	Jharkhand	State	1	0.00000917
India	Cements	Ltd,	the	1	0.00000917
India	League.	In	February	1	0.00000917
India	T20	World	Cup:	1	0.00000917
India	at	Chennai.	Dhoni	1	0.00000917
India	batsman	after	Sachin	1	0.00000917
India	crashing	out	of	1	0.00000917
India	failed	to	win	1	0.00000917
India	finished	as	runners-up	1	0.00000917
India	finished	as	runners-up.	1	0.00000917
India	for	a	bilateral	1	0.00000917
India	in	January	2017,	1	0.00000917
India	in	November	2009	1	0.00000917
India	in	domestic	cricket.	1	0.00000917
India	in	the	2014	1	0.00000917
India	lost	both	the	1	0.00000917
India	lost	to	West	1	0.00000917
India	lost	to	eventual	1	0.00000917
India	recorded	identical	3–1	1	0.00000917
India	remained	unbeaten.	Dhoni	1	0.00000917
India	secure	a	2–1	1	0.00000917
India	seniors	in	Challenger	1	0.00000917
India	to	victory	by	1	0.00000917
India	toured	South	Africa	1	0.00000917
India	toured	West	Indies	1	0.00000917
India	unexpectedly	crashed	out	1	0.00000917
India	until	his	resignation	1	0.00000917
India	where	Dhoni	scored	1	0.00000917
India	won	by	five	1	0.00000917
India	won	its	second	1	0.00000917
India	won	the	away	1	0.00000917
India	won	to	achieve	1	0.00000917
India's	2018	tour	of	1	0.00000917
India's	highest	sport	honour	1	0.00000917
India's	squad	for	the	1	0.00000917
India's	tour	of	Australia	1	0.00000917
India.	He	received	the	1	0.00000917
India.	India	won	its	1	0.00000917
India.	The	innings	would	1	0.00000917
Indian	Army	aircraft	in	1	0.00000917
Indian	Army	in	2011	1	0.00000917
Indian	Army	in	2011.	1	0.00000917
Indian	Cricketer	of	the	1	0.00000917
Indian	ODI	team	in	1	0.00000917
Indian	Premier	League	(IPL),	1	0.00000917
Indian	Premier	League	(IPL).	1	0.00000917
Indian	Premier	League	in	1	0.00000917
Indian	Premier	League	season.	1	0.00000917
Indian	Premier	League:	2010,	1	0.00000917
Indian	Railways.	Youth	career	1	0.00000917
Indian	Super	League.	He	1	0.00000917
Indian	Territorial	Army	(106	1	0.00000917
Indian	Territorial	Army	which	1	0.00000917
Indian	Territorial	Army:	2011	1	0.00000917
Indian	and	fifth	most	1	0.00000917
Indian	and	twelfth	overall	1	0.00000917
Indian	captain	(51)	Most	1	0.00000917
Indian	captain	and	second	1	0.00000917
Indian	captain	in	New	1	0.00000917
Indian	captain	to	have	1	0.00000917
Indian	captain	to	win	1	0.00000917
Indian	captain.	He	has	1	0.00000917
Indian	cricket	team	and	1	0.00000917
Indian	cricket	team	in	1	0.00000917
Indian	cricket	team	on	1	0.00000917
Indian	of	the	Year:	1	0.00000917
Indian	professional	cricketer	who	1	0.00000917
Indian	side	after	the	1	0.00000917
Indian	team	and	served	1	0.00000917
Indian	team	for	the	1	0.00000917
Indian	team	in	332	1	0.00000917
Indian	to	score	more	1	0.00000917
Indian	wicket-keeper	(4876)	Most	1	0.00000917
Indian	wicket-keeper	Most	stumpings	1	0.00000917
Indian	wicket-keeper	and	was	1	0.00000917
Indian	wicket-keeper.	Dhoni	played	1	0.00000917
Indian	wicketkeeper	until	it	1	0.00000917
Indian	win.	Dhoni	played	1	0.00000917
Indians	on	14	April	1	0.00000917
Indies	and	Australia,	though	1	0.00000917
Indies	and	Sri	Lanka	1	0.00000917
Indies	and	failed	to	1	0.00000917
Indies	for	a	tri-nation	1	0.00000917
Indies	in	India	where	1	0.00000917
Indies	in	the	2009	1	0.00000917
Indies.	In	the	series,	1	0.00000917
Individual	MTV	Youth	Icon	1	0.00000917
International	career	Debut	and	1	0.00000917
Ireland	and	the	subsequent	1	0.00000917
It	was	also	the	1	0.00000917
JMM	and	security	was	1	0.00000917
JSCA	stadium's	south	stand	1	0.00000917
Jadeja	handed	over	the	1	0.00000917
Jadeja	was	appointed	the	1	0.00000917
Jaipur	where	he	scored	1	0.00000917
Jammu	and	Kashmir.	While	1	0.00000917
January	2017,	ahead	of	1	0.00000917
Jawahar	Vidya	Mandir,	where	1	0.00000917
Jharkhand	Cricket	Association	named	1	0.00000917
Jharkhand	State	Cricket	Association	1	0.00000917
Jharkhand	in	the	2002–03	1	0.00000917
Jharkhand	later.	He	has	1	0.00000917
Jharkhand	lost	against	Delhi.	1	0.00000917
Jharkhand	team	in	February	1	0.00000917
Jharkhand)	in	a	Hindu	1	0.00000917
Johannesburg.	Dhoni	was	subsequently	1	0.00000917
July	1981	in	Ranchi,	1	0.00000917
July	1981)	is	an	1	0.00000917
July	2010	in	Dehradun.	1	0.00000917
July	2019,	Dhoni	played	1	0.00000917
July	2023.	Dhoni	performed	1	0.00000917
June	2007.	Dhoni	was	1	0.00000917
June	2025,	he	was	1	0.00000917
K.	Nayudu	Trophy	in	1	0.00000917
Karthik.	With	Dhoni	performing	1	0.00000917
Kashmir.	While	spending	a	1	0.00000917
Keemo	Paul.	Dhoni	was	1	0.00000917
Kenya,	India	A	and	1	0.00000917
Kenya.	Against	the	Zimbabwe	1	0.00000917
Keshav	Banerjee.	From	2001	1	0.00000917
Kharagpur	under	South	Eastern	1	0.00000917
Khel	Ratna	Award	by	1	0.00000917
Khel	Ratna	award:	2008	1	0.00000917
Kings	(CSK)	for	US$1.5	1	0.00000917
Kings	(CSK),	leading	them	1	0.00000917
Kings	Indian	Premier	League:	1	0.00000917
Kings	and	Rajasthan	Royals,	1	0.00000917
Kings	from	the	Indian	1	0.00000917
Kings.	Following	the	two-year	1	0.00000917
Kumar	Sangakkara's	record	for	1	0.00000917
Kumar)	Most	dismissals	in	1	0.00000917
LGM	which	was	released	1	0.00000917
Lal.	As	a	batsman,	1	0.00000917
Lanka	during	their	tour	1	0.00000917
Lanka	in	Colombo,	he	1	0.00000917
Lanka	in	early	2007	1	0.00000917
Lanka	in	the	final	1	0.00000917
Lanka	in	the	final.	1	0.00000917
Lanka	with	Dhoni	scoring	1	0.00000917
Lanka's	tour	of	India	1	0.00000917
Lanka.	Dhoni	got	injured	1	0.00000917
Lanka.	In	2007,	he	1	0.00000917
Lankan	bilateral	ODI	series	1	0.00000917
League	(IPL),	Dhoni	plays	1	0.00000917
League	(IPL).	He	was	1	0.00000917
League	T20	titles	in	1	0.00000917
League	Twenty20	title	in	1	0.00000917
League	Twenty20.	Chennai	won	1	0.00000917
League	in	2016	and	1	0.00000917
League	season.	Supergiants	picked	1	0.00000917
League.	He	also	co-owns	1	0.00000917
League.	In	February	2016,	1	0.00000917
League:	2010,	2011,	2018,	1	0.00000917
League:	2010,	2014	Individual	1	0.00000917
Lieutenant	Colonel,	Parachute	Regiment	1	0.00000917
Limited	(CCL)	team	in	1	0.00000917
Lion	for	Disney+	Hotstar	1	0.00000917
Lions	were	established	for	1	0.00000917
Long-off,	and	Midwicket	regions,	1	0.00000917
Long-on,	Long-off,	and	Midwicket	1	0.00000917
Ltd,	the	company	owned	1	0.00000917
Lwali	village	in	Uttar	1	0.00000917
M.S.	Dhoni:	The	Untold	1	0.00000917
MBA	but	his	son	1	0.00000917
MTV	Youth	Icon	of	1	0.00000917
Mahendra	Singh	Dhoni	([məˈɦeːnd̪ɾə	1	0.00000917
Mahendra	Singh	Dhoni,	a	1	0.00000917
Major	Dhyan	Chand	Khel	1	0.00000917
Major	Dhyanchand	Khel	Ratna	1	0.00000917
Man	of	the	Match	1	0.00000917
Man	of	the	Series	1	0.00000917
Man	of	the	match	1	0.00000917
Man	of	the	series.	1	0.00000917
Mandir,	where	he	started	1	0.00000917
Mankad	Trophy	under-16	championship.	1	0.00000917
March	2006	and	177	1	0.00000917
Markram	in	the	third	1	0.00000917
Match	award	while	also	1	0.00000917
May	2007	which	got	1	0.00000917
Melbourne,	Dhoni	announced	his	1	0.00000917
Men's	ODI	Team	of	1	0.00000917
Men's	ODI	team	of	1	0.00000917
Men's	T20I	team	of	1	0.00000917
Men's	Test	Team	of	1	0.00000917
Mid	triangular	series	in	1	0.00000917
Midwicket	regions,	rather	than	1	0.00000917
Montfort	University	in	2011.	1	0.00000917
Most	T20I	innings	(76)	1	0.00000917
Most	catches	as	wicket	1	0.00000917
Most	dismissals	by	an	1	0.00000917
Most	dismissals	in	an	1	0.00000917
Most	international	matches	as	1	0.00000917
Most	not-outs	(84)	Highest	1	0.00000917
Most	number	of	sixes	1	0.00000917
Most	runs	by	an	1	0.00000917
Most	stumpings	(195)	and	1	0.00000917
Most	stumpings	as	wicket-keeper	1	0.00000917
Most	stumpings	by	any	1	0.00000917
Most	wins	by	an	1	0.00000917
Mumbai	Cricket	Association	(MCA)	1	0.00000917
Mumbai	Indians	on	14	1	0.00000917
N.	Srinivasan.	Dhoni	is	1	0.00000917
Nayudu	Trophy	in	the	1	0.00000917
New	Zealand	in	the	1	0.00000917
New	Zealand,	India	lost	1	0.00000917
New	Zealand.	After	beating	1	0.00000917
New	Zealand.	Dhoni	led	1	0.00000917
New	Zealand.	On	15	1	0.00000917
No.	3	in	the	1	0.00000917
No.7	jersey	was	made	1	0.00000917
November	2005.	In	December	1	0.00000917
November	2006,	Dhoni	scored	1	0.00000917
November	2009	which	India	1	0.00000917
November	2013,	Dhoni	became	1	0.00000917
ODI	Cricketer	of	the	1	0.00000917
ODI	against	Bangladesh	and	1	0.00000917
ODI	against	Sri	Lanka	1	0.00000917
ODI	at	Chennai.	Dhoni	1	0.00000917
ODI	at	Jaipur	where	1	0.00000917
ODI	batsman	rankings	for	1	0.00000917
ODI	by	effecting	six	1	0.00000917
ODI	cricket	in	a	1	0.00000917
ODI	cricket.	He	has	1	0.00000917
ODI	in	the	semi-final	1	0.00000917
ODI	in	the	series	1	0.00000917
ODI	matches	and	179	1	0.00000917
ODI	matches.	India	lost	1	0.00000917
ODI	of	the	South	1	0.00000917
ODI	runs	in	Australia.	1	0.00000917
ODI	runs,	becoming	the	1	0.00000917
ODI	series	against	Pakistan.	1	0.00000917
ODI	series	at	home	1	0.00000917
ODI	series	in	Australia.	1	0.00000917
ODI	series	in	England	1	0.00000917
ODI	series	in	May	1	0.00000917
ODI	series	in	October–November	1	0.00000917
ODI	series	in	South	1	0.00000917
ODI	series	that	followed.	1	0.00000917
ODI	side	before	taking	1	0.00000917
ODI	squad	for	the	1	0.00000917
ODI	team	for	the	1	0.00000917
ODI	team	in	the	1	0.00000917
ODI	tournament	and	was	1	0.00000917
ODI	world	cup	after	1	0.00000917
ODI.	Dhoni	was	named	1	0.00000917
ODIs	Most	wins	by	1	0.00000917
ODIs	against	Australia.	India	1	0.00000917
ODIs	and	his	first	1	0.00000917
ODIs	and	was	one	1	0.00000917
ODIs	in	2009,	scoring	1	0.00000917
ODIs	in	February	2018,	1	0.00000917
ODIs	when	he	stumped	1	0.00000917
ODIs.	Dhoni	aggregated	50	1	0.00000917
ODIs.	He	has	scored	1	0.00000917
ODIs.	In	the	Indian	1	0.00000917
October	2022,	Dhoni	invested	1	0.00000917
October–November	2005	and	was	1	0.00000917
On	11	October	2022,	1	0.00000917
On	15	August	2020,	1	0.00000917
On	2	September	2007,	1	0.00000917
On	8	September	2021,	1	0.00000917
On	9	July	2019,	1	0.00000917
Others	Dhoni	was	awarded	1	0.00000917
Outside	cricket	Dhoni	holds	1	0.00000917
Padma	Bhushan	in	2018.	1	0.00000917
Padma	Bhushan:	2018	ICC	1	0.00000917
Padma	Shri	in	2009	1	0.00000917
Padma	Shri:	2009	Honorary	1	0.00000917
Pakistan	A	with	a	1	0.00000917
Pakistan	A,	Dhoni	helped	1	0.00000917
Pakistan	in	the	final.	1	0.00000917
Pakistan	scoring	219	runs	1	0.00000917
Pakistan	toured	India	for	1	0.00000917
Pakistan.	In	the	second	1	0.00000917
Pan	Singh	and	Devaki	1	0.00000917
Para	TA	battalion).	The	1	0.00000917
Parthiv	Patel	and	Dinesh	1	0.00000917
Patel	and	Dinesh	Karthik.	1	0.00000917
Paul.	Dhoni	was	not	1	0.00000917
People's	Choice	Award:	2013	1	0.00000917
Personal	life	Dhoni	married	1	0.00000917
Phelps.	Dhoni's	popularity	is	1	0.00000917
Playing	style	Dhoni	is	1	0.00000917
Post-international	retirement	On	8	1	0.00000917
Pradesh	(now	Uttarakhand)	and	1	0.00000917
Prakash	Raj	where	the	1	0.00000917
Premier	League	(IPL),	Dhoni	1	0.00000917
Premier	League	(IPL).	He	1	0.00000917
Premier	League	in	2016	1	0.00000917
Premier	League	season.	Supergiants	1	0.00000917
Premier	League:	2010,	2011,	1	0.00000917
President's	XI,	East	zone	1	0.00000917
Pune	Supergiants	and	Gujarat	1	0.00000917
Rahul	Dravid	as	the	1	0.00000917
Railway	zone	of	Indian	1	0.00000917
Railways.	Youth	career	He	1	0.00000917
Raj	where	the	plot	1	0.00000917
Rajasthan	Cricket	Association	President's	1	0.00000917
Rajasthan	Royals,	two	new	1	0.00000917
Rajput	family	to	Pan	1	0.00000917
Rajput	in	the	lead	1	0.00000917
Ranchi	Rays,	a	franchise	1	0.00000917
Ranchi	was	vandalised	and	1	0.00000917
Ranchi,	Bihar	(now	in	1	0.00000917
Ranchi,	Dhoni	made	his	1	0.00000917
Ranchi,	Dhoni	said	that	1	0.00000917
Ranchi-based	hockey	club	Ranchi	1	0.00000917
Ranchi.	Dhoni	is	an	1	0.00000917
Ranji	ODI	tournament	and	1	0.00000917
Ranji	Trophy	and	represented	1	0.00000917
Ranji	Trophy	debut	for	1	0.00000917
Ranji	Trophy	season,	he	1	0.00000917
Ranji	Trophy	season.	Apart	1	0.00000917
Ranji	matches.	Dhoni	played	1	0.00000917
Ratna	Award	by	Government	1	0.00000917
Ratna	award:	2008	ICC	1	0.00000917
Ravindra	Jadeja	was	appointed	1	0.00000917
Rawat	on	4	July	1	0.00000917
Rays,	a	franchise	of	1	0.00000917
Records	and	achievements	Tests	1	0.00000917
References	External	links	Mahendra	1	0.00000917
Rest	of	India	in	1	0.00000917
Rising	Pune	Supergiants	and	1	0.00000917
Roar	of	The	Lion	1	0.00000917
Rohit	Sharma	.	He	1	0.00000917
Rohit	Sharma	being	unavailable,	1	0.00000917
Royals,	two	new	franchises	1	0.00000917
Ruturaj	Gaikwad.	He	marked	1	0.00000917
SEVEN	which	he	co-owns	1	0.00000917
Sachin	Tendulkar	to	aggregate	1	0.00000917
Sachin	Tendulkar,	the	highest	1	0.00000917
Saha	in	2018.	In	1	0.00000917
Sakshi	Singh	Rawat	on	1	0.00000917
Sangakkara's	record	for	most	1	0.00000917
Santosh	Lal.	As	a	1	0.00000917
Second	most	matches	as	1	0.00000917
Second	most	runs	as	1	0.00000917
Seeing	the	soldiers,	I	1	0.00000917
September	2007,	Dhoni	equalled	1	0.00000917
September	2007.	Dhoni	led	1	0.00000917
September	2009	when	he	1	0.00000917
September	2016.	The	Dhoni	1	0.00000917
September	2021,	Dhoni	was	1	0.00000917
September	2024.	Dhoni	is	1	0.00000917
Series	award	after	the	1	0.00000917
Shaka	Harry,	a	plant-based	1	0.00000917
Shane	Watson.	Dhoni	ended	1	0.00000917
Sharma	.	He	has	1	0.00000917
Sharma	being	unavailable,	Dhoni	1	0.00000917
Shri	in	2009	and	1	0.00000917
Shri:	2009	Honorary	Lieutenant	1	0.00000917
Singh	Dhoni	([məˈɦeːnd̪ɾə	ˈsɪŋɡʱ	1	0.00000917
Singh	Dhoni	at	ESPNcricinfo	1	0.00000917
Singh	Dhoni	at	Wisden	1	0.00000917
Singh	Dhoni,	a	book	1	0.00000917
Singh	Rajput	in	the	1	0.00000917
Singh	Rawat	on	4	1	0.00000917
Singh	and	Devaki	Devi.	1	0.00000917
Sixth	most	sixes	in	1	0.00000917
South	Africa	and	272	1	0.00000917
South	Africa	and	New	1	0.00000917
South	Africa	at	Johannesburg.	1	0.00000917
South	Africa	in	Ireland	1	0.00000917
South	Africa	in	the	1	0.00000917
South	Africa	tour.	Though,	1	0.00000917
South	Eastern	Railway	zone	1	0.00000917
Spirit	of	cricket	award	1	0.00000917
Sports	Club,	Dhoni	contributed	1	0.00000917
Sri	Lanka	during	their	1	0.00000917
Sri	Lanka	in	Colombo,	1	0.00000917
Sri	Lanka	in	early	1	0.00000917
Sri	Lanka	with	Dhoni	1	0.00000917
Sri	Lanka's	tour	of	1	0.00000917
Sri	Lanka.	Dhoni	got	1	0.00000917
Sri	Lanka.	In	2007,	1	0.00000917
Sri	Lankan	bilateral	ODI	1	0.00000917
Srinivasan.	Dhoni	is	a	1	0.00000917
Stadium	where	he	hit	1	0.00000917
State	Cricket	Association	(JSCA)	1	0.00000917
Story,	with	Sushant	Singh	1	0.00000917
Subsequently,	Dhoni	was	part	1	0.00000917
Sundaresan.	Dhoni	(2012),	a	1	0.00000917
Super	Kings	(CSK)	for	1	0.00000917
Super	Kings	(CSK),	leading	1	0.00000917
Super	Kings	Indian	Premier	1	0.00000917
Super	Kings	and	Rajasthan	1	0.00000917
Super	Kings	from	the	1	0.00000917
Super	Kings.	Following	the	1	0.00000917
Super	League.	He	also	1	0.00000917
Supergiants	and	Gujarat	Lions	1	0.00000917
Supergiants	picked	Dhoni	as	1	0.00000917
Supergiants.	Dhoni	returned	to	1	0.00000917
Sushant	Singh	Rajput	in	1	0.00000917
T20	World	Cup.	Domestic	1	0.00000917
T20	World	Cup:	2007	1	0.00000917
T20	and	captaincy	India	1	0.00000917
T20	international	debut	in	1	0.00000917
T20	matches	for	CSK	1	0.00000917
T20	matches.	He	has	1	0.00000917
T20	titles	in	2010	1	0.00000917
T20I	innings	(5)	Combined	1	0.00000917
T20I	innings	(76)	and	1	0.00000917
T20I	squad	for	the	1	0.00000917
T20I	team	of	the	1	0.00000917
T20Is	Second	most	matches	1	0.00000917
TA	battalion).	The	honorary	1	0.00000917
TRDW.	In	2004,	Dhoni	1	0.00000917
Tamil	feature	film,	directed	1	0.00000917
Tamil	language	romantic	drama	1	0.00000917
Tamil.	Playing	style	Dhoni	1	0.00000917
Team	of	the	year.	1	0.00000917
Tendulkar	to	aggregate	more	1	0.00000917
Tendulkar,	the	highest	run	1	0.00000917
Territorial	Army	(106	Para	1	0.00000917
Territorial	Army	in	Jammu	1	0.00000917
Territorial	Army	which	was	1	0.00000917
Territorial	Army:	2011	CNN-News18	1	0.00000917
Test	Team	of	the	1	0.00000917
Test	in	Melbourne,	Dhoni	1	0.00000917
Test	matches	at	an	1	0.00000917
Test	retirement	and	2015	1	0.00000917
Tests	Most	runs	by	1	0.00000917
The	Dhoni	Touch:	unravelling	1	0.00000917
The	Indian	ODI	team	1	0.00000917
The	Lion	for	Disney+	1	0.00000917
The	No.7	jersey	was	1	0.00000917
The	Untold	Story,	with	1	0.00000917
The	first	show	developed	1	0.00000917
The	honorary	rank	was	1	0.00000917
The	innings	would	surpass	1	0.00000917
The	production	house	produced	1	0.00000917
The	spelling	"Dhoni"	emerged	1	0.00000917
Third	most	dismissals	as	1	0.00000917
Third	most	number	of	1	0.00000917
Though	Dhoni	scored	84	1	0.00000917
Though,	he	had	a	1	0.00000917
Ticket	Examiner	(TTE)	at	1	0.00000917
Touch:	unravelling	the	enigma	1	0.00000917
Tournament'	at	the	2017	1	0.00000917
Travelling	Ticket	Examiner	(TTE)	1	0.00000917
Travis	Dowlin	of	West	1	0.00000917
Trophy	and	became	the	1	0.00000917
Trophy	and	represented	East	1	0.00000917
Trophy	and	scored	176	1	0.00000917
Trophy	debut	for	Bihar	1	0.00000917
Trophy	finals,	Dhoni	represented	1	0.00000917
Trophy	in	the	1999–2000	1	0.00000917
Trophy	in	which	India	1	0.00000917
Trophy	season,	he	scored	1	0.00000917
Trophy	season.	Apart	from	1	0.00000917
Trophy	under-16	championship.	In	1	0.00000917
Trophy	where	he	started	1	0.00000917
Trophy,	India	lost	to	1	0.00000917
Trophy,	India	toured	West	1	0.00000917
Trophy,	being	the	only	1	0.00000917
Trophy,	scoring	244	runs	1	0.00000917
Trophy,	the	Bihar	U-19	1	0.00000917
Trophy.	However,	he	scored	1	0.00000917
Trophy:	2013	Chennai	Super	1	0.00000917
Twenty20	in	September	2007.	1	0.00000917
Twenty20	title	in	2014.	1	0.00000917
Twenty20	where	India	finished	1	0.00000917
Twenty20,	the	2011	Cricket	1	0.00000917
Twenty20.	Chennai	won	the	1	0.00000917
U-19	cricket	team	made	1	0.00000917
U-19	squad	for	the	1	0.00000917
U-19	team	in	the	1	0.00000917
US$1.5	million	during	the	1	0.00000917
University	in	2011.	In	1	0.00000917
Untold	Story,	with	Sushant	1	0.00000917
Uttar	Pradesh	(now	Uttarakhand)	1	0.00000917
Uttarakhand)	and	he	was	1	0.00000917
Vidya	Mandir,	where	he	1	0.00000917
Vijay	Hazare	trophy	and	1	0.00000917
Vijay's	film	G.O.A.T	that	1	0.00000917
Vinoo	Mankad	Trophy	under-16	1	0.00000917
Visakhapatnam,	Dhoni	playing	in	1	0.00000917
Wankhede	Stadium	where	he	1	0.00000917
Watson.	Dhoni	ended	the	1	0.00000917
West	Indies	and	Australia,	1	0.00000917
West	Indies	and	Sri	1	0.00000917
West	Indies	and	failed	1	0.00000917
West	Indies	for	a	1	0.00000917
West	Indies	in	India	1	0.00000917
West	Indies	in	the	1	0.00000917
West	Indies.	In	the	1	0.00000917
While	captaining	in	the	1	0.00000917
While	spending	a	day	1	0.00000917
Widely	regarded	as	one	1	0.00000917
Wisden	Almanack	as	'Uninhibited,	1	0.00000917
With	Dhoni	performing	well	1	0.00000917
World	Cup	co-hosted	by	1	0.00000917
World	Cup	final.	In	1	0.00000917
World	Cup	in	which	1	0.00000917
World	Cup	win	and	1	0.00000917
World	Cup,	Dhoni	became	1	0.00000917
World	Cup,	and	the	1	0.00000917
World	Cup.	Domestic	career	1	0.00000917
World	Cup.	Final	years	1	0.00000917
World	Cup.	On	9	1	0.00000917
World	Cup:	2007	Asia	1	0.00000917
World	Cup:	2011	ICC	1	0.00000917
World	T20	and	captaincy	1	0.00000917
World	Twenty20	in	September	1	0.00000917
World	Twenty20	where	India	1	0.00000917
World	Twenty20,	the	2011	1	0.00000917
World	cup	Dhoni	played	1	0.00000917
Wriddhiman	Saha	in	2018.	1	0.00000917
XI	cricket	team	in	1	0.00000917
XI	in	Harare	Sports	1	0.00000917
XI,	East	zone	and	1	0.00000917
Year:	2006	ICC	Men's	1	0.00000917
Year:	2006,	2008,	2009,	1	0.00000917
Year:	2008,	2009	Padma	1	0.00000917
Year:	2009,	2010,	2013	1	0.00000917
Year:	2011	Castrol	Indian	1	0.00000917
Year:	2011	ICC	People's	1	0.00000917
Youth	Icon	of	the	1	0.00000917
Youth	career	He	played	1	0.00000917
Yuzvendra	Chahal.	He	reached	1	0.00000917
Zealand	in	the	2013–14	1	0.00000917
Zealand,	India	lost	both	1	0.00000917
Zealand.	After	beating	Bangladesh	1	0.00000917
Zealand.	Dhoni	led	India	1	0.00000917
Zealand.	On	15	August	1	0.00000917
Zimbabwe	XI	in	Harare	1	0.00000917
Zimbabwe	and	Kenya.	Against	1	0.00000917
Zimbabwe	at	Auckland,	he	1	0.00000917
Ziva	Dhoni	who	was	1	0.00000917
Zone	U-19	squad	for	1	0.00000917
Zone	and	scored	a	1	0.00000917
Zone	in	the	Deodhar	1	0.00000917
Zone	lost	all	the	1	0.00000917
Zone	squad	that	won	1	0.00000917
a	"B"	grade	contract	1	0.00000917
a	20-run	win,	following	1	0.00000917
a	2–1	series	victory,	1	0.00000917
a	Hindu	Rajput	family	1	0.00000917
a	T20I	innings	(5)	1	0.00000917
a	Tamil	feature	film,	1	0.00000917
a	Tamil	language	romantic	1	0.00000917
a	Travelling	Ticket	Examiner	1	0.00000917
a	batsman,	he	is	1	0.00000917
a	bilateral	series	for	1	0.00000917
a	bilateral	series	on	1	0.00000917
a	book	by	Bharat	1	0.00000917
a	century	(128*)	against	1	0.00000917
a	century	in	the	1	0.00000917
a	co-owner	of	Chennai-based	1	0.00000917
a	cricketer	like	Dhoni.	1	0.00000917
a	cricketer,	"Since	childhood	1	0.00000917
a	cricketer.	After	completing	1	0.00000917
a	daughter,	Ziva	Dhoni	1	0.00000917
a	day	with	the	1	0.00000917
a	documentary	web	series	1	0.00000917
a	draw.	Dhoni	made	1	0.00000917
a	duck.	Dhoni	was	1	0.00000917
a	duck.	He	was	1	0.00000917
a	father	and	his	1	0.00000917
a	fellow	player	and	1	0.00000917
a	fifty	Most	stumpings	1	0.00000917
a	fighting	half-century	in	1	0.00000917
a	firm	grip	at	1	0.00000917
a	first	test	victory	1	0.00000917
a	goalkeeper,	but	later	1	0.00000917
a	good	series,	scoring	1	0.00000917
a	half-century	against	West	1	0.00000917
a	half-century	and	scored	1	0.00000917
a	honour	to	him.	1	0.00000917
a	key	stumping	opportunity	1	0.00000917
a	league	stage	match	1	0.00000917
a	long-term	business	agreement	1	0.00000917
a	losing	cause.	Dhoni	1	0.00000917
a	losing	cause.	Dhoni's	1	0.00000917
a	match	by	an	1	0.00000917
a	member	of	the	1	0.00000917
a	month	later,	Jadeja	1	0.00000917
a	number	of	bikes	1	0.00000917
a	particular	season	of	1	0.00000917
a	plant-based	protein	company.	1	0.00000917
a	powerful	hitter	of	1	0.00000917
a	proclivity	for	hitting	1	0.00000917
a	qualified	paratrooper	in	1	0.00000917
a	record	for	effecting	1	0.00000917
a	record	which	was	1	0.00000917
a	regular	in	the	1	0.00000917
a	relatively	mediocre	series	1	0.00000917
a	reputation	of	being	1	0.00000917
a	result,	Dhoni's	house	1	0.00000917
a	right-handed	batsman	and	1	0.00000917
a	right-handed	batter	and	1	0.00000917
a	run	chase,	a	1	0.00000917
a	single	match	with	1	0.00000917
a	soldier	and	not	1	0.00000917
a	special	cameo	appearance	1	0.00000917
a	special	connection	with	1	0.00000917
a	spelling	mistake	in	1	0.00000917
a	stumping),	and	in	1	0.00000917
a	successful	leader.	Dhoni	1	0.00000917
a	tour	of	Zimbabwe	1	0.00000917
a	tri-nation	tournament	against	1	0.00000917
a	two-week	stint	with	1	0.00000917
a	wicket-keeper	(183*)	Highest	1	0.00000917
a	wicket-keeper	(829)	Sixth	1	0.00000917
a	wicket-keeper	for	Commando	1	0.00000917
a	wicket-keeper	of	the	1	0.00000917
a	wicket-keeper,	he	has	1	0.00000917
a	wicket-keeper.	Widely	regarded	1	0.00000917
a	world	cup.	In	1	0.00000917
a	year	later	against	1	0.00000917
above	50	in	ODIs.	1	0.00000917
accordingly.	Dhoni	holds	the	1	0.00000917
achieve	the	top	ranking	1	0.00000917
achievements	Tests	Most	runs	1	0.00000917
acquired	by	Chennai	Super	1	0.00000917
across	390	T20	matches.	1	0.00000917
across	the	first	eight	1	0.00000917
across	the	five	innings	1	0.00000917
across	three	tests	in	1	0.00000917
across	two	seasons	for	1	0.00000917
across	various	genres.	The	1	0.00000917
activists	of	JMM	and	1	0.00000917
adjudged	Man	of	the	1	0.00000917
adjust	their	line	and	1	0.00000917
after	Dhoni.	In	2023,	1	0.00000917
after	Sachin	Tendulkar	to	1	0.00000917
after	defeating	Pakistan	in	1	0.00000917
after	defeating	Sri	Lanka	1	0.00000917
after	losing	to	Sri	1	0.00000917
after	losses	to	Bangladesh	1	0.00000917
after	the	home	series	1	0.00000917
after	the	match	against	1	0.00000917
after	the	third	game	1	0.00000917
again	in	2021	and	1	0.00000917
again	the	following	season.	1	0.00000917
against	Afghanistan	due	to	1	0.00000917
against	Australia	was	washed	1	0.00000917
against	Australia.	India	toured	1	0.00000917
against	Bangladesh	and	played	1	0.00000917
against	Bangladesh	in	the	1	0.00000917
against	Bengal	in	the	1	0.00000917
against	Chhattisgarh	and	led	1	0.00000917
against	Delhi.	Franchise	career	1	0.00000917
against	England	in	March	1	0.00000917
against	England,	India	won	1	0.00000917
against	England.	Dhoni	took	1	0.00000917
against	England.	Dhoni	was	1	0.00000917
against	England.	In	the	1	0.00000917
against	India	B.	Jharkhand	1	0.00000917
against	Mumbai	Indians	on	1	0.00000917
against	New	Zealand,	India	1	0.00000917
against	New	Zealand.	Dhoni	1	0.00000917
against	New	Zealand.	On	1	0.00000917
against	Pakistan	A	with	1	0.00000917
against	Pakistan.	In	the	1	0.00000917
against	South	Africa	and	1	0.00000917
against	South	Africa	at	1	0.00000917
against	Sri	Lanka	during	1	0.00000917
against	Sri	Lanka	in	1	0.00000917
against	Sri	Lanka.	In	1	0.00000917
against	West	Indies	and	1	0.00000917
against	West	Indies	in	1	0.00000917
against	West	Indies.	In	1	0.00000917
against	Zimbabwe	at	Auckland,	1	0.00000917
against	the	hosts	and	1	0.00000917
aggregate	more	than	thousand	1	0.00000917
aggregate	of	346	runs	1	0.00000917
aggregated	50	runs	from	1	0.00000917
agreement	with	Banijay	Asia	1	0.00000917
ahead	of	that	season	1	0.00000917
ahead	of	the	ODI	1	0.00000917
aircraft	in	the	Agra	1	0.00000917
all	ICC	limited	overs	1	0.00000917
all	formats	by	2008.	1	0.00000917
all	formats	from	2008.	1	0.00000917
all	formats.	On	2	1	0.00000917
all	group	stage	matches	1	0.00000917
all	the	matches	and	1	0.00000917
all	the	matches	in	1	0.00000917
all	the	three	matches	1	0.00000917
all	three	games	with	1	0.00000917
all	time.	Captaincy	In	1	0.00000917
all	time.	Records	and	1	0.00000917
also	becoming	the	fourth	1	0.00000917
also	being	criticised	for	1	0.00000917
also	co-owns	Ranchi-based	hockey	1	0.00000917
also	known	for	his	1	0.00000917
also	later	winning	the	1	0.00000917
also	led	CSK	to	1	0.00000917
also	led	the	teams	1	0.00000917
also	named	as	captain	1	0.00000917
also	played	for	Rajasthan	1	0.00000917
also	serving	as	its	1	0.00000917
also	set	a	record	1	0.00000917
also	the	highest	individual	1	0.00000917
also	tried	other	wicket-keeper/batsmen	1	0.00000917
ambassador	of	the	company.	1	0.00000917
ambassador.	In	2019,	Dhoni	1	0.00000917
among	the	few	batsmen	1	0.00000917
an	'A'	grade	contract	1	0.00000917
an	Indian	and	fifth	1	0.00000917
an	Indian	captain	(51)	1	0.00000917
an	Indian	captain	and	1	0.00000917
an	Indian	captain	in	1	0.00000917
an	Indian	professional	cricketer	1	0.00000917
an	Indian	wicket-keeper	(4876)	1	0.00000917
an	Indian	wicket-keeper	Most	1	0.00000917
an	Indian	wicket-keeper	and	1	0.00000917
an	Indian	wicket-keeper.	Dhoni	1	0.00000917
an	Indian	wicketkeeper	until	1	0.00000917
an	Indian	win.	Dhoni	1	0.00000917
an	ODI	against	Bangladesh	1	0.00000917
an	automotive	enthusiast	and	1	0.00000917
an	average	of	19.25.	1	0.00000917
an	average	of	23.34.	1	0.00000917
an	average	of	38	1	0.00000917
an	average	of	48	1	0.00000917
an	average	of	59.25	1	0.00000917
an	average	of	70.43	1	0.00000917
an	average	of	72.40	1	0.00000917
an	average	of	87	1	0.00000917
an	average	of	above	1	0.00000917
an	average	of	more	1	0.00000917
an	average	of	over	1	0.00000917
an	average	over	50	1	0.00000917
an	eighteen-year-old	scoring	68	1	0.00000917
an	excellent	year	in	1	0.00000917
an	honorary	doctorate	by	1	0.00000917
an	innings	(6)	and	1	0.00000917
an	innings	in	ODI	1	0.00000917
an	unbeaten	183	runs	1	0.00000917
an	unbeaten	91.	In	1	0.00000917
an	unorthodox	batsman	who	1	0.00000917
and	10773	runs	at	1	0.00000917
and	108	fifties	in	1	0.00000917
and	177	runs	in	1	0.00000917
and	179	runs	in	1	0.00000917
and	2014.	Dhoni	is	1	0.00000917
and	2015	World	cup	1	0.00000917
and	2016,	and	he	1	0.00000917
and	2023)	jointly	sharing	1	0.00000917
and	272	runs	with	1	0.00000917
and	Australia,	though	Dhoni	1	0.00000917
and	Central	Coal	Fields	1	0.00000917
and	Devaki	Devi.	His	1	0.00000917
and	Dhoni	top-scored	in	1	0.00000917
and	Dinesh	Karthik.	With	1	0.00000917
and	Gujarat	Lions	were	1	0.00000917
and	Kashmir.	While	spending	1	0.00000917
and	Kenya.	Against	the	1	0.00000917
and	Midwicket	regions,	rather	1	0.00000917
and	New	Zealand	in	1	0.00000917
and	Pakistan	A,	Dhoni	1	0.00000917
and	Phelps.	Dhoni's	popularity	1	0.00000917
and	Rajasthan	Royals,	two	1	0.00000917
and	Ravindra	Jadeja	was	1	0.00000917
and	Rest	of	India	1	0.00000917
and	Sri	Lanka	in	1	0.00000917
and	Sri	Lanka	with	1	0.00000917
and	Sri	Lanka.	Dhoni	1	0.00000917
and	a	strike	rate	1	0.00000917
and	a	stumping),	and	1	0.00000917
and	a	wicket-keeper.	Widely	1	0.00000917
and	achievements	Tests	Most	1	0.00000917
and	also	set	a	1	0.00000917
and	also	tried	other	1	0.00000917
and	became	the	first	1	0.00000917
and	captaincy	India	recorded	1	0.00000917
and	captains,	he	represented	1	0.00000917
and	career	(432)	by	1	0.00000917
and	cars	in	his	1	0.00000917
and	childhood	friend	Santosh	1	0.00000917
and	damaged	by	activists	1	0.00000917
and	did	not	qualify	1	0.00000917
and	early	years	The	1	0.00000917
and	effected	195	stumpings	1	0.00000917
and	ended	in	a	1	0.00000917
and	failed	to	make	1	0.00000917
and	fifth	most	by	1	0.00000917
and	final	ODI	against	1	0.00000917
and	final	ODI	in	1	0.00000917
and	finished	last	in	1	0.00000917
and	four	stumpings.	In	1	0.00000917
and	has	earned	a	1	0.00000917
and	he	was	a	1	0.00000917
and	he	was	the	1	0.00000917
and	helped	the	team	1	0.00000917
and	his	brand	value	1	0.00000917
and	his	first	in	1	0.00000917
and	his	son	with	1	0.00000917
and	his	wife	have	1	0.00000917
and	holds	the	record	1	0.00000917
and	hook	shots	off	1	0.00000917
and	in	test	cricket	1	0.00000917
and	in	the	2001–02	1	0.00000917
and	in	the	process,	1	0.00000917
and	is	one	of	1	0.00000917
and	is	the	most	1	0.00000917
and	just	29	runs	1	0.00000917
and	later	Dhoni	led	1	0.00000917
and	led	CSK	to	1	0.00000917
and	led	his	team	1	0.00000917
and	led	the	team	1	0.00000917
and	length	accordingly.	Dhoni	1	0.00000917
and	missed	dismissal	chances	1	0.00000917
and	not	a	cricketer,	1	0.00000917
and	on	25	February	1	0.00000917
and	only	wicket	in	1	0.00000917
and	only	wicket-keeper	to	1	0.00000917
and	owns	a	number	1	0.00000917
and	played	his	first	1	0.00000917
and	precision	to	clear	1	0.00000917
and	produced	by	Prakash	1	0.00000917
and	qualified	for	Champions	1	0.00000917
and	represented	East	Zone	1	0.00000917
and	retirement	Dhoni	led	1	0.00000917
and	runs	(1,153)	before	1	0.00000917
and	scored	176	runs	1	0.00000917
and	scored	362	runs	1	0.00000917
and	scored	a	fighting	1	0.00000917
and	scored	only	97	1	0.00000917
and	second	most	overall	1	0.00000917
and	security	was	tightened	1	0.00000917
and	series	against	West	1	0.00000917
and	served	as	the	1	0.00000917
and	seven	stumpings.	Dhoni	1	0.00000917
and	simultaneously	became	brand	1	0.00000917
and	strike	rate	over	1	0.00000917
and	successful	captains	of	1	0.00000917
and	ten	final	appearances.	1	0.00000917
and	the	2013	ICC	1	0.00000917
and	the	Australia	tour	1	0.00000917
and	the	fans	often	1	0.00000917
and	the	first	non-Australian	1	0.00000917
and	the	only	captain	1	0.00000917
and	the	subsequent	seven-match	1	0.00000917
and	their	return	to	1	0.00000917
and	third	highest	civilian	1	0.00000917
and	thus,	becoming	the	1	0.00000917
and	topped	the	ICC	1	0.00000917
and	twelfth	overall	to	1	0.00000917
and	was	awarded	the	1	0.00000917
and	was	described	in	1	0.00000917
and	was	named	player	1	0.00000917
and	was	one	of	1	0.00000917
and	was	part	of	1	0.00000917
and	was	promoted	to	1	0.00000917
and	was	retained	for	1	0.00000917
and	was	retired	by	1	0.00000917
and	was	run	out	1	0.00000917
and	was	the	captain	1	0.00000917
and	wicket-keeper)	ICC	Men's	1	0.00000917
and	wicket-keeper)	ICC	Spirit	1	0.00000917
and	wicket-keeper.	Dhoni	is	1	0.00000917
and	wicketkeeper	of	the	1	0.00000917
and	winning	it	five	1	0.00000917
and,	despite	repeated	attempts	1	0.00000917
another	score	over	fifty	1	0.00000917
any	wicket-keeper	(123)	T20Is	1	0.00000917
any	wicket-keeper	(294)	ODIs	1	0.00000917
anything	but	crude'.	It	1	0.00000917
appearance	for	CSK	in	1	0.00000917
appearance	in	Vijay's	film	1	0.00000917
appearances	in	the	IPL.	1	0.00000917
appearances.	Dhoni	became	the	1	0.00000917
appointed	as	the	mentor	1	0.00000917
appointed	captain	of	the	1	0.00000917
appointed	him	captain	of	1	0.00000917
appointed	the	new	captain.	1	0.00000917
approachability	and	has	earned	1	0.00000917
as	"Dhauni".	The	spelling	1	0.00000917
as	'Uninhibited,	yet	anything	1	0.00000917
as	East	Zone	lost	1	0.00000917
as	a	Travelling	Ticket	1	0.00000917
as	a	cricketer.	After	1	0.00000917
as	a	goalkeeper,	but	1	0.00000917
as	a	honour	to	1	0.00000917
as	a	right-handed	batter	1	0.00000917
as	a	wicket-keeper	(829)	1	0.00000917
as	a	wicket-keeper	for	1	0.00000917
as	a	wicket-keeper	of	1	0.00000917
as	an	eighteen-year-old	scoring	1	0.00000917
as	being	the	first	1	0.00000917
as	captain	(200)	First	1	0.00000917
as	captain	(332)	Most	1	0.00000917
as	captain	(6641)	Third	1	0.00000917
as	captain	(72)	Most	1	0.00000917
as	captain	and	wicket-keeper	1	0.00000917
as	captain	and	wicketkeeper	1	0.00000917
as	hard-hitting	batting	style.	1	0.00000917
as	its	brand	ambassador.	1	0.00000917
as	one	of	their	1	0.00000917
as	runners-up	after	losing	1	0.00000917
as	runners-up.	In	August	1	0.00000917
as	the	captain	and	1	0.00000917
as	the	mentor	of	1	0.00000917
as	the	team	lost	1	0.00000917
as	the	wicket-keeper	to	1	0.00000917
as	well	as	being	1	0.00000917
as	well	as	hard-hitting	1	0.00000917
as	wicket	keeper	in	1	0.00000917
as	wicket-keeper	(34)	Most	1	0.00000917
at	0.08	seconds,	when	1	0.00000917
at	Auckland,	he	made	1	0.00000917
at	Chennai.	Dhoni	led	1	0.00000917
at	Chennai.	Dhoni	scored	1	0.00000917
at	ESPNcricinfo	Mahendra	Singh	1	0.00000917
at	Jaipur	where	he	1	0.00000917
at	Johannesburg.	Dhoni	was	1	0.00000917
at	Kharagpur	under	South	1	0.00000917
at	a	strike	rate	1	0.00000917
at	club	cricket,	he	1	0.00000917
at	home	against	England.	1	0.00000917
at	the	2017	ICC	1	0.00000917
at	the	Wankhede	Stadium	1	0.00000917
at	the	bottom	of	1	0.00000917
at	the	start	of	1	0.00000917
attempts	by	his	family,	1	0.00000917
auction	for	the	2022	1	0.00000917
auction	for	the	inaugural	1	0.00000917
auction.	Dhoni	scored	414	1	0.00000917
automotive	enthusiast	and	owns	1	0.00000917
average	of	19.25.	While	1	0.00000917
average	of	23.34.	During	1	0.00000917
average	of	38	and	1	0.00000917
average	of	48	including	1	0.00000917
average	of	59.25	and	1	0.00000917
average	of	70.43	and	1	0.00000917
average	of	72.40	with	1	0.00000917
average	of	87	including	1	0.00000917
average	of	above	50	1	0.00000917
average	of	more	than	1	0.00000917
average	of	over	50	1	0.00000917
average	over	50	and	1	0.00000917
averaged	more	than	60	1	0.00000917
averages	in	ODI	cricket.	1	0.00000917
averaging	more	than	100	1	0.00000917
award	Padma	Bhushan	in	1	0.00000917
award	Padma	Shri	in	1	0.00000917
award	after	the	third	1	0.00000917
award	of	the	decade:	1	0.00000917
award	while	also	later	1	0.00000917
award:	2008	ICC	ODI	1	0.00000917
awarded	India's	highest	sport	1	0.00000917
awarded	a	"B"	grade	1	0.00000917
awarded	an	'A'	grade	1	0.00000917
awarded	an	honorary	doctorate	1	0.00000917
awarded	the	Man	of	1	0.00000917
away	ODI	series	in	1	0.00000917
away.	Dhoni	played	for	1	0.00000917
back	centuries.	International	career	1	0.00000917
back	to	Dhoni	in	1	0.00000917
back	to	back	centuries.	1	0.00000917
ball	and	is	one	1	0.00000917
ball	with	force	and	1	0.00000917
balls	in	the	third	1	0.00000917
balls	including	16	runs	1	0.00000917
balls,	his	tenth	century	1	0.00000917
balls,	winning	the	game	1	0.00000917
ban	of	Chennai	Super	1	0.00000917
based	on	Dhoni's	life	1	0.00000917
bat	with	a	firm	1	0.00000917
batsman	after	Sachin	Tendulkar	1	0.00000917
batsman	and	wicket-keeper.	Dhoni	1	0.00000917
batsman	rankings	for	several	1	0.00000917
batsman	who	deviates	from	1	0.00000917
batsman,	he	is	recognised	1	0.00000917
batsmen	and	captains,	he	1	0.00000917
batsmen	to	have	scored	1	0.00000917
battalion).	The	honorary	rank	1	0.00000917
batted	higher	up	the	1	0.00000917
batted	with	India	crashing	1	0.00000917
batted.	Test	retirement	and	1	0.00000917
batter	and	a	wicket-keeper.	1	0.00000917
batting	order	in	the	1	0.00000917
batting	style.	In	the	1	0.00000917
batting	talent	and	also	1	0.00000917
batting	technique.	Dhoni	displays	1	0.00000917
be	$80.3	million	by	1	0.00000917
be	the	same".	Dhoni	1	0.00000917
beating	Bangladesh	in	the	1	0.00000917
became	a	qualified	paratrooper	1	0.00000917
became	a	regular	in	1	0.00000917
became	brand	ambassador	of	1	0.00000917
became	the	captain	of	1	0.00000917
became	the	first	Indian	1	0.00000917
became	the	first	and	1	0.00000917
became	the	first	cricketer	1	0.00000917
became	the	first	player	1	0.00000917
became	the	first	wicket-keeper	1	0.00000917
became	the	most	successful	1	0.00000917
became	the	second	India	1	0.00000917
became	the	third	overall	1	0.00000917
become	a	cricketer	like	1	0.00000917
become	a	soldier	and	1	0.00000917
becoming	the	second	Indian	1	0.00000917
been	praised	for	his	1	0.00000917
been	rectified.	Dhoni	did	1	0.00000917
before	representing	Jharkhand	later.	1	0.00000917
before	scoring	a	fifty	1	0.00000917
before	taking	over	in	1	0.00000917
before	the	auction	for	1	0.00000917
behind	the	stumps	while	1	0.00000917
being	a	successful	leader.	1	0.00000917
being	criticised	for	the	1	0.00000917
being	named	man	of	1	0.00000917
being	the	first	wicket-keeper	1	0.00000917
being	the	only	captain	1	0.00000917
being	unavailable,	Dhoni	became	1	0.00000917
between	the	wickets.	He	1	0.00000917
bikes	and	cars	in	1	0.00000917
bilateral	ODI	series	in	1	0.00000917
bilateral	series	for	the	1	0.00000917
bilateral	series	on	Australian	1	0.00000917
book	by	Bharat	Sundaresan.	1	0.00000917
born	7	July	1981)	1	0.00000917
born	on	6	February	1	0.00000917
born	on	7	July	1	0.00000917
both	the	series.	Dhoni	1	0.00000917
both	the	series.	Subsequently,	1	0.00000917
both	these	matches	and	1	0.00000917
bottom	of	the	handle,	1	0.00000917
boundary.	He	is	a	1	0.00000917
bowled	Travis	Dowlin	of	1	0.00000917
bowler	to	adjust	their	1	0.00000917
brand	SEVEN	which	he	1	0.00000917
brand	ambassador	of	the	1	0.00000917
brand	ambassador.	In	2019,	1	0.00000917
brand	value	was	projected	1	0.00000917
broken	by	Wriddhiman	Saha	1	0.00000917
broken	seven	years	later	1	0.00000917
business	agreement	with	Banijay	1	0.00000917
but	continued	playing	in	1	0.00000917
but	crude'.	It	was	1	0.00000917
but	his	son	wanting	1	0.00000917
but	later	moved	to	1	0.00000917
but	was	ruled	out	1	0.00000917
by	2008.	Dhoni	retired	1	0.00000917
by	BCCI	in	June	1	0.00000917
by	Bharat	Sundaresan.	Dhoni	1	0.00000917
by	Chennai	Super	Kings	1	0.00000917
by	De	Montfort	University	1	0.00000917
by	Dhoni	and	was	1	0.00000917
by	Duff	and	Phelps.	1	0.00000917
by	Government	of	India.	1	0.00000917
by	India.	India	won	1	0.00000917
by	Prakash	Raj	where	1	0.00000917
by	Shane	Watson.	Dhoni	1	0.00000917
by	Wriddhiman	Saha	in	1	0.00000917
by	a	fellow	player	1	0.00000917
by	a	wicket-keeper	(183*)	1	0.00000917
by	activists	of	JMM	1	0.00000917
by	an	Indian	and	1	0.00000917
by	an	Indian	wicket-keeper.	1	0.00000917
by	an	Indian	wicketkeeper	1	0.00000917
by	any	wicket-keeper	(123)	1	0.00000917
by	any	wicket-keeper	(294)	1	0.00000917
by	dedicating	seats	(J282–J286)	1	0.00000917
by	effecting	six	dismissals	1	0.00000917
by	five	runs	on	1	0.00000917
by	former	BCCI	president	1	0.00000917
by	his	family,	has	1	0.00000917
by	one	wicket.	In	1	0.00000917
by	rain	and	ended	1	0.00000917
by	the	BCCI	in	1	0.00000917
by	the	BCCI.	Dhoni	1	0.00000917
by	the	ICC	for	1	0.00000917
by	the	ICC.	After	1	0.00000917
by	the	ICC.	India	1	0.00000917
by	the	company	was	1	0.00000917
call	him	'Thala'	meaning	1	0.00000917
cameo	appearance	in	Vijay's	1	0.00000917
camp,	he	became	a	1	0.00000917
campaign,	he	scored	just	1	0.00000917
captain	(200)	First	player	1	0.00000917
captain	(332)	Most	stumpings	1	0.00000917
captain	(51)	Most	dismissals	1	0.00000917
captain	(6641)	Third	most	1	0.00000917
captain	(72)	Most	T20I	1	0.00000917
captain	Rohit	Sharma	being	1	0.00000917
captain	and	second	most	1	0.00000917
captain	and	wicketkeeper	of	1	0.00000917
captain	in	New	Zealand.	1	0.00000917
captain	in	international	cricket	1	0.00000917
captain	of	India	in	1	0.00000917
captain	of	all	formats	1	0.00000917
captain	of	the	Jharkhand	1	0.00000917
captain	of	the	ODI	1	0.00000917
captain	of	the	side	1	0.00000917
captain	to	have	an	1	0.00000917
captain	to	win	100	1	0.00000917
captain	to	win	all	1	0.00000917
captain	to	win	three	1	0.00000917
captain.	He	has	led	1	0.00000917
captain.	However,	a	month	1	0.00000917
captaincy	India	recorded	identical	1	0.00000917
captaincy	ahead	of	that	1	0.00000917
captaincy	back	to	Dhoni	1	0.00000917
captaincy	to	Ruturaj	Gaikwad.	1	0.00000917
captaincy,	CSK	became	the	1	0.00000917
captaincy,	CSK	won	the	1	0.00000917
captaincy,	approachability	and	has	1	0.00000917
captained	the	Indian	team	1	0.00000917
captained	the	most	international	1	0.00000917
captaining	in	the	group	1	0.00000917
captains	of	all	time.	1	0.00000917
captains,	he	represented	the	1	0.00000917
career	(359)	Honours	India	1	0.00000917
career	(432)	by	an	1	0.00000917
career	Debut	and	early	1	0.00000917
career	Dhoni	played	for	1	0.00000917
career	Dhoni	was	acquired	1	0.00000917
career	He	played	as	1	0.00000917
career,	making	him	one	1	0.00000917
career.	Dhoni	has	one	1	0.00000917
cars	in	his	collection.	1	0.00000917
catches	and	a	stumping),	1	0.00000917
catches	and	effected	195	1	0.00000917
catches	and	four	stumpings.	1	0.00000917
catches	and	missed	dismissal	1	0.00000917
catches	and	seven	stumpings.	1	0.00000917
catches	as	wicket	keeper	1	0.00000917
cause.	Dhoni	was	identified	1	0.00000917
cause.	Dhoni's	contribution	in	1	0.00000917
centuries	and	108	fifties	1	0.00000917
centuries	during	Sri	Lanka's	1	0.00000917
centuries.	International	career	Debut	1	0.00000917
century	(128*)	against	Assam	1	0.00000917
century	against	Chhattisgarh	and	1	0.00000917
century	in	ODIs	and	1	0.00000917
century	in	the	first	1	0.00000917
century	in	the	second	1	0.00000917
century	while	playing	for	1	0.00000917
century,	his	performance	in	1	0.00000917
certificates	and,	despite	repeated	1	0.00000917
champions	Australia	in	the	1	0.00000917
championship.	In	the	1998–99,	1	0.00000917
chances	including	a	key	1	0.00000917
chase	down	their	target	1	0.00000917
chase,	a	record	which	1	0.00000917
childhood	I	wanted	to	1	0.00000917
childhood	friend	Santosh	Lal.	1	0.00000917
childhood	to	the	2011	1	0.00000917
children.	His	family	spells	1	0.00000917
city	of	Chennai	whose	1	0.00000917
civilian	award	Padma	Bhushan	1	0.00000917
civilian	award	Padma	Shri	1	0.00000917
claim	all	ICC	limited	1	0.00000917
class	debut	for	Bihar	1	0.00000917
clear	the	boundary.	He	1	0.00000917
clocked	at	0.08	seconds,	1	0.00000917
club	Chennaiyin	FC,	a	1	0.00000917
club	Ranchi	Rays,	a	1	0.00000917
club	cricket,	he	was	1	0.00000917
club	from	1995	to	1	0.00000917
co-hosted	by	India.	India	1	0.00000917
co-owner	of	Chennai-based	football	1	0.00000917
co-owns	Ranchi-based	hockey	club	1	0.00000917
co-owns	while	also	serving	1	0.00000917
coach	Keshav	Banerjee.	From	1	0.00000917
coaching	manuals	to	showcase	1	0.00000917
collection.	Career	statistics	Dhoni	1	0.00000917
company	in	2013.	In	1	0.00000917
company	owned	by	former	1	0.00000917
company	was	a	documentary	1	0.00000917
company.	In	2019,	Dhoni	1	0.00000917
company.	On	11	October	1	0.00000917
compared	to	Sachin	Tendulkar,	1	0.00000917
completed	a	two-week	stint	1	0.00000917
completing	five	parachute	training	1	0.00000917
conflicting	interests	of	a	1	0.00000917
connection	with	the	city	1	0.00000917
consecutive	50-plus	scores	against	1	0.00000917
consecutive	IPL	title	in	1	0.00000917
content	across	various	genres.	1	0.00000917
continued	playing	in	limited	1	0.00000917
contract	by	BCCI	in	1	0.00000917
contract	by	the	BCCI.	1	0.00000917
contributed	seven	catches	and	1	0.00000917
contribution	as	well	as	1	0.00000917
contribution	in	the	tournament	1	0.00000917
conventional	Cover	region.	He	1	0.00000917
conventional	coaching	manuals	to	1	0.00000917
cool".	Personal	life	Dhoni	1	0.00000917
cool-headed	demeanor	on	the	1	0.00000917
crashed	out	in	the	1	0.00000917
crashing	out	of	the	1	0.00000917
cricket	Dhoni	holds	an	1	0.00000917
cricket	and	also	set	1	0.00000917
cricket	award	of	the	1	0.00000917
cricket	club	from	1995	1	0.00000917
cricket	from	2008	to	1	0.00000917
cricket	in	2014	but	1	0.00000917
cricket	in	a	run	1	0.00000917
cricket	including	10,000	plus	1	0.00000917
cricket	on	30	September	1	0.00000917
cricket	on	the	suggestion	1	0.00000917
cricket	team	and	was	1	0.00000917
cricket	team	in	all	1	0.00000917
cricket	team	in	the	1	0.00000917
cricket	team	made	it	1	0.00000917
cricket	team	on	23	1	0.00000917
cricket	team	since	1999	1	0.00000917
cricket	till	2019.	He	1	0.00000917
cricket	to	claim	all	1	0.00000917
cricket,	clocked	at	0.08	1	0.00000917
cricket,	he	was	picked	1	0.00000917
cricket.	He	has	scored	1	0.00000917
cricket.	In	BCCI	Corporate	1	0.00000917
cricket.	Post-international	retirement	On	1	0.00000917
cricket.	The	No.7	jersey	1	0.00000917
cricketer	like	Dhoni.	References	1	0.00000917
cricketer	to	lead	India	1	0.00000917
cricketer	who	plays	as	1	0.00000917
cricketer,	"Since	childhood	I	1	0.00000917
cricketer.	After	completing	five	1	0.00000917
cricketers	in	the	world.	1	0.00000917
criticised	for	the	lack	1	0.00000917
criticism	of	his	wicket-keeping.	1	0.00000917
crore	(US$1.4	million)	before	1	0.00000917
crude'.	It	was	also	1	0.00000917
culture	A	film	based	1	0.00000917
cup	Dhoni	played	his	1	0.00000917
cup	after	defeating	Sri	1	0.00000917
cup	win,	titled	M.S.	1	0.00000917
cup.	In	the	match	1	0.00000917
damaged	by	activists	of	1	0.00000917
daughter,	Ziva	Dhoni	who	1	0.00000917
day	I'll	be	the	1	0.00000917
day	with	the	parachute	1	0.00000917
dealt	with	the	ban	1	0.00000917
debut	for	Bihar	against	1	0.00000917
debut	for	Bihar	in	1	0.00000917
debut	for	the	Indian	1	0.00000917
debut	in	December	2006	1	0.00000917
debut	in	the	first	1	0.00000917
debut	in	the	same	1	0.00000917
debut	match,	that	was	1	0.00000917
decade:	2011–2020	ICC	Cricket	1	0.00000917
decided	to	honour	him	1	0.00000917
dedicating	seats	(J282–J286)	at	1	0.00000917
defeating	Pakistan	in	the	1	0.00000917
defeating	Sri	Lanka	in	1	0.00000917
deliveries	often	putting	pressure	1	0.00000917
deliveries	towards	the	Long-on,	1	0.00000917
deliveries	which	surpassed	the	1	0.00000917
demeanor	on	the	field	1	0.00000917
described	in	Wisden	Almanack	1	0.00000917
despite	repeated	attempts	by	1	0.00000917
developed	a	special	connection	1	0.00000917
developed	by	the	company	1	0.00000917
deviates	from	conventional	coaching	1	0.00000917
did	his	schooling	from	1	0.00000917
did	not	include	another	1	0.00000917
did	not	qualify	for	1	0.00000917
didn't	lack	in	batting	1	0.00000917
different	limited	overs	ICC	1	0.00000917
directed	and	produced	by	1	0.00000917
dismissal	chances	including	a	1	0.00000917
dismissals	(eight	catches	and	1	0.00000917
dismissals	against	England.	Dhoni	1	0.00000917
dismissals	as	a	wicket-keeper	1	0.00000917
dismissals	by	an	Indian	1	0.00000917
dismissals	in	ODIs	in	1	0.00000917
dismissals	in	a	match	1	0.00000917
dismissing	Keemo	Paul.	Dhoni	1	0.00000917
displays	a	proclivity	for	1	0.00000917
division.	Based	on	his	1	0.00000917
do	so.	In	2008,	1	0.00000917
do	so.	In	the	1	0.00000917
doctorate	by	De	Montfort	1	0.00000917
documentary	web	series	titled	1	0.00000917
domestic	cricket.	In	BCCI	1	0.00000917
domestic	list-A	century	against	1	0.00000917
down	as	the	captain	1	0.00000917
down	from	captaincy	ahead	1	0.00000917
down	their	target	of	1	0.00000917
draft	picks	on	15	1	0.00000917
drama	LGM	which	was	1	0.00000917
draw.	Dhoni	made	his	1	0.00000917
dropped	multiple	catches	and	1	0.00000917
duck.	Dhoni	was	picked	1	0.00000917
duck.	He	was	also	1	0.00000917
ducks	in	both	these	1	0.00000917
due	to	a	spelling	1	0.00000917
due	to	regular	captain	1	0.00000917
during	India's	2018	tour	1	0.00000917
during	India's	tour	of	1	0.00000917
during	Sri	Lanka's	tour	1	0.00000917
during	the	auction	for	1	0.00000917
during	the	fifth	and	1	0.00000917
during	their	tour	of	1	0.00000917
early	2000s	saw	Rahul	1	0.00000917
early	2007	with	Dhoni	1	0.00000917
early	years	The	Indian	1	0.00000917
earned	a	reputation	of	1	0.00000917
earned	him	the	monicker	1	0.00000917
edition	and	qualified	for	1	0.00000917
effect	100	stumpings	in	1	0.00000917
effected	195	stumpings	in	1	0.00000917
effected	nine	dismissals	(eight	1	0.00000917
effected	the	fastest	stumping	1	0.00000917
effecting	400	dismissals	in	1	0.00000917
effecting	six	dismissals	against	1	0.00000917
effecting	the	most	dismissals	1	0.00000917
eight	seasons	for	the	1	0.00000917
eighteen-year-old	scoring	68	runs	1	0.00000917
eighth	wicket	partnership	for	1	0.00000917
emerged	due	to	a	1	0.00000917
emerging	talents	via	the	1	0.00000917
ended	in	a	draw.	1	0.00000917
ended	the	series	with	1	0.00000917
enigma	that	is	Mahendra	1	0.00000917
ensure	that	the	wicket-keeper	1	0.00000917
entered	into	a	long-term	1	0.00000917
enthusiast	and	owns	a	1	0.00000917
equalled	Adam	Gilchrist's	international	1	0.00000917
established	for	the	2016	1	0.00000917
eventual	champions	Australia	in	1	0.00000917
ever	ODI	world	cup	1	0.00000917
ever	domestic	list-A	century	1	0.00000917
excellent	year	in	ODIs	1	0.00000917
expensive	signing	in	the	1	0.00000917
failed	to	make	it	1	0.00000917
failed	to	win	a	1	0.00000917
family	spells	the	surname	1	0.00000917
family	to	Pan	Singh	1	0.00000917
family,	has	never	been	1	0.00000917
family.	Dhoni	scored	91*	1	0.00000917
fans	often	call	him	1	0.00000917
farmhouse	outside	Ranchi.	Dhoni	1	0.00000917
fast	reflexes	behind	the	1	0.00000917
fastest	men	in	running	1	0.00000917
fastest	stumping	in	the	1	0.00000917
father	and	his	son	1	0.00000917
father	wanting	his	son	1	0.00000917
feature	film,	directed	and	1	0.00000917
fellow	player	and	childhood	1	0.00000917
few	batsmen	to	have	1	0.00000917
field	which	has	earned	1	0.00000917
fifth	and	final	ODI	1	0.00000917
fifth	most	by	any	1	0.00000917
fifth	one-day	international,	scored	1	0.00000917
fifties	in	four	Ranji	1	0.00000917
fifties	in	his	international	1	0.00000917
fifties,	17	catches	and	1	0.00000917
fifty	Most	stumpings	as	1	0.00000917
fifty	and	in	the	1	0.00000917
fighting	half-century	in	the	1	0.00000917
film	G.O.A.T	that	was	1	0.00000917
film	based	on	Dhoni's	1	0.00000917
film,	directed	and	produced	1	0.00000917
final	ODI	against	Sri	1	0.00000917
final	ODI	in	the	1	0.00000917
final	against	England,	India	1	0.00000917
final	appearances.	Dhoni	became	1	0.00000917
final	on	ten	occasions	1	0.00000917
final	over	to	take	1	0.00000917
final	where	Jharkhand	lost	1	0.00000917
final	where	he	was	1	0.00000917
final	with	Dhoni	being	1	0.00000917
final.	Dhoni	was	later	1	0.00000917
final.	He	was	named	1	0.00000917
final.	In	popular	culture	1	0.00000917
finals	in	the	first	1	0.00000917
finals,	Dhoni	represented	East	1	0.00000917
finals,	he	became	the	1	0.00000917
finals,	where	Dhoni	made	1	0.00000917
finals.	In	the	2006	1	0.00000917
finished	as	runners-up	after	1	0.00000917
finished	as	runners-up.	In	1	0.00000917
finished	last	in	the	1	0.00000917
finished	the	season	with	1	0.00000917
finishing	skills	in	high-pressure	1	0.00000917
firm	grip	at	the	1	0.00000917
first	Indian	captain	to	1	0.00000917
first	ODI	at	Chennai.	1	0.00000917
first	and	only	wicket	1	0.00000917
first	and	the	only	1	0.00000917
first	class	debut	for	1	0.00000917
first	cricketer	to	lead	1	0.00000917
first	eight	seasons	for	1	0.00000917
first	ever	domestic	list-A	1	0.00000917
first	in	a	bilateral	1	0.00000917
first	in	over	three	1	0.00000917
first	non-Australian	captain	to	1	0.00000917
first	player	to	play	1	0.00000917
first	season	of	IPL.	1	0.00000917
first	show	developed	by	1	0.00000917
first	test	a	year	1	0.00000917
first	test	victory	in	1	0.00000917
first	test,	but	was	1	0.00000917
first	time	in	five	1	0.00000917
first	time	in	its	1	0.00000917
first	wicket-keeper	to	do	1	0.00000917
first	wicket-keeper	to	effect	1	0.00000917
first-class	century	while	playing	1	0.00000917
five	ODI	matches	and	1	0.00000917
five	ODI	series	that	1	0.00000917
five	draft	picks	on	1	0.00000917
five	fifties	in	four	1	0.00000917
five	fifties,	17	catches	1	0.00000917
five	innings	he	batted.	1	0.00000917
five	parachute	training	jumps	1	0.00000917
five	runs	on	DLS	1	0.00000917
five	tests	including	his	1	0.00000917
five	thousand	runs	in	1	0.00000917
five	times	(2010,	2011,	1	0.00000917
five	title	wins	and	1	0.00000917
five	years	and	Dhoni	1	0.00000917
followed	and	the	Australia	1	0.00000917
followed,	Dhoni	scored	114	1	0.00000917
followed.	Dhoni	dropped	multiple	1	0.00000917
followers	on	social	media	1	0.00000917
following	his	unbeaten	four-ball	1	0.00000917
following	season.	Under	his	1	0.00000917
following	the	stumping	of	1	0.00000917
football	as	a	goalkeeper,	1	0.00000917
football	club	Chennaiyin	FC,	1	0.00000917
for	2006.	2007	World	1	0.00000917
for	ACC	Asia	XI	1	0.00000917
for	Air	India	until	1	0.00000917
for	Bihar	U-19	team	1	0.00000917
for	Bihar	against	Assam	1	0.00000917
for	Bihar	against	Bengal	1	0.00000917
for	Bihar	in	1999.	1	0.00000917
for	Bihar	state	cricket	1	0.00000917
for	CSK	and	holds	1	0.00000917
for	CSK	in	that	1	0.00000917
for	Champions	League	Twenty20.	1	0.00000917
for	Chennai	Super	Kings	1	0.00000917
for	Commando	cricket	club	1	0.00000917
for	Disney+	Hotstar	in	1	0.00000917
for	India	(100*	with	1	0.00000917
for	India	seniors	in	1	0.00000917
for	India.	The	innings	1	0.00000917
for	Jharkhand	in	the	1	0.00000917
for	Rajasthan	Cricket	Association	1	0.00000917
for	US$1.5	million	during	1	0.00000917
for	a	bilateral	series	1	0.00000917
for	a	duck.	Dhoni	1	0.00000917
for	a	duck.	He	1	0.00000917
for	a	tour	of	1	0.00000917
for	a	tri-nation	tournament	1	0.00000917
for	effecting	the	most	1	0.00000917
for	his	cool-headed	demeanor	1	0.00000917
for	his	family.	Dhoni	1	0.00000917
for	his	fast	reflexes	1	0.00000917
for	his	finishing	skills	1	0.00000917
for	his	lower-order	contribution	1	0.00000917
for	his	service	to	1	0.00000917
for	his	unorthodox	captaincy,	1	0.00000917
for	hitting	full-length	deliveries	1	0.00000917
for	most	appearances	in	1	0.00000917
for	most	of	the	1	0.00000917
for	most	stumpings	in	1	0.00000917
for	scoring	45	runs	1	0.00000917
for	scoring	an	unbeaten	1	0.00000917
for	several	months.	He	1	0.00000917
for	the	1997/98	season	1	0.00000917
for	the	2007	Cricket	1	0.00000917
for	the	2007	Future	1	0.00000917
for	the	2011	Cricket	1	0.00000917
for	the	2016	Indian	1	0.00000917
for	the	2017-18	Vijay	1	0.00000917
for	the	2018	season.	1	0.00000917
for	the	2019	Cricket	1	0.00000917
for	the	2021	T20	1	0.00000917
for	the	2022	season.	1	0.00000917
for	the	Bangladesh	tour	1	0.00000917
for	the	C.	K.	1	0.00000917
for	the	Indian	cricket	1	0.00000917
for	the	ODI	series	1	0.00000917
for	the	Super	Kings.	1	0.00000917
for	the	Supergiants.	Dhoni	1	0.00000917
for	the	T20I	squad	1	0.00000917
for	the	finals.	In	1	0.00000917
for	the	inaugural	World	1	0.00000917
for	the	inaugural	season	1	0.00000917
for	the	lack	of	1	0.00000917
for	the	most	dismissals	1	0.00000917
for	the	series	that	1	0.00000917
for	the	subsequent	ODI	1	0.00000917
for	₹12	crore	(US$1.4	1	0.00000917
for	₹125	million	(US$1.5	1	0.00000917
force	and	precision	to	1	0.00000917
formally	announced	his	retirement	1	0.00000917
format.	In	his	last	1	0.00000917
formats	by	2008.	Dhoni	1	0.00000917
formats	from	2007	to	1	0.00000917
formats	from	2008.	He	1	0.00000917
formats.	On	2	September	1	0.00000917
former	BCCI	president	N.	1	0.00000917
four	Ranji	matches.	Dhoni	1	0.00000917
four	innings	at	an	1	0.00000917
four	matches	in	the	1	0.00000917
four	matches,	as	East	1	0.00000917
four	matches.	In	the	1	0.00000917
four	stumpings.	In	the	1	0.00000917
four-ball	20.	Outside	cricket	1	0.00000917
fourth	Indian	and	twelfth	1	0.00000917
fourth	Indian	to	score	1	0.00000917
fourth	highest	civilian	award	1	0.00000917
franchise	he	represents	and	1	0.00000917
franchise	of	the	Hockey	1	0.00000917
franchise	of	the	Indian	1	0.00000917
franchise	to	victory	again	1	0.00000917
franchise	with	five	title	1	0.00000917
franchises	Rising	Pune	Supergiants	1	0.00000917
friend	Santosh	Lal.	As	1	0.00000917
from	129	matches	in	1	0.00000917
from	1995	to	1998	1	0.00000917
from	2007	to	2017	1	0.00000917
from	2008	to	2014.	1	0.00000917
from	2008.	He	captained	1	0.00000917
from	DAV	Jawahar	Vidya	1	0.00000917
from	Indian	Army	aircraft	1	0.00000917
from	Lwali	village	in	1	0.00000917
from	captaincy	ahead	of	1	0.00000917
from	conventional	coaching	manuals	1	0.00000917
from	his	childhood	to	1	0.00000917
from	international	cricket.	Post-international	1	0.00000917
from	test	cricket	in	1	0.00000917
from	the	Indian	Premier	1	0.00000917
from	the	company	in	1	0.00000917
from	the	format.	In	1	0.00000917
from	this	century,	his	1	0.00000917
from	three	innings	at	1	0.00000917
from	three	innings	in	1	0.00000917
full-length	deliveries	towards	the	1	0.00000917
gaining	recognition	for	his	1	0.00000917
game	for	India.	The	1	0.00000917
game	of	the	series	1	0.00000917
game	of	the	series,	1	0.00000917
games	and	did	not	1	0.00000917
games	with	the	latter	1	0.00000917
genres.	The	first	show	1	0.00000917
goalkeeper,	but	later	moved	1	0.00000917
good	series,	scoring	237	1	0.00000917
good	technique.	He	is	1	0.00000917
got	him	the	Man	1	0.00000917
got	injured	at	the	1	0.00000917
grade	contract	by	BCCI	1	0.00000917
grade	contract	by	the	1	0.00000917
grip	at	the	bottom	1	0.00000917
group	stage	after	losses	1	0.00000917
group	stage	after	the	1	0.00000917
group	stage	match	against	1	0.00000917
group	stage	matches	in	1	0.00000917
had	a	relatively	mediocre	1	0.00000917
had	an	excellent	year	1	0.00000917
hailed	from	Lwali	village	1	0.00000917
half-centuries	in	all	three	1	0.00000917
half-century	against	South	Africa	1	0.00000917
half-century	against	West	Indies	1	0.00000917
half-century	and	scored	362	1	0.00000917
handed	over	captaincy	to	1	0.00000917
handed	over	the	captaincy	1	0.00000917
handle,	striking	the	ball	1	0.00000917
hard-hitting	batting	style.	In	1	0.00000917
has	also	led	CSK	1	0.00000917
has	also	played	for	1	0.00000917
has	been	praised	for	1	0.00000917
has	captained	the	most	1	0.00000917
has	developed	a	special	1	0.00000917
has	earned	a	reputation	1	0.00000917
has	earned	him	the	1	0.00000917
has	led	India	to	1	0.00000917
has	more	than	75	1	0.00000917
has	never	been	rectified.	1	0.00000917
has	one	of	the	1	0.00000917
has	scored	16	centuries	1	0.00000917
has	scored	17,266	runs	1	0.00000917
has	scored	4876	runs	1	0.00000917
has	scored	more	than	1	0.00000917
has	taken	634	catches	1	0.00000917
have	a	daughter,	Ziva	1	0.00000917
have	an	average	over	1	0.00000917
have	scored	more	than	1	0.00000917
having	a	good	series,	1	0.00000917
he	batted	higher	up	1	0.00000917
he	batted	with	India	1	0.00000917
he	batted.	Test	retirement	1	0.00000917
he	became	a	qualified	1	0.00000917
he	became	the	captain	1	0.00000917
he	became	the	first	1	0.00000917
he	became	the	third	1	0.00000917
he	bowled	Travis	Dowlin	1	0.00000917
he	co-owns	while	also	1	0.00000917
he	completed	a	two-week	1	0.00000917
he	effected	nine	dismissals	1	0.00000917
he	effected	the	fastest	1	0.00000917
he	had	a	relatively	1	0.00000917
he	has	been	praised	1	0.00000917
he	hit	the	winning	1	0.00000917
he	is	recognised	for	1	0.00000917
he	made	85	which	1	0.00000917
he	played	for	Air	1	0.00000917
he	represented	the	Indian	1	0.00000917
he	represents	and	the	1	0.00000917
he	scored	102	against	1	0.00000917
he	scored	134	off	1	0.00000917
he	scored	an	unbeaten	1	0.00000917
he	scored	his	first	1	0.00000917
he	scored	just	77	1	0.00000917
he	scored	just	five	1	0.00000917
he	scored	just	three	1	0.00000917
he	started	gaining	recognition	1	0.00000917
he	started	playing	football	1	0.00000917
he	stumped	Akila	Dananjaya	1	0.00000917
he	wanted	to	become	1	0.00000917
he	was	a	member	1	0.00000917
he	was	adjudged	Man	1	0.00000917
he	was	included	in	1	0.00000917
he	was	inducted	into	1	0.00000917
he	was	named	in	1	0.00000917
he	was	picked	for	1	0.00000917
he	was	picked	in	1	0.00000917
he	was	the	youngest	1	0.00000917
he	went	past	10,000	1	0.00000917
helicopter	shot	technique,	taught	1	0.00000917
helped	India	A	chase	1	0.00000917
helped	the	team	qualify	1	0.00000917
helping	India	secure	a	1	0.00000917
helping	his	team	secure	1	0.00000917
high-pressure	situations.	As	a	1	0.00000917
higher	division.	Based	on	1	0.00000917
higher	up	the	order	1	0.00000917
highest	aggregate	of	346	1	0.00000917
highest	averages	in	ODI	1	0.00000917
highest	individual	score	in	1	0.00000917
highest	run	scorer	in	1	0.00000917
highest	sport	honour	Major	1	0.00000917
him	'Thala'	meaning	leader	1	0.00000917
him	by	a	fellow	1	0.00000917
him	by	dedicating	seats	1	0.00000917
him	captain	of	the	1	0.00000917
him	one	of	the	1	0.00000917
him	out	for	most	1	0.00000917
him	the	Man	of	1	0.00000917
him	the	monicker	"Captain	1	0.00000917
him.	Dhoni	has	developed	1	0.00000917
himself	managing	just	70	1	0.00000917
himself	reached	8000	runs	1	0.00000917
himself	was	out	for	1	0.00000917
his	250th	appearance	for	1	0.00000917
his	350th	and	final	1	0.00000917
his	Ranji	Trophy	debut	1	0.00000917
his	T20	international	debut	1	0.00000917
his	batting	technique.	Dhoni	1	0.00000917
his	brand	value	was	1	0.00000917
his	captaincy,	CSK	became	1	0.00000917
his	captaincy,	CSK	won	1	0.00000917
his	childhood	to	the	1	0.00000917
his	coach	Keshav	Banerjee.	1	0.00000917
his	collection.	Career	statistics	1	0.00000917
his	cool-headed	demeanor	on	1	0.00000917
his	debut	for	the	1	0.00000917
his	debut	in	the	1	0.00000917
his	debut	match,	that	1	0.00000917
his	earlier	record	for	1	0.00000917
his	family,	has	never	1	0.00000917
his	family.	Dhoni	scored	1	0.00000917
his	farmhouse	outside	Ranchi.	1	0.00000917
his	fast	reflexes	behind	1	0.00000917
his	fifth	one-day	international,	1	0.00000917
his	finishing	skills	in	1	0.00000917
his	first	and	only	1	0.00000917
his	first	class	debut	1	0.00000917
his	first	ever	domestic	1	0.00000917
his	first	in	over	1	0.00000917
his	first	test	a	1	0.00000917
his	international	career,	making	1	0.00000917
his	international	career.	Dhoni	1	0.00000917
his	last	series	during	1	0.00000917
his	last	test,	he	1	0.00000917
his	lower-order	contribution	as	1	0.00000917
his	maiden	first-class	century	1	0.00000917
his	maiden	half-century	in	1	0.00000917
his	maiden	test	century	1	0.00000917
his	performance	at	club	1	0.00000917
his	performance	in	the	1	0.00000917
his	resignation	from	the	1	0.00000917
his	retirement	from	international	1	0.00000917
his	retirement	from	the	1	0.00000917
his	school	certificates	and,	1	0.00000917
his	schooling	from	DAV	1	0.00000917
his	service	to	the	1	0.00000917
his	son	to	study	1	0.00000917
his	son	wanting	to	1	0.00000917
his	son	with	the	1	0.00000917
his	team	secure	a	1	0.00000917
his	team	to	its	1	0.00000917
his	tenth	century	in	1	0.00000917
his	test	debut	in	1	0.00000917
his	unbeaten	four-ball	20.	1	0.00000917
his	unorthodox	captaincy,	approachability	1	0.00000917
his	wicket-keeping.	In	the	1	0.00000917
his	wife	have	a	1	0.00000917
history	of	cricket,	clocked	1	0.00000917
history.	Dhoni	had	an	1	0.00000917
hit	the	winning	shot	1	0.00000917
hitter	of	the	ball	1	0.00000917
hitting	full-length	deliveries	towards	1	0.00000917
hockey	club	Ranchi	Rays,	1	0.00000917
holds	the	bat	with	1	0.00000917
holds	the	post	of	1	0.00000917
holds	the	record	for	1	0.00000917
home	against	England.	In	1	0.00000917
home	series	against	England	1	0.00000917
home	series	against	South	1	0.00000917
home	series	against	West	1	0.00000917
honorary	doctorate	by	De	1	0.00000917
honorary	rank	was	presented	1	0.00000917
honour	Major	Dhyan	Chand	1	0.00000917
honour	him	by	dedicating	1	0.00000917
honour	to	him.	Dhoni	1	0.00000917
hook	shots	off	short-pitched	1	0.00000917
hosts	and	Sri	Lanka.	1	0.00000917
house	in	Ranchi	was	1	0.00000917
house	produced	a	Tamil	1	0.00000917
identical	3–1	victory	over	1	0.00000917
identified	as	one	of	1	0.00000917
illustrates	the	conflicting	interests	1	0.00000917
in	1998.	At	CCL,	1	0.00000917
in	1999.	He	made	1	0.00000917
in	2009	and	third	1	0.00000917
in	2009,	2010)	Major	1	0.00000917
in	2009,	2011–2014)	ICC	1	0.00000917
in	2009,	scoring	1198	1	0.00000917
in	2010	and	2014.	1	0.00000917
in	2010	and	2016,	1	0.00000917
in	2011	World	Cup	1	0.00000917
in	2011	for	his	1	0.00000917
in	2011.	Dhoni	led	1	0.00000917
in	2011.	In	2019,	1	0.00000917
in	2011.	In	June	1	0.00000917
in	2013.	In	February	1	0.00000917
in	2014	and	series	1	0.00000917
in	2014	but	continued	1	0.00000917
in	2014.	Dhoni	scored	1	0.00000917
in	2015.	In	August	1	0.00000917
in	2016	and	their	1	0.00000917
in	2018.	Born	in	1	0.00000917
in	2018.	Dhoni	holds	1	0.00000917
in	2018.	In	the	1	0.00000917
in	2018.	The	production	1	0.00000917
in	2019	which	dealt	1	0.00000917
in	2021	and	was	1	0.00000917
in	2023	as	a	1	0.00000917
in	30	matches	across	1	0.00000917
in	332	matches	including	1	0.00000917
in	5	matches.	Dhoni	1	0.00000917
in	5	matches.	In	1	0.00000917
in	Australia,	India	failed	1	0.00000917
in	Australia.	In	April	1	0.00000917
in	Australia.	In	the	1	0.00000917
in	Challenger	trophy,	where	1	0.00000917
in	Colombo,	he	became	1	0.00000917
in	December	2004.	Dhoni	1	0.00000917
in	December	2006	against	1	0.00000917
in	December	2014.	Following	1	0.00000917
in	Dehradun.	Dhoni	and	1	0.00000917
in	England	in	2014	1	0.00000917
in	Faisalabad.	He	scored	1	0.00000917
in	February	2017	for	1	0.00000917
in	February	2018,	following	1	0.00000917
in	Harare	Sports	Club,	1	0.00000917
in	ICC	test	ranking	1	0.00000917
in	India	Cements	Ltd,	1	0.00000917
in	India	where	Dhoni	1	0.00000917
in	India's	squad	for	1	0.00000917
in	Ireland	and	the	1	0.00000917
in	Jammu	and	Kashmir.	1	0.00000917
in	January	2017,	ahead	1	0.00000917
in	Jharkhand)	in	a	1	0.00000917
in	June	2007.	Dhoni	1	0.00000917
in	March	2006	and	1	0.00000917
in	May	2007	which	1	0.00000917
in	Melbourne,	Dhoni	announced	1	0.00000917
in	New	Zealand.	After	1	0.00000917
in	November	2005.	In	1	0.00000917
in	November	2006,	Dhoni	1	0.00000917
in	November	2009	which	1	0.00000917
in	ODI	by	effecting	1	0.00000917
in	ODI	cricket	in	1	0.00000917
in	ODI	cricket.	He	1	0.00000917
in	ODI	in	the	1	0.00000917
in	ODIs	against	Australia.	1	0.00000917
in	ODIs	and	his	1	0.00000917
in	ODIs	in	2009,	1	0.00000917
in	ODIs	in	February	1	0.00000917
in	ODIs	when	he	1	0.00000917
in	ODIs.	Dhoni	aggregated	1	0.00000917
in	ODIs.	He	has	1	0.00000917
in	ODIs.	In	the	1	0.00000917
in	October–November	2005	and	1	0.00000917
in	Ranchi	was	vandalised	1	0.00000917
in	Ranchi,	Bihar	(now	1	0.00000917
in	Ranchi,	Dhoni	made	1	0.00000917
in	Ranchi,	Dhoni	said	1	0.00000917
in	September	2007.	Dhoni	1	0.00000917
in	Shaka	Harry,	a	1	0.00000917
in	Tamil.	Playing	style	1	0.00000917
in	Test	matches	at	1	0.00000917
in	Uttar	Pradesh	(now	1	0.00000917
in	Vijay's	film	G.O.A.T	1	0.00000917
in	Visakhapatnam,	Dhoni	playing	1	0.00000917
in	Wisden	Almanack	as	1	0.00000917
in	a	Hindu	Rajput	1	0.00000917
in	a	T20I	innings	1	0.00000917
in	a	bilateral	series	1	0.00000917
in	a	draw.	Dhoni	1	0.00000917
in	a	league	stage	1	0.00000917
in	a	match	by	1	0.00000917
in	a	particular	season	1	0.00000917
in	a	run	chase,	1	0.00000917
in	a	world	cup.	1	0.00000917
in	all	formats	by	1	0.00000917
in	all	formats.	On	1	0.00000917
in	all	the	three	1	0.00000917
in	all	three	games	1	0.00000917
in	an	ODI	against	1	0.00000917
in	an	innings	(6)	1	0.00000917
in	an	innings	in	1	0.00000917
in	batting	talent	and	1	0.00000917
in	both	the	series.	1	0.00000917
in	both	these	matches	1	0.00000917
in	career	(359)	Honours	1	0.00000917
in	domestic	cricket.	In	1	0.00000917
in	early	2007	with	1	0.00000917
in	five	ODI	matches	1	0.00000917
in	five	ODI	series	1	0.00000917
in	five	tests	including	1	0.00000917
in	five	years	and	1	0.00000917
in	four	Ranji	matches.	1	0.00000917
in	four	innings	at	1	0.00000917
in	four	matches	in	1	0.00000917
in	four	matches,	as	1	0.00000917
in	four	matches.	In	1	0.00000917
in	high-pressure	situations.	As	1	0.00000917
in	his	350th	and	1	0.00000917
in	his	collection.	Career	1	0.00000917
in	his	debut	match,	1	0.00000917
in	his	farmhouse	outside	1	0.00000917
in	his	fifth	one-day	1	0.00000917
in	his	international	career,	1	0.00000917
in	his	international	career.	1	0.00000917
in	his	school	certificates	1	0.00000917
in	international	cricket	and	1	0.00000917
in	international	cricket	including	1	0.00000917
in	international	cricket	on	1	0.00000917
in	international	cricket	to	1	0.00000917
in	international	cricket.	The	1	0.00000917
in	its	history.	Dhoni	1	0.00000917
in	just	24	innings,	1	0.00000917
in	limited	overs	cricket	1	0.00000917
in	limited	overs	formats	1	0.00000917
in	nine	matches	with	1	0.00000917
in	over	three	years.	1	0.00000917
in	running	between	the	1	0.00000917
in	test	cricket	from	1	0.00000917
in	that	season,	in	1	0.00000917
in	the	1999–2000	season	1	0.00000917
in	the	1999–2000	season,	1	0.00000917
in	the	2000/01	season	1	0.00000917
in	the	2000–01	Ranji	1	0.00000917
in	the	2001–02	Ranji	1	0.00000917
in	the	2002–03	Ranji	1	0.00000917
in	the	2007	ICC	1	0.00000917
in	the	2008-09	season.	1	0.00000917
in	the	2009	ICC	1	0.00000917
in	the	2013	ICC	1	0.00000917
in	the	2013–14	season.	1	0.00000917
in	the	2014	ICC	1	0.00000917
in	the	2016	Asia	1	0.00000917
in	the	Afro-Asia	Cup,	1	0.00000917
in	the	Agra	training	1	0.00000917
in	the	Cooch	Behar	1	0.00000917
in	the	Deodhar	Trophy	1	0.00000917
in	the	IPL	across	1	0.00000917
in	the	IPL,	as	1	0.00000917
in	the	IPL.	Ahead	1	0.00000917
in	the	Indian	side	1	0.00000917
in	the	ODI	squad	1	0.00000917
in	the	ODI	team	1	0.00000917
in	the	Sri	Lankan	1	0.00000917
in	the	auction.	Dhoni	1	0.00000917
in	the	batting	order	1	0.00000917
in	the	early	2000s	1	0.00000917
in	the	final	over	1	0.00000917
in	the	final	with	1	0.00000917
in	the	final.	Dhoni	1	0.00000917
in	the	final.	He	1	0.00000917
in	the	first	ODI	1	0.00000917
in	the	first	season	1	0.00000917
in	the	first	test,	1	0.00000917
in	the	history	of	1	0.00000917
in	the	lead	role	1	0.00000917
in	the	middle	of	1	0.00000917
in	the	only	match	1	0.00000917
in	the	process,	went	1	0.00000917
in	the	quarter	finals,	1	0.00000917
in	the	same	month	1	0.00000917
in	the	second	innings	1	0.00000917
in	the	second	innings.	1	0.00000917
in	the	semi-final	loss	1	0.00000917
in	the	semi-finals	with	1	0.00000917
in	the	series	against	1	0.00000917
in	the	series	loss.	1	0.00000917
in	the	squad	for	1	0.00000917
in	the	subsequent	tour	1	0.00000917
in	the	third	ODI.	1	0.00000917
in	the	tournament	after	1	0.00000917
in	the	tournament	included	1	0.00000917
in	the	tournament.	As	1	0.00000917
in	the	tournament.	Dhoni	1	0.00000917
in	the	world.	As	1	0.00000917
in	three	games	and	1	0.00000917
in	three	matches	at	1	0.00000917
in	two	innings	at	1	0.00000917
in	two	tests	including	1	0.00000917
in	vehicle	re-seller	CARS24	1	0.00000917
in	which	India	finished	1	0.00000917
in	which	India	unexpectedly	1	0.00000917
in	wins,	helping	India	1	0.00000917
inaugural	World	Twenty20	in	1	0.00000917
inaugural	season	of	the	1	0.00000917
include	another	score	over	1	0.00000917
included	488	runs	in	1	0.00000917
included	in	the	squad	1	0.00000917
including	10,000	plus	runs	1	0.00000917
including	139	off	97	1	0.00000917
including	16	runs	in	1	0.00000917
including	200	ODIs	and	1	0.00000917
including	a	first	test	1	0.00000917
including	a	key	stumping	1	0.00000917
including	his	maiden	test	1	0.00000917
including	one	half-century	against	1	0.00000917
individual	score	in	ODI	1	0.00000917
inducted	into	ICC	Cricket	1	0.00000917
initiative	TRDW.	In	2004,	1	0.00000917
injured	at	the	start	1	0.00000917
injury.	Dhoni	made	his	1	0.00000917
innings	(5)	Combined	Most	1	0.00000917
innings	(6)	and	career	1	0.00000917
innings	(76)	and	runs	1	0.00000917
innings	at	a	strike	1	0.00000917
innings	he	batted.	Test	1	0.00000917
innings	in	ODI	by	1	0.00000917
innings	in	a	losing	1	0.00000917
innings	in	the	home	1	0.00000917
innings	would	surpass	his	1	0.00000917
innings,	at	an	average	1	0.00000917
innings.	Dhoni	finished	the	1	0.00000917
interests	of	a	father	1	0.00000917
international	career,	making	him	1	0.00000917
international	career.	Dhoni	has	1	0.00000917
international	cricket	and	also	1	0.00000917
international	cricket	including	10,000	1	0.00000917
international	cricket	on	30	1	0.00000917
international	cricket	to	claim	1	0.00000917
international	cricket.	Post-international	retirement	1	0.00000917
international	cricket.	The	No.7	1	0.00000917
international	debut	in	December	1	0.00000917
international	matches	and	is	1	0.00000917
international	matches	as	captain	1	0.00000917
international	record	for	the	1	0.00000917
international,	scored	148	runs	1	0.00000917
into	ICC	Cricket	Hall	1	0.00000917
into	a	long-term	business	1	0.00000917
invested	in	Shaka	Harry,	1	0.00000917
invested	in	vehicle	re-seller	1	0.00000917
involving	Kenya,	India	A	1	0.00000917
is	Mahendra	Singh	Dhoni,	1	0.00000917
is	a	co-owner	of	1	0.00000917
is	a	powerful	hitter	1	0.00000917
is	a	right-handed	batsman	1	0.00000917
is	also	known	for	1	0.00000917
is	among	the	few	1	0.00000917
is	an	Indian	professional	1	0.00000917
is	an	automotive	enthusiast	1	0.00000917
is	an	unorthodox	batsman	1	0.00000917
is	known	for	his	1	0.00000917
is	often	compared	to	1	0.00000917
is	recognised	for	his	1	0.00000917
is	the	most	successful	1	0.00000917
it	five	times	(2010,	1	0.00000917
it	to	the	East	1	0.00000917
it	to	the	finals,	1	0.00000917
it	to	the	knock	1	0.00000917
it	was	broken	by	1	0.00000917
its	brand	ambassador.	In	1	0.00000917
its	history.	Dhoni	had	1	0.00000917
its	second	Champions	League	1	0.00000917
its	second	consecutive	IPL	1	0.00000917
its	second	ever	ODI	1	0.00000917
its	third	IPL	title.	1	0.00000917
jersey	was	made	popular	1	0.00000917
join	the	Army.	Seeing	1	0.00000917
jointly	sharing	this	title	1	0.00000917
jumps	from	Indian	Army	1	0.00000917
just	24	innings,	at	1	0.00000917
just	29	runs	in	1	0.00000917
just	70	runs	from	1	0.00000917
just	77	runs	in	1	0.00000917
just	five	fifties	in	1	0.00000917
just	three	runs	in	1	0.00000917
keeper	in	a	T20I	1	0.00000917
key	stumping	opportunity	of	1	0.00000917
knock	out	stage.	In	1	0.00000917
known	for	his	cool-headed	1	0.00000917
known	for	his	unorthodox	1	0.00000917
lack	in	batting	talent	1	0.00000917
lack	of	good	technique.	1	0.00000917
language	romantic	drama	LGM	1	0.00000917
last	in	the	tournament.	1	0.00000917
last	series	during	India's	1	0.00000917
last	test,	he	effected	1	0.00000917
later	Dhoni	led	the	1	0.00000917
later	against	Sri	Lanka.	1	0.00000917
later	appointed	as	the	1	0.00000917
later	by	Shane	Watson.	1	0.00000917
later	moved	to	play	1	0.00000917
later	that	season.	However,	1	0.00000917
later	winning	the	Man	1	0.00000917
later,	Jadeja	handed	over	1	0.00000917
later.	He	has	also	1	0.00000917
latter	two	resulting	in	1	0.00000917
launched	lifestyle	brand	SEVEN	1	0.00000917
lead	CSK	to	the	1	0.00000917
lead	India	200	times	1	0.00000917
lead	role	was	released	1	0.00000917
leader	in	Tamil.	Playing	1	0.00000917
leader.	Dhoni	is	also	1	0.00000917
leading	them	to	the	1	0.00000917
leading	to	an	Indian	1	0.00000917
league	stage	match	against	1	0.00000917
league.	Dhoni	scored	392	1	0.00000917
led	CSK	to	the	1	0.00000917
led	CSK	to	two	1	0.00000917
led	India	in	the	1	0.00000917
led	his	team	to	1	0.00000917
led	the	Indian	squad	1	0.00000917
led	the	franchise	to	1	0.00000917
led	the	team	to	1	0.00000917
led	the	teams	that	1	0.00000917
led	to	criticism	of	1	0.00000917
length	accordingly.	Dhoni	holds	1	0.00000917
life	Dhoni	married	Sakshi	1	0.00000917
life	Dhoni	was	born	1	0.00000917
life	from	his	childhood	1	0.00000917
lifestyle	brand	SEVEN	which	1	0.00000917
like	Dhoni.	References	External	1	0.00000917
like	Parthiv	Patel	and	1	0.00000917
limited	overs	ICC	tournaments.	1	0.00000917
limited	overs	cricket	till	1	0.00000917
limited	overs	formats	from	1	0.00000917
limited	overs	trophies.	In	1	0.00000917
line	and	length	accordingly.	1	0.00000917
links	Mahendra	Singh	Dhoni	1	0.00000917
list-A	century	against	Chhattisgarh	1	0.00000917
lives	in	his	farmhouse	1	0.00000917
long-term	business	agreement	with	1	0.00000917
losing	cause.	Dhoni	was	1	0.00000917
losing	cause.	Dhoni's	contribution	1	0.00000917
losing	to	Sri	Lanka	1	0.00000917
loss	against	New	Zealand.	1	0.00000917
loss.	In	the	test	1	0.00000917
losses	to	Bangladesh	and	1	0.00000917
lost	against	Delhi.	Franchise	1	0.00000917
lost	all	the	matches	1	0.00000917
lost	both	the	series.	1	0.00000917
lost	to	West	Indies	1	0.00000917
lost	to	eventual	champions	1	0.00000917
lost	twice	in	three	1	0.00000917
lower-order	contribution	as	well	1	0.00000917
made	84	in	a	1	0.00000917
made	85	which	was	1	0.00000917
made	his	Ranji	Trophy	1	0.00000917
made	his	T20	international	1	0.00000917
made	his	debut	for	1	0.00000917
made	his	debut	in	1	0.00000917
made	his	first	class	1	0.00000917
made	his	maiden	half-century	1	0.00000917
made	his	test	debut	1	0.00000917
made	popular	by	Dhoni	1	0.00000917
maiden	first-class	century	while	1	0.00000917
maiden	half-century	in	the	1	0.00000917
maiden	test	century	in	1	0.00000917
make	150	stumpings	Third	1	0.00000917
make	it	to	the	1	0.00000917
making	him	one	of	1	0.00000917
man	of	the	match	1	0.00000917
managing	just	70	runs	1	0.00000917
manuals	to	showcase	his	1	0.00000917
marked	his	250th	appearance	1	0.00000917
marred	by	rain	and	1	0.00000917
married	Sakshi	Singh	Rawat	1	0.00000917
match	against	Afghanistan	due	1	0.00000917
match	against	Australia	was	1	0.00000917
match	against	Mumbai	Indians	1	0.00000917
match	against	Zimbabwe	at	1	0.00000917
match	by	an	Indian	1	0.00000917
match	for	scoring	45	1	0.00000917
match	for	scoring	an	1	0.00000917
match	he	batted	with	1	0.00000917
match	of	the	ODI	1	0.00000917
match	of	the	Ranji	1	0.00000917
match	with	Dhoni	himself	1	0.00000917
match,	that	was	marred	1	0.00000917
matches	across	two	seasons	1	0.00000917
matches	and	179	runs	1	0.00000917
matches	and	finished	last	1	0.00000917
matches	and	is	the	1	0.00000917
matches	and	just	29	1	0.00000917
matches	as	captain	(200)	1	0.00000917
matches	as	captain	(332)	1	0.00000917
matches	as	captain	(72)	1	0.00000917
matches	for	CSK	and	1	0.00000917
matches	in	a	world	1	0.00000917
matches	in	the	IPL	1	0.00000917
matches	in	the	series	1	0.00000917
matches	in	the	subsequent	1	0.00000917
matches	including	200	ODIs	1	0.00000917
matches	of	the	series	1	0.00000917
matches	with	five	fifties,	1	0.00000917
matches,	as	East	Zone	1	0.00000917
matches.	Dhoni	played	for	1	0.00000917
matches.	Dhoni	scored	his	1	0.00000917
matches.	He	has	taken	1	0.00000917
matches.	In	the	1999–2000	1	0.00000917
matches.	In	the	Duleep	1	0.00000917
matches.	India	lost	to	1	0.00000917
meaning	leader	in	Tamil.	1	0.00000917
media	platforms	and	his	1	0.00000917
mediocre	series	scoring	79	1	0.00000917
member	of	the	title	1	0.00000917
men	in	running	between	1	0.00000917
mentor	of	the	Indian	1	0.00000917
method	though	Dhoni	himself	1	0.00000917
middle	of	the	season.	1	0.00000917
milestone	of	effecting	400	1	0.00000917
million	(US$1.5	million).	He	1	0.00000917
million	by	Duff	and	1	0.00000917
million	during	the	auction	1	0.00000917
million	followers	on	social	1	0.00000917
million)	before	the	auction	1	0.00000917
million).	He	scored	574	1	0.00000917
missed	dismissal	chances	including	1	0.00000917
mistake	in	his	school	1	0.00000917
monicker	"Captain	cool".	Personal	1	0.00000917
month	against	Sri	Lanka	1	0.00000917
month	later,	Jadeja	handed	1	0.00000917
months.	He	was	named	1	0.00000917
more	than	1,000	ODI	1	0.00000917
more	than	100	in	1	0.00000917
more	than	50	in	1	0.00000917
more	than	60	in	1	0.00000917
more	than	7400	runs	1	0.00000917
more	than	75	million	1	0.00000917
more	than	five	thousand	1	0.00000917
more	than	thousand	runs	1	0.00000917
most	appearances	in	the	1	0.00000917
most	by	any	wicket-keeper	1	0.00000917
most	dismissals	as	a	1	0.00000917
most	dismissals	in	a	1	0.00000917
most	dismissals	in	an	1	0.00000917
most	expensive	signing	in	1	0.00000917
most	international	matches	and	1	0.00000917
most	matches	as	captain	1	0.00000917
most	number	of	matches	1	0.00000917
most	of	the	tournament.	1	0.00000917
most	overall	(110)	Second	1	0.00000917
most	popular	cricketers	in	1	0.00000917
most	prolific	and	successful	1	0.00000917
most	prolific	wicket-keeper	batsmen	1	0.00000917
most	prolific	wicket-keepers	of	1	0.00000917
most	runs	as	captain	1	0.00000917
most	sixes	in	career	1	0.00000917
most	stumpings	in	international	1	0.00000917
most	successful	IPL	franchise	1	0.00000917
most	successful	Indian	captain.	1	0.00000917
moved	to	play	cricket	1	0.00000917
multiple	catches	and	missed	1	0.00000917
named	as	a	wicket-keeper	1	0.00000917
named	as	the	captain	1	0.00000917
named	in	India's	squad	1	0.00000917
named	in	the	ODI	1	0.00000917
named	man	of	the	1	0.00000917
named	player	of	the	1	0.00000917
named	the	JSCA	stadium's	1	0.00000917
named	vice-captain	of	the	1	0.00000917
nation	as	a	cricketer.	1	0.00000917
never	been	rectified.	Dhoni	1	0.00000917
new	captain.	However,	a	1	0.00000917
new	franchises	Rising	Pune	1	0.00000917
nine	dismissals	(eight	catches	1	0.00000917
nine	matches	with	five	1	0.00000917
non-Australian	captain	to	win	1	0.00000917
not	a	cricketer,	"Since	1	0.00000917
not	include	another	score	1	0.00000917
not	qualify	for	the	1	0.00000917
not	selected	for	the	1	0.00000917
not-outs	(84)	Highest	score	1	0.00000917
number	of	bikes	and	1	0.00000917
number	of	matches	as	1	0.00000917
number	of	sixes	by	1	0.00000917
occasions	and	winning	it	1	0.00000917
of	102.15,	and	thus,	1	0.00000917
of	19.25.	While	captaining	1	0.00000917
of	2022,	Dhoni	has	1	0.00000917
of	223	against	Pakistan	1	0.00000917
of	23.34.	During	the	1	0.00000917
of	346	runs	and	1	0.00000917
of	38	and	10773	1	0.00000917
of	48	including	one	1	0.00000917
of	59.25	and	a	1	0.00000917
of	63.20	during	India's	1	0.00000917
of	70.43	and	topped	1	0.00000917
of	72.40	with	back	1	0.00000917
of	87	including	139	1	0.00000917
of	Aiden	Markram	in	1	0.00000917
of	Andrew	Flintoff	which	1	0.00000917
of	Australia	in	December	1	0.00000917
of	Chennai	whose	IPL	1	0.00000917
of	Chennai-based	football	club	1	0.00000917
of	England,	he	went	1	0.00000917
of	Fame.	Early	life	1	0.00000917
of	Fame:2025	Others	Dhoni	1	0.00000917
of	IPL.	Under	his	1	0.00000917
of	India	at	Chennai.	1	0.00000917
of	India	in	January	1	0.00000917
of	India	in	November	1	0.00000917
of	India	in	domestic	1	0.00000917
of	India.	He	received	1	0.00000917
of	Indian	Railways.	Youth	1	0.00000917
of	JMM	and	security	1	0.00000917
of	Pakistan	scoring	219	1	0.00000917
of	The	Lion	for	1	0.00000917
of	Vinoo	Mankad	Trophy	1	0.00000917
of	West	Indies	in	1	0.00000917
of	Zimbabwe	and	Kenya.	1	0.00000917
of	a	father	and	1	0.00000917
of	above	50	in	1	0.00000917
of	all	formats	from	1	0.00000917
of	all	time.	Captaincy	1	0.00000917
of	all	time.	Records	1	0.00000917
of	being	a	successful	1	0.00000917
of	bikes	and	cars	1	0.00000917
of	cricket	award	of	1	0.00000917
of	cricket,	clocked	at	1	0.00000917
of	effecting	400	dismissals	1	0.00000917
of	good	technique.	He	1	0.00000917
of	his	coach	Keshav	1	0.00000917
of	his	wicket-keeping.	In	1	0.00000917
of	matches	as	captain	1	0.00000917
of	more	than	50	1	0.00000917
of	over	50	Most	1	0.00000917
of	sixes	by	an	1	0.00000917
of	that	season	and	1	0.00000917
of	the	2024	season,	1	0.00000917
of	the	East	Zone	1	0.00000917
of	the	Hockey	India	1	0.00000917
of	the	ICC	ODI	1	0.00000917
of	the	Indian	Premier	1	0.00000917
of	the	Indian	Super	1	0.00000917
of	the	Indian	cricket	1	0.00000917
of	the	Indian	squad	1	0.00000917
of	the	Jharkhand	team	1	0.00000917
of	the	Match	award	1	0.00000917
of	the	ODI	side	1	0.00000917
of	the	ODI	team	1	0.00000917
of	the	Ranji	ODI	1	0.00000917
of	the	Series	award	1	0.00000917
of	the	South	Africa	1	0.00000917
of	the	Tournament'	at	1	0.00000917
of	the	World	Cup.	1	0.00000917
of	the	Year:	2006	1	0.00000917
of	the	Year:	2006,	1	0.00000917
of	the	Year:	2008,	1	0.00000917
of	the	Year:	2009,	1	0.00000917
of	the	ball	and	1	0.00000917
of	the	company.	On	1	0.00000917
of	the	emerging	talents	1	0.00000917
of	the	fastest	men	1	0.00000917
of	the	handle,	striking	1	0.00000917
of	the	highest	averages	1	0.00000917
of	the	most	popular	1	0.00000917
of	the	season.	Dhoni	1	0.00000917
of	the	series	and	1	0.00000917
of	the	series	was	1	0.00000917
of	the	series	while	1	0.00000917
of	the	series	with	1	0.00000917
of	the	series,	he	1	0.00000917
of	the	series.	Dhoni	1	0.00000917
of	the	side	in	1	0.00000917
of	the	squad	for	1	0.00000917
of	the	third	test	1	0.00000917
of	the	title	winning	1	0.00000917
of	the	tournament	thus	1	0.00000917
of	the	tournament.	He	1	0.00000917
of	the	year	by	1	0.00000917
of	the	year.	2011	1	0.00000917
of	their	five	draft	1	0.00000917
of	three	children.	His	1	0.00000917
of	vice-president	in	India	1	0.00000917
off	122	balls,	his	1	0.00000917
off	123	deliveries	which	1	0.00000917
off	145	balls,	winning	1	0.00000917
off	52	balls	including	1	0.00000917
off	97	balls	in	1	0.00000917
off	Yuzvendra	Chahal.	He	1	0.00000917
off	short-pitched	deliveries	often	1	0.00000917
often	call	him	'Thala'	1	0.00000917
often	compared	to	Sachin	1	0.00000917
often	putting	pressure	on	1	0.00000917
on	14	April	2024,	1	0.00000917
on	15	December	2015	1	0.00000917
on	23	December	2004	1	0.00000917
on	25	February	2017,	1	0.00000917
on	28	July	2023.	1	0.00000917
on	29	September	2016.	1	0.00000917
on	30	September	2009	1	0.00000917
on	4	July	2010	1	0.00000917
on	5	September	2024.	1	0.00000917
on	6	February	2015.	1	0.00000917
on	7	July	1981	1	0.00000917
on	Australian	soil	and	1	0.00000917
on	DLS	method	though	1	0.00000917
on	Dhoni's	life	from	1	0.00000917
on	his	performance	at	1	0.00000917
on	social	media	platforms	1	0.00000917
on	ten	occasions	and	1	0.00000917
on	the	bowler	to	1	0.00000917
on	the	field	which	1	0.00000917
on	the	suggestion	of	1	0.00000917
one	day	I'll	be	1	0.00000917
one	half-century	against	South	1	0.00000917
one	of	the	emerging	1	0.00000917
one	of	the	fastest	1	0.00000917
one	of	the	highest	1	0.00000917
one	of	their	five	1	0.00000917
one	wicket.	In	November	1	0.00000917
one-day	international,	scored	148	1	0.00000917
only	97	runs	in	1	0.00000917
only	captain	in	international	1	0.00000917
only	captain	to	win	1	0.00000917
only	match	he	batted	1	0.00000917
only	wicket	in	international	1	0.00000917
only	wicket-keeper	to	make	1	0.00000917
opportunity	of	Andrew	Flintoff	1	0.00000917
order	and	helped	the	1	0.00000917
order	in	the	third	1	0.00000917
other	wicket-keeper/batsmen	like	Parthiv	1	0.00000917
out	for	most	of	1	0.00000917
out	in	the	group	1	0.00000917
out	of	the	series	1	0.00000917
out	of	the	third	1	0.00000917
out	stage.	In	the	1	0.00000917
out.	Dhoni	averaged	more	1	0.00000917
outside	Ranchi.	Dhoni	is	1	0.00000917
over	100	in	a	1	0.00000917
over	50	Most	not-outs	1	0.00000917
over	50	and	strike	1	0.00000917
over	West	Indies	and	1	0.00000917
over	captaincy	to	Ruturaj	1	0.00000917
over	fifty	and	in	1	0.00000917
over	in	all	formats	1	0.00000917
over	the	captaincy	back	1	0.00000917
over	three	years.	He	1	0.00000917
over	to	take	India	1	0.00000917
overall	(110)	Second	most	1	0.00000917
overall	and	the	first	1	0.00000917
overall	to	do	so.	1	0.00000917
overs	ICC	tournaments.	He	1	0.00000917
overs	cricket	till	2019.	1	0.00000917
overs	formats	from	2007	1	0.00000917
overs	trophies.	In	the	1	0.00000917
owned	by	former	BCCI	1	0.00000917
owns	a	number	of	1	0.00000917
parachute	regiment	in	Ranchi,	1	0.00000917
parachute	training	jumps	from	1	0.00000917
paratrooper	in	2015.	In	1	0.00000917
parents	hailed	from	Lwali	1	0.00000917
part	of	the	East	1	0.00000917
part	of	the	squad	1	0.00000917
particular	season	of	the	1	0.00000917
partnership	for	India	(100*	1	0.00000917
pass	10,000	runs	with	1	0.00000917
past	10,000	ODI	runs,	1	0.00000917
past	Kumar	Sangakkara's	record	1	0.00000917
performance	at	club	cricket,	1	0.00000917
performance	in	the	2000/01	1	0.00000917
performed	a	special	cameo	1	0.00000917
performing	well	for	the	1	0.00000917
picked	Dhoni	as	one	1	0.00000917
picked	for	the	1997/98	1	0.00000917
picked	for	the	India	1	0.00000917
picked	for	the	subsequent	1	0.00000917
picked	in	the	ODI	1	0.00000917
picks	on	15	December	1	0.00000917
plant-based	protein	company.	In	1	0.00000917
platforms	and	his	brand	1	0.00000917
play	200	T20	matches	1	0.00000917
play	cricket	on	the	1	0.00000917
play	the	final	where	1	0.00000917
played	all	the	matches	1	0.00000917
played	as	a	wicket-keeper	1	0.00000917
played	for	ACC	Asia	1	0.00000917
played	for	Air	India	1	0.00000917
played	for	Bihar	U-19	1	0.00000917
played	for	Bihar	state	1	0.00000917
played	for	India	seniors	1	0.00000917
played	for	Jharkhand	in	1	0.00000917
played	for	Rajasthan	Cricket	1	0.00000917
played	his	first	test	1	0.00000917
played	his	last	series	1	0.00000917
played	in	his	350th	1	0.00000917
played	in	the	Sri	1	0.00000917
player	and	childhood	friend	1	0.00000917
player	of	the	series	1	0.00000917
player	to	pass	10,000	1	0.00000917
player	to	play	200	1	0.00000917
playing	football	as	a	1	0.00000917
playing	for	Bihar	against	1	0.00000917
playing	in	his	fifth	1	0.00000917
playing	in	limited	overs	1	0.00000917
plays	as	a	right-handed	1	0.00000917
plays	for	Chennai	Super	1	0.00000917
plays	pull	shots	and	1	0.00000917
plays	the	helicopter	shot	1	0.00000917
plot	illustrates	the	conflicting	1	0.00000917
plus	runs	at	an	1	0.00000917
popular	by	Dhoni	and	1	0.00000917
popular	cricketers	in	the	1	0.00000917
popular	culture	A	film	1	0.00000917
popularity	is	often	compared	1	0.00000917
post	of	vice-president	in	1	0.00000917
powerful	hitter	of	the	1	0.00000917
praised	for	his	fast	1	0.00000917
precision	to	clear	the	1	0.00000917
president	N.	Srinivasan.	Dhoni	1	0.00000917
pressure	on	the	bowler	1	0.00000917
process,	went	past	Kumar	1	0.00000917
proclivity	for	hitting	full-length	1	0.00000917
produce	content	across	various	1	0.00000917
produced	a	Tamil	language	1	0.00000917
produced	by	Prakash	Raj	1	0.00000917
production	house	produced	a	1	0.00000917
professional	cricketer	who	plays	1	0.00000917
projected	to	be	$80.3	1	0.00000917
prolific	and	successful	captains	1	0.00000917
prolific	wicket-keeper	batsmen	and	1	0.00000917
prolific	wicket-keepers	of	all	1	0.00000917
promoted	to	No.	3	1	0.00000917
protein	company.	In	2019,	1	0.00000917
pull	shots	and	hook	1	0.00000917
putting	pressure	on	the	1	0.00000917
qualified	for	Champions	League	1	0.00000917
qualified	paratrooper	in	2015.	1	0.00000917
qualify	for	the	finals.	1	0.00000917
qualify	to	the	higher	1	0.00000917
quarter	final	where	Jharkhand	1	0.00000917
quarter	finals,	he	became	1	0.00000917
rain	and	ended	in	1	0.00000917
rain-shortened	final	against	England,	1	0.00000917
rank	was	presented	to	1	0.00000917
ranking	for	the	first	1	0.00000917
ranking	in	ICC	test	1	0.00000917
rankings	for	several	months.	1	0.00000917
rate	of	102.15,	and	1	0.00000917
rate	of	63.20	during	1	0.00000917
rate	over	100	in	1	0.00000917
rather	than	the	conventional	1	0.00000917
re-seller	CARS24	and	simultaneously	1	0.00000917
reached	8000	runs	in	1	0.00000917
reached	the	milestone	of	1	0.00000917
received	the	fourth	highest	1	0.00000917
recognised	for	his	finishing	1	0.00000917
recognition	for	his	lower-order	1	0.00000917
record	for	effecting	the	1	0.00000917
record	for	most	appearances	1	0.00000917
record	for	most	stumpings	1	0.00000917
record	for	the	most	1	0.00000917
record	which	was	broken	1	0.00000917
recorded	identical	3–1	victory	1	0.00000917
rectified.	Dhoni	did	his	1	0.00000917
reflexes	behind	the	stumps	1	0.00000917
regarded	as	one	of	1	0.00000917
regiment	in	Ranchi,	Dhoni	1	0.00000917
region.	He	plays	pull	1	0.00000917
regions,	rather	than	the	1	0.00000917
regular	captain	Rohit	Sharma	1	0.00000917
regular	in	the	Indian	1	0.00000917
relatively	mediocre	series	scoring	1	0.00000917
released	on	28	July	1	0.00000917
released	on	29	September	1	0.00000917
released	on	5	September	1	0.00000917
remained	unbeaten.	Dhoni	stepped	1	0.00000917
repeated	attempts	by	his	1	0.00000917
represented	East	Zone	and	1	0.00000917
represented	East	Zone	in	1	0.00000917
represented	the	Indian	cricket	1	0.00000917
representing	Jharkhand	later.	He	1	0.00000917
represents	and	the	fans	1	0.00000917
reputation	of	being	a	1	0.00000917
resignation	from	the	company	1	0.00000917
result,	Dhoni's	house	in	1	0.00000917
resulting	in	wins,	helping	1	0.00000917
retained	for	₹12	crore	1	0.00000917
retired	by	the	BCCI	1	0.00000917
retired	from	test	cricket	1	0.00000917
retirement	Dhoni	led	India	1	0.00000917
retirement	On	8	September	1	0.00000917
retirement	and	2015	World	1	0.00000917
retirement	from	international	cricket.	1	0.00000917
retirement	from	the	format.	1	0.00000917
return	to	win	the	1	0.00000917
returned	to	CSK	for	1	0.00000917
returned	to	play	the	1	0.00000917
right-handed	batsman	and	wicket-keeper.	1	0.00000917
right-handed	batter	and	a	1	0.00000917
role	was	released	on	1	0.00000917
romantic	drama	LGM	which	1	0.00000917
ruled	out	of	the	1	0.00000917
ruling	him	out	for	1	0.00000917
run	chase,	a	record	1	0.00000917
run	out	for	a	1	0.00000917
run	scorer	in	international	1	0.00000917
runners-up	after	losing	to	1	0.00000917
runners-up.	In	August	2017,	1	0.00000917
running	between	the	wickets.	1	0.00000917
runs	(1,153)	before	scoring	1	0.00000917
runs	across	390	T20	1	0.00000917
runs	across	the	five	1	0.00000917
runs	across	three	tests	1	0.00000917
runs	and	led	CSK	1	0.00000917
runs	and	led	his	1	0.00000917
runs	and	was	awarded	1	0.00000917
runs	as	captain	(6641)	1	0.00000917
runs	as	the	team	1	0.00000917
runs	by	an	Indian	1	0.00000917
runs	from	129	matches	1	0.00000917
runs	in	30	matches	1	0.00000917
runs	in	Australia.	In	1	0.00000917
runs	in	ODI	in	1	0.00000917
runs	in	ODIs	against	1	0.00000917
runs	in	Test	matches	1	0.00000917
runs	in	five	tests	1	0.00000917
runs	in	four	innings	1	0.00000917
runs	in	four	matches	1	0.00000917
runs	in	four	matches,	1	0.00000917
runs	in	four	matches.	1	0.00000917
runs	in	his	debut	1	0.00000917
runs	in	international	cricket	1	0.00000917
runs	in	just	24	1	0.00000917
runs	in	nine	matches	1	0.00000917
runs	in	the	IPL,	1	0.00000917
runs	in	the	final	1	0.00000917
runs	in	the	only	1	0.00000917
runs	in	the	second	1	0.00000917
runs	in	the	tournament.	1	0.00000917
runs	in	three	matches	1	0.00000917
runs	in	two	innings	1	0.00000917
runs	in	two	tests	1	0.00000917
runs	off	123	deliveries	1	0.00000917
runs	off	145	balls,	1	0.00000917
runs	off	52	balls	1	0.00000917
runs	on	DLS	method	1	0.00000917
runs	to	lead	CSK	1	0.00000917
runs	with	an	average	1	0.00000917
runs	with	three	consecutive	1	0.00000917
runs,	becoming	the	fourth	1	0.00000917
said	that	he	wanted	1	0.00000917
same	month	against	Sri	1	0.00000917
same".	Dhoni	holds	the	1	0.00000917
saw	Rahul	Dravid	as	1	0.00000917
school	certificates	and,	despite	1	0.00000917
schooling	from	DAV	Jawahar	1	0.00000917
score	by	a	wicket-keeper	1	0.00000917
score	in	ODI	cricket	1	0.00000917
score	more	than	1,000	1	0.00000917
score	over	fifty	and	1	0.00000917
scored	102	against	India	1	0.00000917
scored	106	runs	across	1	0.00000917
scored	114	runs	in	1	0.00000917
scored	134	off	122	1	0.00000917
scored	139	runs	in	1	0.00000917
scored	146	runs	across	1	0.00000917
scored	148	runs	off	1	0.00000917
scored	16	centuries	and	1	0.00000917
scored	17,266	runs	in	1	0.00000917
scored	176	runs	in	1	0.00000917
scored	2987	runs	from	1	0.00000917
scored	30	runs	in	1	0.00000917
scored	362	runs	in	1	0.00000917
scored	392	runs	and	1	0.00000917
scored	414	runs	to	1	0.00000917
scored	43	runs	as	1	0.00000917
scored	455	runs	and	1	0.00000917
scored	4876	runs	in	1	0.00000917
scored	574	runs	in	1	0.00000917
scored	84	runs	at	1	0.00000917
scored	91*	against	Bangladesh	1	0.00000917
scored	a	century	(128*)	1	0.00000917
scored	a	fighting	half-century	1	0.00000917
scored	a	half-century	against	1	0.00000917
scored	an	unbeaten	183	1	0.00000917
scored	half-centuries	in	all	1	0.00000917
scored	his	first	ever	1	0.00000917
scored	his	maiden	first-class	1	0.00000917
scored	just	77	runs	1	0.00000917
scored	just	five	fifties	1	0.00000917
scored	just	three	runs	1	0.00000917
scored	more	than	7400	1	0.00000917
scored	more	than	five	1	0.00000917
scored	only	97	runs	1	0.00000917
scored	two	centuries	during	1	0.00000917
scorer	in	international	cricket.	1	0.00000917
scores	against	New	Zealand,	1	0.00000917
scoring	1198	runs	in	1	0.00000917
scoring	174	runs	in	1	0.00000917
scoring	219	runs	in	1	0.00000917
scoring	237	runs	in	1	0.00000917
scoring	244	runs	in	1	0.00000917
scoring	45	runs	off	1	0.00000917
scoring	68	runs	in	1	0.00000917
scoring	79	runs	in	1	0.00000917
scoring	a	fifty	Most	1	0.00000917
scoring	an	unbeaten	91.	1	0.00000917
scoring	ducks	in	both	1	0.00000917
season	and	Ravindra	Jadeja	1	0.00000917
season	and	scored	only	1	0.00000917
season	did	not	include	1	0.00000917
season	of	IPL.	Under	1	0.00000917
season	of	Vinoo	Mankad	1	0.00000917
season	of	the	Indian	1	0.00000917
season	of	the	World	1	0.00000917
season	with	283	runs	1	0.00000917
season,	Dhoni	handed	over	1	0.00000917
season,	Dhoni	scored	a	1	0.00000917
season,	as	an	eighteen-year-old	1	0.00000917
season,	he	scored	just	1	0.00000917
season,	in	a	league	1	0.00000917
season.	Apart	from	this	1	0.00000917
season.	Dhoni	led	the	1	0.00000917
season.	Dhoni	scored	two	1	0.00000917
season.	Dhoni	stepped	down	1	0.00000917
season.	He	scored	455	1	0.00000917
season.	However,	he	was	1	0.00000917
season.	Supergiants	picked	Dhoni	1	0.00000917
season.	Though	Dhoni	scored	1	0.00000917
season.	Under	his	captaincy,	1	0.00000917
seasons	for	the	Super	1	0.00000917
seasons	for	the	Supergiants.	1	0.00000917
seats	(J282–J286)	at	the	1	0.00000917
second	Champions	League	Twenty20	1	0.00000917
second	India	batsman	after	1	0.00000917
second	Indian	captain	to	1	0.00000917
second	consecutive	IPL	title	1	0.00000917
second	ever	ODI	world	1	0.00000917
second	game	of	the	1	0.00000917
second	innings	in	a	1	0.00000917
second	innings.	Dhoni	finished	1	0.00000917
second	match	of	the	1	0.00000917
second	most	overall	(110)	1	0.00000917
second	test	in	Faisalabad.	1	0.00000917
second	test	leading	to	1	0.00000917
seconds,	when	dismissing	Keemo	1	0.00000917
secure	a	20-run	win,	1	0.00000917
secure	a	2–1	series	1	0.00000917
security	was	tightened	for	1	0.00000917
selected	for	the	T20I	1	0.00000917
semi-final	loss	against	New	1	0.00000917
semi-finals	with	Dhoni	having	1	0.00000917
seniors	in	Challenger	trophy,	1	0.00000917
series	against	England	in	1	0.00000917
series	against	England.	Dhoni	1	0.00000917
series	against	New	Zealand.	1	0.00000917
series	against	Pakistan.	In	1	0.00000917
series	against	South	Africa	1	0.00000917
series	against	West	Indies	1	0.00000917
series	against	West	Indies.	1	0.00000917
series	and	was	run	1	0.00000917
series	at	home	against	1	0.00000917
series	during	India's	tour	1	0.00000917
series	for	the	first	1	0.00000917
series	in	Australia,	India	1	0.00000917
series	in	Australia.	In	1	0.00000917
series	in	England	in	1	0.00000917
series	in	May	2007	1	0.00000917
series	in	October–November	2005	1	0.00000917
series	in	South	Africa	1	0.00000917
series	in	Visakhapatnam,	Dhoni	1	0.00000917
series	in	the	group	1	0.00000917
series	loss.	In	the	1	0.00000917
series	on	Australian	soil	1	0.00000917
series	scoring	79	runs	1	0.00000917
series	that	followed	and	1	0.00000917
series	that	followed,	Dhoni	1	0.00000917
series	that	followed.	Dhoni	1	0.00000917
series	titled	Roar	of	1	0.00000917
series	victory,	their	first	1	0.00000917
series	was	washed	away.	1	0.00000917
series	while	also	becoming	1	0.00000917
series	with	a	century	1	0.00000917
series	with	the	highest	1	0.00000917
series,	Dhoni	scored	half-centuries	1	0.00000917
series,	he	effected	the	1	0.00000917
series,	he	scored	134	1	0.00000917
series,	scoring	237	runs	1	0.00000917
series.	Dhoni	became	a	1	0.00000917
series.	Dhoni	himself	reached	1	0.00000917
series.	Subsequently,	Dhoni	was	1	0.00000917
served	as	the	captain	1	0.00000917
service	to	the	nation	1	0.00000917
serving	as	its	brand	1	0.00000917
set	a	record	for	1	0.00000917
seven	catches	and	four	1	0.00000917
seven	stumpings.	Dhoni	made	1	0.00000917
seven	years	later	by	1	0.00000917
seven-match	series	against	England.	1	0.00000917
several	months.	He	was	1	0.00000917
sharing	this	title	with	1	0.00000917
short-pitched	deliveries	often	putting	1	0.00000917
shot	in	2011	World	1	0.00000917
shot	technique,	taught	to	1	0.00000917
shots	and	hook	shots	1	0.00000917
shots	off	short-pitched	deliveries	1	0.00000917
show	developed	by	the	1	0.00000917
showcase	his	batting	technique.	1	0.00000917
side	after	the	home	1	0.00000917
side	before	taking	over	1	0.00000917
side	in	limited	overs	1	0.00000917
signing	in	the	auction.	1	0.00000917
simultaneously	became	brand	ambassador	1	0.00000917
since	1999	before	representing	1	0.00000917
single	match	with	Dhoni	1	0.00000917
situations.	As	a	wicket-keeper,	1	0.00000917
six	dismissals	against	England.	1	0.00000917
sixes	by	an	Indian	1	0.00000917
sixes	in	career	(359)	1	0.00000917
skills	in	high-pressure	situations.	1	0.00000917
small-town	talent-spotting	initiative	TRDW.	1	0.00000917
so.	In	2008,	Dhoni	1	0.00000917
so.	In	the	2018	1	0.00000917
social	media	platforms	and	1	0.00000917
soil	and	was	named	1	0.00000917
soldier	and	not	a	1	0.00000917
soldiers,	I	thought	that	1	0.00000917
son	to	study	MBA	1	0.00000917
son	wanting	to	become	1	0.00000917
son	with	the	father	1	0.00000917
south	stand	after	Dhoni.	1	0.00000917
special	cameo	appearance	in	1	0.00000917
special	connection	with	the	1	0.00000917
spelling	"Dhoni"	emerged	due	1	0.00000917
spelling	mistake	in	his	1	0.00000917
spells	the	surname	as	1	0.00000917
spending	a	day	with	1	0.00000917
sport	honour	Major	Dhyan	1	0.00000917
spot	didn't	lack	in	1	0.00000917
squad	for	a	tour	1	0.00000917
squad	for	the	2007	1	0.00000917
squad	for	the	2011	1	0.00000917
squad	for	the	2019	1	0.00000917
squad	for	the	Bangladesh	1	0.00000917
squad	for	the	C.	1	0.00000917
squad	for	the	ODI	1	0.00000917
squad	for	the	inaugural	1	0.00000917
squad	for	the	series	1	0.00000917
squad	in	2018.	Born	1	0.00000917
squad	that	won	the	1	0.00000917
squad,	he	was	picked	1	0.00000917
stadium's	south	stand	after	1	0.00000917
stage	after	losses	to	1	0.00000917
stage	after	the	match	1	0.00000917
stage	match	against	Afghanistan	1	0.00000917
stage	match	against	Mumbai	1	0.00000917
stage	matches	in	a	1	0.00000917
stage.	In	the	ODI	1	0.00000917
stand	after	Dhoni.	In	1	0.00000917
start	of	the	tournament	1	0.00000917
started	gaining	recognition	for	1	0.00000917
started	playing	football	as	1	0.00000917
state	cricket	team	since	1	0.00000917
statistics	Dhoni	has	scored	1	0.00000917
stepped	down	as	the	1	0.00000917
stepped	down	from	captaincy	1	0.00000917
stint	with	the	Territorial	1	0.00000917
strike	rate	of	102.15,	1	0.00000917
strike	rate	of	63.20	1	0.00000917
strike	rate	over	100	1	0.00000917
striking	the	ball	with	1	0.00000917
study	MBA	but	his	1	0.00000917
stumped	Akila	Dananjaya	off	1	0.00000917
stumping	in	the	history	1	0.00000917
stumping	of	Aiden	Markram	1	0.00000917
stumping	opportunity	of	Andrew	1	0.00000917
stumping),	and	in	the	1	0.00000917
stumpings	(195)	and	only	1	0.00000917
stumpings	Third	most	dismissals	1	0.00000917
stumpings	as	wicket-keeper	(34)	1	0.00000917
stumpings	by	any	wicket-keeper	1	0.00000917
stumpings	in	ODIs	when	1	0.00000917
stumpings	in	his	international	1	0.00000917
stumpings	in	international	cricket	1	0.00000917
stumpings.	Dhoni	made	it	1	0.00000917
stumpings.	In	the	tri-nation	1	0.00000917
stumps	while	also	being	1	0.00000917
style	Dhoni	is	a	1	0.00000917
style.	In	the	2003/04	1	0.00000917
subsequent	ODI	series	against	1	0.00000917
subsequent	seven-match	series	against	1	0.00000917
subsequent	tour	of	Pakistan	1	0.00000917
subsequently	named	in	the	1	0.00000917
successful	IPL	franchise	with	1	0.00000917
successful	Indian	captain.	He	1	0.00000917
successful	captains	of	all	1	0.00000917
successful	leader.	Dhoni	is	1	0.00000917
suggestion	of	his	coach	1	0.00000917
surname	as	"Dhauni".	The	1	0.00000917
surpass	his	earlier	record	1	0.00000917
surpassed	the	earlier	record	1	0.00000917
suspension	of	Chennai	Super	1	0.00000917
take	India	to	victory	1	0.00000917
taken	634	catches	and	1	0.00000917
taking	over	in	all	1	0.00000917
talent	and	also	tried	1	0.00000917
talent-spotting	initiative	TRDW.	In	1	0.00000917
talents	via	the	BCCI's	1	0.00000917
target	of	223	against	1	0.00000917
taught	to	him	by	1	0.00000917
team	and	served	as	1	0.00000917
team	and	was	the	1	0.00000917
team	for	the	2007	1	0.00000917
team	for	the	2021	1	0.00000917
team	in	1998.	At	1	0.00000917
team	in	332	matches	1	0.00000917
team	in	February	2017	1	0.00000917
team	in	all	formats.	1	0.00000917
team	in	the	Afro-Asia	1	0.00000917
team	in	the	Cooch	1	0.00000917
team	in	the	early	1	0.00000917
team	lost	twice	in	1	0.00000917
team	made	it	to	1	0.00000917
team	of	the	year	1	0.00000917
team	on	23	December	1	0.00000917
team	qualify	to	the	1	0.00000917
team	secure	a	20-run	1	0.00000917
team	since	1999	before	1	0.00000917
team	to	its	third	1	0.00000917
team	to	the	quarter	1	0.00000917
teams	that	won	the	1	0.00000917
technique,	taught	to	him	1	0.00000917
technique.	Dhoni	displays	a	1	0.00000917
technique.	He	is	known	1	0.00000917
ten	final	appearances.	Dhoni	1	0.00000917
ten	occasions	and	winning	1	0.00000917
tenth	century	in	ODIs	1	0.00000917
test	a	year	later	1	0.00000917
test	century	in	the	1	0.00000917
test	cricket	from	2008	1	0.00000917
test	cricket	in	2014	1	0.00000917
test	debut	in	the	1	0.00000917
test	in	Faisalabad.	He	1	0.00000917
test	leading	to	an	1	0.00000917
test	ranking	for	the	1	0.00000917
test	series	that	followed,	1	0.00000917
test	victory	in	South	1	0.00000917
test	with	injury.	Dhoni	1	0.00000917
test,	but	was	ruled	1	0.00000917
test,	he	effected	nine	1	0.00000917
tests	in	the	home	1	0.00000917
tests	including	a	first	1	0.00000917
tests	including	his	maiden	1	0.00000917
than	1,000	ODI	runs	1	0.00000917
than	100	in	both	1	0.00000917
than	50	in	ODIs.	1	0.00000917
than	60	in	the	1	0.00000917
than	7400	runs	across	1	0.00000917
than	75	million	followers	1	0.00000917
than	five	thousand	runs	1	0.00000917
than	the	conventional	Cover	1	0.00000917
than	thousand	runs	in	1	0.00000917
that	followed	and	the	1	0.00000917
that	followed,	Dhoni	scored	1	0.00000917
that	followed.	Dhoni	dropped	1	0.00000917
that	he	wanted	to	1	0.00000917
that	is	Mahendra	Singh	1	0.00000917
that	one	day	I'll	1	0.00000917
that	season	and	Ravindra	1	0.00000917
that	season,	in	a	1	0.00000917
that	season.	However,	he	1	0.00000917
that	the	wicket-keeper	spot	1	0.00000917
that	was	marred	by	1	0.00000917
that	was	released	on	1	0.00000917
that	won	the	Asia	1	0.00000917
that	won	the	Deodhar	1	0.00000917
the	1997/98	season	of	1	0.00000917
the	1998–99,	Dhoni	played	1	0.00000917
the	1999–2000	Cooch	Behar	1	0.00000917
the	1999–2000	season	and	1	0.00000917
the	1999–2000	season,	as	1	0.00000917
the	2000/01	season	did	1	0.00000917
the	2000–01	Ranji	Trophy	1	0.00000917
the	2001–02	Ranji	Trophy	1	0.00000917
the	2002–03	Ranji	Trophy	1	0.00000917
the	2003/04	season,	Dhoni	1	0.00000917
the	2006	ICC	Champions	1	0.00000917
the	2007	Cricket	World	1	0.00000917
the	2007	Future	Cup	1	0.00000917
the	2007	ICC	World	1	0.00000917
the	2008-09	season.	Dhoni	1	0.00000917
the	2009	ICC	Champions	1	0.00000917
the	2010	Champions	league.	1	0.00000917
the	2010	edition	and	1	0.00000917
the	2011	world	cup	1	0.00000917
the	2013–14	season.	Though	1	0.00000917
the	2014	ICC	World	1	0.00000917
the	2015	Cricket	World	1	0.00000917
the	2016	Asia	Cup,	1	0.00000917
the	2016	Indian	Premier	1	0.00000917
the	2017	ICC	Champions	1	0.00000917
the	2017-18	Vijay	Hazare	1	0.00000917
the	2018	Asia	Cup	1	0.00000917
the	2018	season.	He	1	0.00000917
the	2019	Cricket	World	1	0.00000917
the	2021	T20	World	1	0.00000917
the	2022	season.	Dhoni	1	0.00000917
the	2024	season,	Dhoni	1	0.00000917
the	Afro-Asia	Cup,	scoring	1	0.00000917
the	Agra	training	camp,	1	0.00000917
the	Army.	Seeing	the	1	0.00000917
the	Asia	Cup	in	1	0.00000917
the	Australia	tour	later	1	0.00000917
the	BCCI	in	2023	1	0.00000917
the	BCCI's	small-town	talent-spotting	1	0.00000917
the	BCCI.	Dhoni	made	1	0.00000917
the	Bangladesh	tour	in	1	0.00000917
the	Bihar	U-19	cricket	1	0.00000917
the	C.	K.	Nayudu	1	0.00000917
the	Carlton	Mid	triangular	1	0.00000917
the	Champions	Trophy,	India	1	0.00000917
the	Cooch	Behar	Trophy	1	0.00000917
the	DLF	Cup	2006-07,	1	0.00000917
the	Deodhar	Trophy	where	1	0.00000917
the	Deodhar	Trophy,	scoring	1	0.00000917
the	Duleep	Trophy	finals,	1	0.00000917
the	East	Zone	U-19	1	0.00000917
the	East	Zone	squad	1	0.00000917
the	Hockey	India	League.	1	0.00000917
the	ICC	ODI	Team	1	0.00000917
the	ICC	ODI	batsman	1	0.00000917
the	ICC	for	2006.	1	0.00000917
the	ICC.	After	the	1	0.00000917
the	ICC.	India	won	1	0.00000917
the	IPL	across	the	1	0.00000917
the	IPL,	as	well	1	0.00000917
the	IPL.	Ahead	of	1	0.00000917
the	India	A	squad	1	0.00000917
the	India	A	squad,	1	0.00000917
the	Indian	Super	League.	1	0.00000917
the	Indian	Territorial	Army:	1	0.00000917
the	Indian	side	after	1	0.00000917
the	Indian	team	and	1	0.00000917
the	Indian	team	for	1	0.00000917
the	Indian	team	in	1	0.00000917
the	JSCA	stadium's	south	1	0.00000917
the	Jharkhand	team	in	1	0.00000917
the	Long-on,	Long-off,	and	1	0.00000917
the	Match	award	while	1	0.00000917
the	Mumbai	Cricket	Association	1	0.00000917
the	ODI	series	at	1	0.00000917
the	ODI	side	before	1	0.00000917
the	ODI	squad	for	1	0.00000917
the	ODI	team	for	1	0.00000917
the	ODI	team	of	1	0.00000917
the	Ranji	ODI	tournament	1	0.00000917
the	Series	award	after	1	0.00000917
the	South	Africa	tour.	1	0.00000917
the	Sri	Lankan	bilateral	1	0.00000917
the	Super	Kings.	Following	1	0.00000917
the	Supergiants.	Dhoni	returned	1	0.00000917
the	T20I	squad	for	1	0.00000917
the	Territorial	Army	in	1	0.00000917
the	Tournament'	at	the	1	0.00000917
the	Wankhede	Stadium	where	1	0.00000917
the	World	Cup.	Final	1	0.00000917
the	Year:	2006	ICC	1	0.00000917
the	Year:	2006,	2008,	1	0.00000917
the	Year:	2008,	2009	1	0.00000917
the	Year:	2009,	2010,	1	0.00000917
the	Year:	2011	Castrol	1	0.00000917
the	Year:	2011	ICC	1	0.00000917
the	Zimbabwe	XI	in	1	0.00000917
the	auction.	Dhoni	scored	1	0.00000917
the	away	ODI	series	1	0.00000917
the	ball	and	is	1	0.00000917
the	ball	with	force	1	0.00000917
the	ban	of	Chennai	1	0.00000917
the	bat	with	a	1	0.00000917
the	batting	order	in	1	0.00000917
the	bottom	of	the	1	0.00000917
the	boundary.	He	is	1	0.00000917
the	bowler	to	adjust	1	0.00000917
the	captain	and	wicket-keeper	1	0.00000917
the	captain	of	India	1	0.00000917
the	captain	of	all	1	0.00000917
the	captaincy	back	to	1	0.00000917
the	city	of	Chennai	1	0.00000917
the	company	in	2013.	1	0.00000917
the	company	owned	by	1	0.00000917
the	company	was	a	1	0.00000917
the	company.	On	11	1	0.00000917
the	conflicting	interests	of	1	0.00000917
the	conventional	Cover	region.	1	0.00000917
the	decade:	2011–2020	ICC	1	0.00000917
the	earlier	record	for	1	0.00000917
the	early	2000s	saw	1	0.00000917
the	emerging	talents	via	1	0.00000917
the	enigma	that	is	1	0.00000917
the	fans	often	call	1	0.00000917
the	fastest	men	in	1	0.00000917
the	fastest	stumping	in	1	0.00000917
the	father	wanting	his	1	0.00000917
the	few	batsmen	to	1	0.00000917
the	field	which	has	1	0.00000917
the	fifth	and	final	1	0.00000917
the	final	on	ten	1	0.00000917
the	final	over	to	1	0.00000917
the	final	where	he	1	0.00000917
the	final	with	Dhoni	1	0.00000917
the	final.	Dhoni	was	1	0.00000917
the	final.	He	was	1	0.00000917
the	finals	in	the	1	0.00000917
the	finals,	where	Dhoni	1	0.00000917
the	finals.	In	the	1	0.00000917
the	first	Indian	captain	1	0.00000917
the	first	ODI	at	1	0.00000917
the	first	and	the	1	0.00000917
the	first	cricketer	to	1	0.00000917
the	first	eight	seasons	1	0.00000917
the	first	non-Australian	captain	1	0.00000917
the	first	player	to	1	0.00000917
the	first	season	of	1	0.00000917
the	first	test,	but	1	0.00000917
the	five	innings	he	1	0.00000917
the	following	season.	Under	1	0.00000917
the	format.	In	his	1	0.00000917
the	fourth	Indian	and	1	0.00000917
the	fourth	Indian	to	1	0.00000917
the	fourth	highest	civilian	1	0.00000917
the	franchise	to	victory	1	0.00000917
the	game	for	India.	1	0.00000917
the	group	stage	match	1	0.00000917
the	handle,	striking	the	1	0.00000917
the	helicopter	shot	technique,	1	0.00000917
the	higher	division.	Based	1	0.00000917
the	highest	aggregate	of	1	0.00000917
the	highest	averages	in	1	0.00000917
the	highest	individual	score	1	0.00000917
the	highest	run	scorer	1	0.00000917
the	history	of	cricket,	1	0.00000917
the	hosts	and	Sri	1	0.00000917
the	inaugural	World	Twenty20	1	0.00000917
the	inaugural	season	of	1	0.00000917
the	knock	out	stage.	1	0.00000917
the	lack	of	good	1	0.00000917
the	latter	two	resulting	1	0.00000917
the	lead	role	was	1	0.00000917
the	match	against	Australia	1	0.00000917
the	match	against	Zimbabwe	1	0.00000917
the	matches	and	finished	1	0.00000917
the	matches	in	the	1	0.00000917
the	mentor	of	the	1	0.00000917
the	middle	of	the	1	0.00000917
the	milestone	of	effecting	1	0.00000917
the	monicker	"Captain	cool".	1	0.00000917
the	most	expensive	signing	1	0.00000917
the	most	international	matches	1	0.00000917
the	most	popular	cricketers	1	0.00000917
the	most	prolific	and	1	0.00000917
the	most	prolific	wicket-keeper	1	0.00000917
the	most	prolific	wicket-keepers	1	0.00000917
the	most	successful	IPL	1	0.00000917
the	most	successful	Indian	1	0.00000917
the	nation	as	a	1	0.00000917
the	new	captain.	However,	1	0.00000917
the	only	captain	in	1	0.00000917
the	only	captain	to	1	0.00000917
the	only	match	he	1	0.00000917
the	order	and	helped	1	0.00000917
the	parachute	regiment	in	1	0.00000917
the	plot	illustrates	the	1	0.00000917
the	post	of	vice-president	1	0.00000917
the	process,	went	past	1	0.00000917
the	quarter	final	where	1	0.00000917
the	quarter	finals,	he	1	0.00000917
the	rain-shortened	final	against	1	0.00000917
the	record	for	most	1	0.00000917
the	same	month	against	1	0.00000917
the	same".	Dhoni	holds	1	0.00000917
the	season	with	283	1	0.00000917
the	season.	Dhoni	led	1	0.00000917
the	second	India	batsman	1	0.00000917
the	second	Indian	captain	1	0.00000917
the	second	game	of	1	0.00000917
the	second	innings	in	1	0.00000917
the	second	innings.	Dhoni	1	0.00000917
the	second	match	of	1	0.00000917
the	second	test	in	1	0.00000917
the	second	test	leading	1	0.00000917
the	semi-final	loss	against	1	0.00000917
the	semi-finals	with	Dhoni	1	0.00000917
the	series	against	New	1	0.00000917
the	series	and	was	1	0.00000917
the	series	in	Visakhapatnam,	1	0.00000917
the	series	in	the	1	0.00000917
the	series	loss.	In	1	0.00000917
the	series	that	followed	1	0.00000917
the	series	was	washed	1	0.00000917
the	series	while	also	1	0.00000917
the	series	with	a	1	0.00000917
the	series	with	the	1	0.00000917
the	series,	he	effected	1	0.00000917
the	series,	he	scored	1	0.00000917
the	series.	Dhoni	became	1	0.00000917
the	series.	Dhoni	himself	1	0.00000917
the	series.	Subsequently,	Dhoni	1	0.00000917
the	side	in	limited	1	0.00000917
the	soldiers,	I	thought	1	0.00000917
the	start	of	the	1	0.00000917
the	stumping	of	Aiden	1	0.00000917
the	stumps	while	also	1	0.00000917
the	subsequent	ODI	series	1	0.00000917
the	subsequent	seven-match	series	1	0.00000917
the	subsequent	tour	of	1	0.00000917
the	suggestion	of	his	1	0.00000917
the	surname	as	"Dhauni".	1	0.00000917
the	team	lost	twice	1	0.00000917
the	team	qualify	to	1	0.00000917
the	team	to	the	1	0.00000917
the	teams	that	won	1	0.00000917
the	test	series	that	1	0.00000917
the	third	ODI	at	1	0.00000917
the	third	ODI	of	1	0.00000917
the	third	ODI.	Dhoni	1	0.00000917
the	third	Test	in	1	0.00000917
the	third	game	of	1	0.00000917
the	third	overall	and	1	0.00000917
the	third	test	with	1	0.00000917
the	three	matches	of	1	0.00000917
the	three-match	series,	Dhoni	1	0.00000917
the	title	again	in	1	0.00000917
the	title	in	2018.	1	0.00000917
the	title	winning	squad	1	0.00000917
the	top	ranking	in	1	0.00000917
the	tournament	after	defeating	1	0.00000917
the	tournament	included	488	1	0.00000917
the	tournament	thus	ruling	1	0.00000917
the	tournament.	As	a	1	0.00000917
the	tournament.	Dhoni	made	1	0.00000917
the	tournament.	He	returned	1	0.00000917
the	tri-nation	tournament	involving	1	0.00000917
the	two-year	suspension	of	1	0.00000917
the	wicket-keeper	spot	didn't	1	0.00000917
the	wicket-keeper	to	ensure	1	0.00000917
the	wickets.	He	plays	1	0.00000917
the	winning	shot	in	1	0.00000917
the	world.	As	of	1	0.00000917
the	year	by	the	1	0.00000917
the	year.	2011	World	1	0.00000917
the	youngest	of	three	1	0.00000917
their	first	in	a	1	0.00000917
their	five	draft	picks	1	0.00000917
their	line	and	length	1	0.00000917
their	return	to	win	1	0.00000917
their	target	of	223	1	0.00000917
their	tour	of	India	1	0.00000917
them	to	the	final	1	0.00000917
these	matches	and	just	1	0.00000917
third	IPL	title.	Dhoni	1	0.00000917
third	ODI	at	Jaipur	1	0.00000917
third	ODI	of	the	1	0.00000917
third	ODI.	Dhoni	was	1	0.00000917
third	Test	in	Melbourne,	1	0.00000917
third	game	of	the	1	0.00000917
third	highest	civilian	award	1	0.00000917
third	overall	and	the	1	0.00000917
third	test	with	injury.	1	0.00000917
this	century,	his	performance	1	0.00000917
this	title	with	Rohit	1	0.00000917
though	Dhoni	himself	was	1	0.00000917
though	Dhoni	scored	a	1	0.00000917
thought	that	one	day	1	0.00000917
thousand	runs	in	ODIs	1	0.00000917
thousand	runs	in	the	1	0.00000917
three	children.	His	family	1	0.00000917
three	consecutive	50-plus	scores	1	0.00000917
three	different	limited	overs	1	0.00000917
three	games	and	did	1	0.00000917
three	games	with	the	1	0.00000917
three	innings	at	an	1	0.00000917
three	innings	in	the	1	0.00000917
three	matches	at	an	1	0.00000917
three	matches	of	the	1	0.00000917
three	runs	in	the	1	0.00000917
three	tests	in	the	1	0.00000917
three	years.	He	was	1	0.00000917
three-match	series,	Dhoni	scored	1	0.00000917
thus	ruling	him	out	1	0.00000917
thus,	becoming	the	second	1	0.00000917
tightened	for	his	family.	1	0.00000917
till	2019.	He	has	1	0.00000917
time	in	five	years	1	0.00000917
time	in	its	history.	1	0.00000917
time.	Captaincy	In	2007,	1	0.00000917
time.	Records	and	achievements	1	0.00000917
times	(2010,	2011,	2018,	1	0.00000917
times	in	ODIs.	Dhoni	1	0.00000917
title	again	in	2021	1	0.00000917
title	in	2011.	Dhoni	1	0.00000917
title	in	2014.	Dhoni	1	0.00000917
title	in	2018.	The	1	0.00000917
title	winning	campaign,	he	1	0.00000917
title	winning	squad	in	1	0.00000917
title	wins	and	ten	1	0.00000917
title	with	Rohit	Sharma	1	0.00000917
title.	Dhoni	led	CSK	1	0.00000917
titled	M.S.	Dhoni:	The	1	0.00000917
titled	Roar	of	The	1	0.00000917
titles	in	2010	and	1	0.00000917
to	1998	and	Central	1	0.00000917
to	2003,	Dhoni	worked	1	0.00000917
to	2014.	Dhoni	has	1	0.00000917
to	2017	and	in	1	0.00000917
to	Bangladesh	and	Sri	1	0.00000917
to	CSK	for	the	1	0.00000917
to	Dhoni	in	the	1	0.00000917
to	No.	3	in	1	0.00000917
to	Pan	Singh	and	1	0.00000917
to	Ruturaj	Gaikwad.	He	1	0.00000917
to	Sachin	Tendulkar,	the	1	0.00000917
to	Sri	Lanka	in	1	0.00000917
to	West	Indies	and	1	0.00000917
to	a	spelling	mistake	1	0.00000917
to	achieve	the	top	1	0.00000917
to	adjust	their	line	1	0.00000917
to	aggregate	more	than	1	0.00000917
to	an	Indian	win.	1	0.00000917
to	back	centuries.	International	1	0.00000917
to	be	$80.3	million	1	0.00000917
to	become	a	cricketer	1	0.00000917
to	become	a	soldier	1	0.00000917
to	claim	all	ICC	1	0.00000917
to	clear	the	boundary.	1	0.00000917
to	criticism	of	his	1	0.00000917
to	effect	100	stumpings	1	0.00000917
to	ensure	that	the	1	0.00000917
to	eventual	champions	Australia	1	0.00000917
to	have	an	average	1	0.00000917
to	have	scored	more	1	0.00000917
to	him	by	a	1	0.00000917
to	him.	Dhoni	has	1	0.00000917
to	honour	him	by	1	0.00000917
to	its	second	Champions	1	0.00000917
to	its	second	consecutive	1	0.00000917
to	its	third	IPL	1	0.00000917
to	join	the	Army.	1	0.00000917
to	lead	CSK	to	1	0.00000917
to	lead	India	200	1	0.00000917
to	make	150	stumpings	1	0.00000917
to	make	it	to	1	0.00000917
to	pass	10,000	runs	1	0.00000917
to	play	200	T20	1	0.00000917
to	play	cricket	on	1	0.00000917
to	play	the	final	1	0.00000917
to	produce	content	across	1	0.00000917
to	regular	captain	Rohit	1	0.00000917
to	score	more	than	1	0.00000917
to	showcase	his	batting	1	0.00000917
to	study	MBA	but	1	0.00000917
to	take	India	to	1	0.00000917
to	the	2011	world	1	0.00000917
to	the	East	Zone	1	0.00000917
to	the	final	on	1	0.00000917
to	the	finals	in	1	0.00000917
to	the	finals,	where	1	0.00000917
to	the	higher	division.	1	0.00000917
to	the	knock	out	1	0.00000917
to	the	nation	as	1	0.00000917
to	the	quarter	final	1	0.00000917
to	the	title	again	1	0.00000917
to	two	Champions	League	1	0.00000917
to	victory	again	the	1	0.00000917
to	victory	by	one	1	0.00000917
to	win	100	ODI	1	0.00000917
to	win	a	single	1	0.00000917
to	win	all	group	1	0.00000917
to	win	the	title	1	0.00000917
to	win	three	different	1	0.00000917
took	his	first	and	1	0.00000917
top	ranking	in	ICC	1	0.00000917
top-scored	in	all	the	1	0.00000917
topped	the	ICC	ODI	1	0.00000917
tour	in	December	2004.	1	0.00000917
tour	later	that	season.	1	0.00000917
tour	of	Australia	in	1	0.00000917
tour	of	England,	he	1	0.00000917
tour	of	India	at	1	0.00000917
tour	of	India	in	1	0.00000917
tour	of	Pakistan	scoring	1	0.00000917
tour	of	Zimbabwe	and	1	0.00000917
tour.	Though,	he	had	1	0.00000917
toured	India	for	a	1	0.00000917
toured	South	Africa	and	1	0.00000917
toured	West	Indies	for	1	0.00000917
tournament	after	defeating	Pakistan	1	0.00000917
tournament	against	the	hosts	1	0.00000917
tournament	and	was	part	1	0.00000917
tournament	included	488	runs	1	0.00000917
tournament	involving	Kenya,	India	1	0.00000917
tournament	thus	ruling	him	1	0.00000917
tournament.	As	a	result,	1	0.00000917
tournament.	Dhoni	made	his	1	0.00000917
tournament.	He	returned	to	1	0.00000917
tournaments.	He	also	led	1	0.00000917
towards	the	Long-on,	Long-off,	1	0.00000917
training	camp,	he	became	1	0.00000917
training	jumps	from	Indian	1	0.00000917
tri-nation	tournament	against	the	1	0.00000917
tri-nation	tournament	involving	Kenya,	1	0.00000917
triangular	series	in	Australia,	1	0.00000917
tried	other	wicket-keeper/batsmen	like	1	0.00000917
trophies.	In	the	rain-shortened	1	0.00000917
trophy	and	on	25	1	0.00000917
trophy,	he	played	for	1	0.00000917
trophy,	where	he	scored	1	0.00000917
twelfth	overall	to	do	1	0.00000917
twice	in	three	games	1	0.00000917
two	Champions	League	T20	1	0.00000917
two	centuries	during	Sri	1	0.00000917
two	innings	at	a	1	0.00000917
two	new	franchises	Rising	1	0.00000917
two	resulting	in	wins,	1	0.00000917
two	seasons	for	the	1	0.00000917
two	tests	including	a	1	0.00000917
two-week	stint	with	the	1	0.00000917
two-year	suspension	of	Chennai	1	0.00000917
unavailable,	Dhoni	became	the	1	0.00000917
unbeaten	183	runs	off	1	0.00000917
unbeaten	91.	In	December	1	0.00000917
unbeaten	four-ball	20.	Outside	1	0.00000917
unbeaten.	Dhoni	stepped	down	1	0.00000917
under	South	Eastern	Railway	1	0.00000917
under-16	championship.	In	the	1	0.00000917
unexpectedly	crashed	out	in	1	0.00000917
unorthodox	batsman	who	deviates	1	0.00000917
unorthodox	captaincy,	approachability	and	1	0.00000917
unravelling	the	enigma	that	1	0.00000917
until	his	resignation	from	1	0.00000917
until	it	was	broken	1	0.00000917
up	the	order	and	1	0.00000917
value	was	projected	to	1	0.00000917
vandalised	and	damaged	by	1	0.00000917
various	genres.	The	first	1	0.00000917
vehicle	re-seller	CARS24	and	1	0.00000917
via	the	BCCI's	small-town	1	0.00000917
vice-captain	of	the	ODI	1	0.00000917
vice-president	in	India	Cements	1	0.00000917
victory	again	the	following	1	0.00000917
victory	by	one	wicket.	1	0.00000917
victory	in	South	Africa	1	0.00000917
victory	in	the	2007	1	0.00000917
victory	in	the	2013	1	0.00000917
victory	in	the	2016	1	0.00000917
victory	in	the	tournament	1	0.00000917
victory	over	West	Indies	1	0.00000917
victory,	their	first	in	1	0.00000917
village	in	Uttar	Pradesh	1	0.00000917
wanted	to	become	a	1	0.00000917
wanted	to	join	the	1	0.00000917
wanting	his	son	to	1	0.00000917
wanting	to	become	a	1	0.00000917
was	a	documentary	web	1	0.00000917
was	a	member	of	1	0.00000917
was	acquired	by	Chennai	1	0.00000917
was	adjudged	Man	of	1	0.00000917
was	also	named	as	1	0.00000917
was	also	the	highest	1	0.00000917
was	appointed	captain	of	1	0.00000917
was	appointed	the	new	1	0.00000917
was	awarded	India's	highest	1	0.00000917
was	awarded	a	"B"	1	0.00000917
was	awarded	an	'A'	1	0.00000917
was	awarded	an	honorary	1	0.00000917
was	awarded	the	Man	1	0.00000917
was	born	on	6	1	0.00000917
was	born	on	7	1	0.00000917
was	broken	by	Wriddhiman	1	0.00000917
was	broken	seven	years	1	0.00000917
was	described	in	Wisden	1	0.00000917
was	identified	as	one	1	0.00000917
was	included	in	the	1	0.00000917
was	inducted	into	ICC	1	0.00000917
was	later	appointed	as	1	0.00000917
was	made	popular	by	1	0.00000917
was	marred	by	rain	1	0.00000917
was	named	as	a	1	0.00000917
was	named	as	captain	1	0.00000917
was	named	as	the	1	0.00000917
was	named	in	India's	1	0.00000917
was	named	player	of	1	0.00000917
was	named	vice-captain	of	1	0.00000917
was	not	selected	for	1	0.00000917
was	one	of	the	1	0.00000917
was	out	for	a	1	0.00000917
was	picked	in	the	1	0.00000917
was	projected	to	be	1	0.00000917
was	promoted	to	No.	1	0.00000917
was	released	on	28	1	0.00000917
was	released	on	29	1	0.00000917
was	released	on	5	1	0.00000917
was	retained	for	₹12	1	0.00000917
was	retired	by	the	1	0.00000917
was	ruled	out	of	1	0.00000917
was	run	out	for	1	0.00000917
was	subsequently	named	in	1	0.00000917
was	the	captain	of	1	0.00000917
was	the	highest	score	1	0.00000917
was	the	most	expensive	1	0.00000917
was	the	youngest	of	1	0.00000917
was	tightened	for	his	1	0.00000917
was	vandalised	and	damaged	1	0.00000917
was	washed	away.	Dhoni	1	0.00000917
was	washed	out.	Dhoni	1	0.00000917
washed	away.	Dhoni	played	1	0.00000917
washed	out.	Dhoni	averaged	1	0.00000917
web	series	titled	Roar	1	0.00000917
well	as	being	the	1	0.00000917
well	as	hard-hitting	batting	1	0.00000917
well	for	the	India	1	0.00000917
went	past	10,000	ODI	1	0.00000917
went	past	Kumar	Sangakkara's	1	0.00000917
were	established	for	the	1	0.00000917
when	dismissing	Keemo	Paul.	1	0.00000917
when	he	bowled	Travis	1	0.00000917
when	he	stumped	Akila	1	0.00000917
where	Dhoni	made	84	1	0.00000917
where	Dhoni	scored	146	1	0.00000917
where	India	finished	as	1	0.00000917
where	India	remained	unbeaten.	1	0.00000917
where	Jharkhand	lost	against	1	0.00000917
where	he	hit	the	1	0.00000917
where	he	scored	102	1	0.00000917
where	he	scored	an	1	0.00000917
where	he	started	gaining	1	0.00000917
where	he	started	playing	1	0.00000917
where	he	was	adjudged	1	0.00000917
where	the	plot	illustrates	1	0.00000917
which	India	finished	as	1	0.00000917
which	India	unexpectedly	crashed	1	0.00000917
which	India	won	to	1	0.00000917
which	dealt	with	the	1	0.00000917
which	got	him	the	1	0.00000917
which	has	earned	him	1	0.00000917
which	he	co-owns	while	1	0.00000917
which	led	to	criticism	1	0.00000917
which	surpassed	the	earlier	1	0.00000917
which	was	broken	seven	1	0.00000917
which	was	presented	to	1	0.00000917
which	was	released	on	1	0.00000917
which	was	the	highest	1	0.00000917
while	also	becoming	the	1	0.00000917
while	also	being	criticised	1	0.00000917
while	also	later	winning	1	0.00000917
while	also	serving	as	1	0.00000917
while	playing	for	Bihar	1	0.00000917
who	deviates	from	conventional	1	0.00000917
who	plays	as	a	1	0.00000917
who	was	born	on	1	0.00000917
whose	IPL	franchise	he	1	0.00000917
wicket	in	international	cricket	1	0.00000917
wicket	keeper	in	a	1	0.00000917
wicket	partnership	for	India	1	0.00000917
wicket-keeper	(123)	T20Is	Second	1	0.00000917
wicket-keeper	(183*)	Highest	eighth	1	0.00000917
wicket-keeper	(294)	ODIs	Most	1	0.00000917
wicket-keeper	(34)	Most	catches	1	0.00000917
wicket-keeper	(4876)	Most	number	1	0.00000917
wicket-keeper	(829)	Sixth	most	1	0.00000917
wicket-keeper	Most	stumpings	by	1	0.00000917
wicket-keeper	and	was	described	1	0.00000917
wicket-keeper	batsmen	and	captains,	1	0.00000917
wicket-keeper	for	Commando	cricket	1	0.00000917
wicket-keeper	of	the	ICC	1	0.00000917
wicket-keeper	spot	didn't	lack	1	0.00000917
wicket-keeper	to	do	so.	1	0.00000917
wicket-keeper	to	effect	100	1	0.00000917
wicket-keeper	to	ensure	that	1	0.00000917
wicket-keeper	to	make	150	1	0.00000917
wicket-keeper)	ICC	Men's	T20I	1	0.00000917
wicket-keeper)	ICC	Spirit	of	1	0.00000917
wicket-keeper,	he	has	been	1	0.00000917
wicket-keeper.	Dhoni	is	an	1	0.00000917
wicket-keeper.	Dhoni	played	in	1	0.00000917
wicket-keeper.	Widely	regarded	as	1	0.00000917
wicket-keeper/batsmen	like	Parthiv	Patel	1	0.00000917
wicket-keepers	of	all	time.	1	0.00000917
wicket-keeping.	In	the	DLF	1	0.00000917
wicket.	In	November	2013,	1	0.00000917
wicketkeeper	of	the	'Team	1	0.00000917
wicketkeeper	until	it	was	1	0.00000917
wickets.	He	plays	the	1	0.00000917
wife	have	a	daughter,	1	0.00000917
win	100	ODI	matches.	1	0.00000917
win	a	single	match	1	0.00000917
win	all	group	stage	1	0.00000917
win	and	later	Dhoni	1	0.00000917
win	the	title	in	1	0.00000917
win	three	different	limited	1	0.00000917
win,	following	his	unbeaten	1	0.00000917
win,	titled	M.S.	Dhoni:	1	0.00000917
win.	Dhoni	played	all	1	0.00000917
winning	campaign,	he	scored	1	0.00000917
winning	it	five	times	1	0.00000917
winning	shot	in	2011	1	0.00000917
winning	squad	in	2018.	1	0.00000917
winning	the	Man	of	1	0.00000917
winning	the	game	for	1	0.00000917
wins	and	ten	final	1	0.00000917
wins	by	an	Indian	1	0.00000917
wins,	helping	India	secure	1	0.00000917
with	283	runs	in	1	0.00000917
with	Banijay	Asia	to	1	0.00000917
with	Bhuvneshwar	Kumar)	Most	1	0.00000917
with	Dhoni	averaging	more	1	0.00000917
with	Dhoni	being	named	1	0.00000917
with	Dhoni	having	a	1	0.00000917
with	Dhoni	himself	managing	1	0.00000917
with	Dhoni	scoring	ducks	1	0.00000917
with	India	crashing	out	1	0.00000917
with	Rohit	Sharma	.	1	0.00000917
with	Sushant	Singh	Rajput	1	0.00000917
with	a	century	in	1	0.00000917
with	a	firm	grip	1	0.00000917
with	a	half-century	and	1	0.00000917
with	an	average	of	1	0.00000917
with	back	to	back	1	0.00000917
with	five	fifties,	17	1	0.00000917
with	five	title	wins	1	0.00000917
with	force	and	precision	1	0.00000917
with	injury.	Dhoni	made	1	0.00000917
with	the	Territorial	Army	1	0.00000917
with	the	ban	of	1	0.00000917
with	the	city	of	1	0.00000917
with	the	father	wanting	1	0.00000917
with	the	highest	aggregate	1	0.00000917
with	the	latter	two	1	0.00000917
with	the	parachute	regiment	1	0.00000917
with	three	consecutive	50-plus	1	0.00000917
won	by	five	runs	1	0.00000917
won	its	second	ever	1	0.00000917
won	the	2010	Champions	1	0.00000917
won	the	2010	edition	1	0.00000917
won	the	Asia	Cup	1	0.00000917
won	the	Deodhar	Trophy,	1	0.00000917
won	the	away	ODI	1	0.00000917
won	to	achieve	the	1	0.00000917
worked	as	a	Travelling	1	0.00000917
world	cup	after	defeating	1	0.00000917
world	cup	win,	titled	1	0.00000917
world	cup.	In	the	1	0.00000917
world.	As	of	2022,	1	0.00000917
would	surpass	his	earlier	1	0.00000917
year	by	the	ICC	1	0.00000917
year	in	ODIs	in	1	0.00000917
year	later	against	Sri	1	0.00000917
year.	2011	World	Cup	1	0.00000917
years	The	Indian	ODI	1	0.00000917
years	and	Dhoni	top-scored	1	0.00000917
years	and	retirement	Dhoni	1	0.00000917
years	later	by	Shane	1	0.00000917
years.	He	was	named	1	0.00000917
yet	anything	but	crude'.	1	0.00000917
youngest	of	three	children.	1	0.00000917
zone	and	Rest	of	1	0.00000917
zone	of	Indian	Railways.	1	0.00000917
ˈd̪ʱoːniː]	;	born	7	1	0.00000917
ˈsɪŋɡʱ	ˈd̪ʱoːniː]	;	born	1	0.00000917
₹12	crore	(US$1.4	million)	1	0.00000917
₹125	million	(US$1.5	million).	1	0.00000917
