w1	w2	w3	count	gt_prob
an	average	of	11	0.00231044
at	an	average	10	0.00231044
by	an	Indian	9	0.00105020
of	the	Indian	9	0.00105020
squad	for	the	8	0.00378072
one	of	the	7	0.00168032
Dhoni	made	his	6	0.00024505
captain	of	the	6	0.00024505
in	the	first	6	0.00024505
of	the	Year:	6	0.00024505
of	the	series	6	0.00024505
the	captain	of	6	0.00024505
Chennai	Super	Kings	5	0.00108021
Dhoni	played	for	5	0.00108021
India	to	victory	5	0.00108021
ODI	series	in	5	0.00108021
as	the	captain	5	0.00108021
became	the	first	5	0.00108021
runs	in	the	5	0.00108021
Dhoni	became	the	4	0.00036757
Dhoni	led	India	4	0.00036757
Dhoni	was	awarded	4	0.00036757
Indian	Premier	League	4	0.00036757
Man	of	the	4	0.00036757
South	Africa	in	4	0.00036757
Sri	Lanka	in	4	0.00036757
against	South	Africa	4	0.00036757
in	international	cricket	4	0.00036757
in	the	second	4	0.00036757
innings	at	an	4	0.00036757
led	CSK	to	4	0.00036757
led	India	to	4	0.00036757
match	of	the	4	0.00036757
of	the	ODI	4	0.00036757
of	the	most	4	0.00036757
runs	in	four	4	0.00036757
the	ODI	series	4	0.00036757
to	victory	in	4	0.00036757
victory	in	the	4	0.00036757
'Team	of	the	3	0.00031117
Dhoni	was	appointed	3	0.00031117
He	has	scored	3	0.00031117
He	was	named	3	0.00031117
Indian	cricket	team	3	0.00031117
Mahendra	Singh	Dhoni	3	0.00031117
Parachute	Regiment	of	3	0.00031117
Regiment	of	the	3	0.00031117
Team	of	the	3	0.00031117
West	Indies	and	3	0.00031117
an	Indian	captain	3	0.00031117
an	Indian	wicket-keeper	3	0.00031117
appointed	as	the	3	0.00031117
as	a	wicket-keeper	3	0.00031117
as	one	of	3	0.00031117
captain	to	win	3	0.00031117
first	match	of	3	0.00031117
he	became	the	3	0.00031117
he	scored	just	3	0.00031117
highest	score	by	3	0.00031117
home	series	against	3	0.00031117
in	the	group	3	0.00031117
in	the	third	3	0.00031117
it	to	the	3	0.00031117
matches	as	captain	3	0.00031117
matches	in	the	3	0.00031117
of	India	in	3	0.00031117
of	the	'Team	3	0.00031117
of	the	Tournament'	3	0.00031117
of	the	decade:	3	0.00031117
picked	for	the	3	0.00031117
record	for	the	3	0.00031117
runs	at	an	3	0.00031117
runs	in	five	3	0.00031117
score	by	an	3	0.00031117
team	in	the	3	0.00031117
team	of	the	3	0.00031117
the	'Team	of	3	0.00031117
the	Indian	Premier	3	0.00031117
the	Indian	Territorial	3	0.00031117
the	Indian	cricket	3	0.00031117
the	Indian	team	3	0.00031117
the	Man	of	3	0.00031117
the	decade:	2011–2020	3	0.00031117
the	first	match	3	0.00031117
the	group	stage	3	0.00031117
the	highest	score	3	0.00031117
the	home	series	3	0.00031117
the	most	prolific	3	0.00031117
to	him	by	3	0.00031117
was	named	as	3	0.00031117
was	picked	for	3	0.00031117
was	released	on	3	0.00031117
wicket-keeper	of	the	3	0.00031117
(captain	and	wicket-keeper)	2	0.00016281
(captain	in	2009,	2	0.00016281
2011	Cricket	World	2	0.00016281
2011	World	Cup	2	0.00016281
2011–2020	(captain	and	2	0.00016281
2013	ICC	Champions	2	0.00016281
50	in	ODIs.	2	0.00016281
Africa	in	November	2	0.00016281
Assam	in	the	2	0.00016281
Bangladesh	in	the	2	0.00016281
CSK	to	its	2	0.00016281
CSK	to	the	2	0.00016281
Champions	Trophy,	India	2	0.00016281
Cricket	Hall	of	2	0.00016281
Cricket	World	Cup	2	0.00016281
Cricket	World	Cup,	2	0.00016281
Cricketer	of	the	2	0.00016281
Dhoni	holds	an	2	0.00016281
Dhoni	holds	the	2	0.00016281
Dhoni	invested	in	2	0.00016281
Dhoni	is	a	2	0.00016281
Dhoni	is	an	2	0.00016281
Dhoni	led	CSK	2	0.00016281
Dhoni	led	the	2	0.00016281
Dhoni	played	in	2	0.00016281
Dhoni	scored	a	2	0.00016281
Dhoni	stepped	down	2	0.00016281
Dhoni	was	picked	2	0.00016281
He	has	also	2	0.00016281
ICC	Champions	Trophy	2	0.00016281
ICC	Champions	Trophy,	2	0.00016281
ICC	Cricket	Hall	2	0.00016281
ICC	Men's	ODI	2	0.00016281
In	2019,	Dhoni	2	0.00016281
In	the	second	2	0.00016281
India	finished	as	2	0.00016281
India	lost	to	2	0.00016281
Indian	Army	in	2	0.00016281
Indian	Territorial	Army	2	0.00016281
Indian	captain	to	2	0.00016281
Indian	squad	for	2	0.00016281
Lanka	in	the	2	0.00016281
Lieutenant	colonel	in	2	0.00016281
ODI	Team	of	2	0.00016281
ODI	in	the	2	0.00016281
ODI	team	of	2	0.00016281
Singh	Dhoni	at	2	0.00016281
South	Africa	and	2	0.00016281
Tournament'	by	the	2	0.00016281
Under	his	captaincy,	2	0.00016281
West	Indies	in	2	0.00016281
a	bilateral	series	2	0.00016281
a	franchise	of	2	0.00016281
a	losing	cause.	2	0.00016281
a	strike	rate	2	0.00016281
against	Assam	in	2	0.00016281
against	England.	Dhoni	2	0.00016281
against	New	Zealand.	2	0.00016281
against	Sri	Lanka	2	0.00016281
against	West	Indies	2	0.00016281
all	the	matches	2	0.00016281
an	honorary	rank	2	0.00016281
and	Sri	Lanka	2	0.00016281
and	final	ODI	2	0.00016281
and	he	was	2	0.00016281
and	in	the	2	0.00016281
and	wicket-keeper	of	2	0.00016281
and	wicket-keeper)	ICC	2	0.00016281
announced	his	retirement	2	0.00016281
as	captain	and	2	0.00016281
as	well	as	2	0.00016281
at	Chennai.	Dhoni	2	0.00016281
auction	for	the	2	0.00016281
becoming	the	fourth	2	0.00016281
both	the	series.	2	0.00016281
by	any	wicket-keeper	2	0.00016281
by	the	ICC.	2	0.00016281
by	the	Indian	2	0.00016281
captain	and	wicket-keeper	2	0.00016281
century	in	the	2	0.00016281
civilian	award	Padma	2	0.00016281
colonel	in	the	2	0.00016281
cricket	team	in	2	0.00016281
debut	for	Bihar	2	0.00016281
debut	in	the	2	0.00016281
decade:	2011–2020	(captain	2	0.00016281
dismissals	in	an	2	0.00016281
do	so.	In	2	0.00016281
earlier	record	for	2	0.00016281
first	time	in	2	0.00016281
first	wicket-keeper	to	2	0.00016281
for	Bihar	against	2	0.00016281
for	a	duck.	2	0.00016281
for	the	2007	2	0.00016281
for	the	India	2	0.00016281
for	the	first	2	0.00016281
for	the	highest	2	0.00016281
for	the	inaugural	2	0.00016281
franchise	of	the	2	0.00016281
from	three	innings	2	0.00016281
game	of	the	2	0.00016281
grade	contract	by	2	0.00016281
group	stage	after	2	0.00016281
half-century	in	the	2	0.00016281
he	was	picked	2	0.00016281
highest	civilian	award	2	0.00016281
him	by	the	2	0.00016281
his	captaincy,	CSK	2	0.00016281
his	retirement	from	2	0.00016281
holds	an	honorary	2	0.00016281
honorary	rank	of	2	0.00016281
in	2010	and	2	0.00016281
in	2011.	In	2	0.00016281
in	5	matches.	2	0.00016281
in	Australia.	In	2	0.00016281
in	ODIs	in	2	0.00016281
in	Ranchi,	Dhoni	2	0.00016281
in	South	Africa	2	0.00016281
in	a	losing	2	0.00016281
in	an	innings	2	0.00016281
in	five	ODI	2	0.00016281
in	his	international	2	0.00016281
in	limited	overs	2	0.00016281
in	six	innings	2	0.00016281
in	the	1999–2000	2	0.00016281
in	the	ODI	2	0.00016281
in	the	Parachute	2	0.00016281
in	the	final	2	0.00016281
in	the	final.	2	0.00016281
in	the	home	2	0.00016281
in	the	series	2	0.00016281
in	the	tournament	2	0.00016281
in	the	tournament.	2	0.00016281
in	which	India	2	0.00016281
is	one	of	2	0.00016281
known	for	his	2	0.00016281
made	his	debut	2	0.00016281
made	it	to	2	0.00016281
match	for	scoring	2	0.00016281
matches	at	an	2	0.00016281
matches.	In	the	2	0.00016281
most	dismissals	in	2	0.00016281
named	as	captain	2	0.00016281
of	Chennai	Super	2	0.00016281
of	Lieutenant	colonel	2	0.00016281
of	all	time.	2	0.00016281
of	the	match	2	0.00016281
out	for	a	2	0.00016281
out	of	the	2	0.00016281
part	of	the	2	0.00016281
played	for	Bihar	2	0.00016281
presented	to	him	2	0.00016281
rank	of	Lieutenant	2	0.00016281
record	for	most	2	0.00016281
represented	East	Zone	2	0.00016281
runs	and	led	2	0.00016281
runs	from	three	2	0.00016281
runs	in	5	2	0.00016281
runs	in	six	2	0.00016281
runs	in	two	2	0.00016281
scored	more	than	2	0.00016281
season	of	the	2	0.00016281
seasons	for	the	2	0.00016281
series	against	West	2	0.00016281
six	innings	at	2	0.00016281
stage	match	against	2	0.00016281
strike	rate	of	2	0.00016281
team	for	the	2	0.00016281
that	won	the	2	0.00016281
the	2011	Cricket	2	0.00016281
the	2013	ICC	2	0.00016281
the	East	Zone	2	0.00016281
the	ICC	ODI	2	0.00016281
the	India	A	2	0.00016281
the	Indian	Army	2	0.00016281
the	Indian	squad	2	0.00016281
the	ODI	team	2	0.00016281
the	Parachute	Regiment	2	0.00016281
the	Tournament'	by	2	0.00016281
the	Year:	2011	2	0.00016281
the	auction	for	2	0.00016281
the	first	time	2	0.00016281
the	first	wicket-keeper	2	0.00016281
the	fourth	Indian	2	0.00016281
the	match	against	2	0.00016281
the	match	for	2	0.00016281
the	most	dismissals	2	0.00016281
the	most	successful	2	0.00016281
the	only	captain	2	0.00016281
the	second	test	2	0.00016281
the	series	in	2	0.00016281
the	series	with	2	0.00016281
the	series,	he	2	0.00016281
the	series.	Dhoni	2	0.00016281
the	squad	for	2	0.00016281
the	third	ODI	2	0.00016281
thousand	runs	in	2	0.00016281
to	become	a	2	0.00016281
to	do	so.	2	0.00016281
to	its	second	2	0.00016281
tour	of	India	2	0.00016281
was	appointed	as	2	0.00016281
was	awarded	an	2	0.00016281
was	born	on	2	0.00016281
was	part	of	2	0.00016281
was	presented	to	2	0.00016281
where	he	scored	2	0.00016281
where	he	started	2	0.00016281
won	the	2010	2	0.00016281
"B"	grade	contract	1	0.00002208
"Captain	cool".	Personal	1	0.00002208
"Dhauni".	The	spelling	1	0.00002208
"Dhoni"	emerged	due	1	0.00002208
"Since	childhood	I	1	0.00002208
$80.3	million	by	1	0.00002208
'A'	grade	contract	1	0.00002208
'Thala'	meaning	leader	1	0.00002208
'Uninhibited,	yet	anything	1	0.00002208
(1,153)	before	scoring	1	0.00002208
(100*	with	Bhuvneshwar	1	0.00002208
(106	Para	TA	1	0.00002208
(110)	Second	most	1	0.00002208
(123)	T20Is	Second	1	0.00002208
(128*)	against	Assam	1	0.00002208
(183*)	Highest	eighth	1	0.00002208
(195)	and	only	1	0.00002208
(200)	First	player	1	0.00002208
(2010,	2011,	2018,	1	0.00002208
(2012),	a	Tamil	1	0.00002208
(294)	ODIs	Most	1	0.00002208
(332)	Most	stumpings	1	0.00002208
(34)	Most	catches	1	0.00002208
(359)	Honours	India	1	0.00002208
(432)	by	an	1	0.00002208
(4876)	Most	number	1	0.00002208
(5)	Combined	Most	1	0.00002208
(51)	Most	dismissals	1	0.00002208
(6)	and	career	1	0.00002208
(6641)	Third	most	1	0.00002208
(72)	Most	T20I	1	0.00002208
(76)	and	runs	1	0.00002208
(829)	Sixth	most	1	0.00002208
(84)	Highest	score	1	0.00002208
(CCL)	team	in	1	0.00002208
(CSK)	for	US$1.5	1	0.00002208
(CSK),	leading	them	1	0.00002208
(IPL),	Dhoni	plays	1	0.00002208
(IPL).	He	was	1	0.00002208
(J282–J286)	at	the	1	0.00002208
(JSCA)	appointed	him	1	0.00002208
(MCA)	decided	to	1	0.00002208
(TTE)	at	Kharagpur	1	0.00002208
(US$1.4	million)	before	1	0.00002208
(US$1.5	million).	He	1	0.00002208
([məˈɦeːnd̪ɾə	ˈsɪŋɡʱ	ˈd̪ʱoːniː]	1	0.00002208
(eight	catches	and	1	0.00002208
(now	Uttarakhand)	and	1	0.00002208
(now	in	Jharkhand)	1	0.00002208
.	He	has	1	0.00002208
0.08	seconds,	when	1	0.00002208
1,000	ODI	runs	1	0.00002208
10,000	ODI	runs,	1	0.00002208
10,000	plus	runs	1	0.00002208
10,000	runs	with	1	0.00002208
100	ODI	matches.	1	0.00002208
100	in	a	1	0.00002208
100	in	both	1	0.00002208
100	stumpings	in	1	0.00002208
102	against	India	1	0.00002208
102.15,	and	thus,	1	0.00002208
106	runs	across	1	0.00002208
10773	runs	at	1	0.00002208
108	fifties	in	1	0.00002208
11	October	2022,	1	0.00002208
114	runs	in	1	0.00002208
1198	runs	in	1	0.00002208
122	balls,	his	1	0.00002208
123	deliveries	which	1	0.00002208
129	matches	in	1	0.00002208
134	off	122	1	0.00002208
139	off	97	1	0.00002208
139	runs	in	1	0.00002208
14	April	2024,	1	0.00002208
145	balls,	winning	1	0.00002208
146	runs	across	1	0.00002208
148	runs	off	1	0.00002208
15	August	2020,	1	0.00002208
15	December	2015	1	0.00002208
150	stumpings	Third	1	0.00002208
16	centuries	and	1	0.00002208
16	runs	in	1	0.00002208
17	catches	and	1	0.00002208
17,266	runs	in	1	0.00002208
174	runs	in	1	0.00002208
176	runs	in	1	0.00002208
177	runs	in	1	0.00002208
179	runs	in	1	0.00002208
183	runs	off	1	0.00002208
19.25.	While	captaining	1	0.00002208
195	stumpings	in	1	0.00002208
1981	in	Ranchi,	1	0.00002208
1981)	is	an	1	0.00002208
1995	to	1998	1	0.00002208
1997/98	season	of	1	0.00002208
1998	and	Central	1	0.00002208
1998.	At	CCL,	1	0.00002208
1998–99,	Dhoni	played	1	0.00002208
1999	before	representing	1	0.00002208
1999.	He	made	1	0.00002208
1999–2000	Cooch	Behar	1	0.00002208
1999–2000	season	and	1	0.00002208
1999–2000	season,	as	1	0.00002208
2	September	2007,	1	0.00002208
20-run	win,	following	1	0.00002208
20.	Outside	cricket	1	0.00002208
200	ODIs	and	1	0.00002208
200	T20	matches	1	0.00002208
200	times	in	1	0.00002208
2000/01	season	did	1	0.00002208
2000s	saw	Rahul	1	0.00002208
2000–01	Ranji	Trophy	1	0.00002208
2001	to	2003,	1	0.00002208
2001–02	Ranji	Trophy	1	0.00002208
2002–03	Ranji	Trophy	1	0.00002208
2003,	Dhoni	worked	1	0.00002208
2003/04	season,	Dhoni	1	0.00002208
2004	in	an	1	0.00002208
2004,	Dhoni	was	1	0.00002208
2004.	Dhoni	made	1	0.00002208
2005	and	was	1	0.00002208
2005,	Dhoni	played	1	0.00002208
2005,	Dhoni	was	1	0.00002208
2005.	In	December	1	0.00002208
2006	ICC	Champions	1	0.00002208
2006	ICC	Men's	1	0.00002208
2006	against	South	1	0.00002208
2006	and	177	1	0.00002208
2006,	2008,	2009,	1	0.00002208
2006,	Dhoni	scored	1	0.00002208
2006-07,	Dhoni	scored	1	0.00002208
2006.	2007	World	1	0.00002208
2007	Asia	Cup:	1	0.00002208
2007	Cricket	World	1	0.00002208
2007	Future	Cup	1	0.00002208
2007	ICC	World	1	0.00002208
2007	World	T20	1	0.00002208
2007	to	2017	1	0.00002208
2007	which	got	1	0.00002208
2007	with	Dhoni	1	0.00002208
2007,	Dhoni	equalled	1	0.00002208
2007,	Dhoni	was	1	0.00002208
2007,	he	became	1	0.00002208
2007.	Dhoni	led	1	0.00002208
2007.	Dhoni	was	1	0.00002208
2008	ICC	ODI	1	0.00002208
2008	to	2014.	1	0.00002208
2008,	2009	Padma	1	0.00002208
2008,	2009,	2010,	1	0.00002208
2008,	Dhoni	was	1	0.00002208
2008-09	season.	Dhoni	1	0.00002208
2008.	Dhoni	retired	1	0.00002208
2008.	He	captained	1	0.00002208
2009	Honorary	Lieutenant	1	0.00002208
2009	ICC	Champions	1	0.00002208
2009	Padma	Shri:	1	0.00002208
2009	and	third	1	0.00002208
2009	when	he	1	0.00002208
2009	which	India	1	0.00002208
2009,	2010)	Major	1	0.00002208
2009,	2010,	2011,	1	0.00002208
2009,	2010,	2013	1	0.00002208
2009,	2011–2014)	ICC	1	0.00002208
2009,	scoring	1198	1	0.00002208
2010	Champions	league.	1	0.00002208
2010	and	2014.	1	0.00002208
2010	and	2016,	1	0.00002208
2010	edition	and	1	0.00002208
2010	in	Dehradun.	1	0.00002208
2010)	Major	Dhyanchand	1	0.00002208
2010,	2011,	2012,	1	0.00002208
2010,	2011,	2018,	1	0.00002208
2010,	2013	(captain	1	0.00002208
2010,	2014	Individual	1	0.00002208
2010,	2016	2018	1	0.00002208
2011	CNN-News18	Indian	1	0.00002208
2011	Castrol	Indian	1	0.00002208
2011	ICC	Champions	1	0.00002208
2011	ICC	People's	1	0.00002208
2011	for	his	1	0.00002208
2011	world	cup	1	0.00002208
2011,	2012,	2013,	1	0.00002208
2011,	2018,	2021	1	0.00002208
2011,	2018,	2021,	1	0.00002208
2011.	Dhoni	led	1	0.00002208
2011.	In	2019,	1	0.00002208
2011.	In	June	1	0.00002208
2011–2014)	ICC	Men's	1	0.00002208
2011–2020	ICC	Cricket	1	0.00002208
2012,	2013,	2014	1	0.00002208
2012,	Pakistan	toured	1	0.00002208
2013	(captain	in	1	0.00002208
2013	Chennai	Super	1	0.00002208
2013	Padma	Bhushan:	1	0.00002208
2013,	2014	(captain	1	0.00002208
2013,	Dhoni	became	1	0.00002208
2013.	In	February	1	0.00002208
2013–14	season.	Though	1	0.00002208
2014	(captain	in	1	0.00002208
2014	ICC	World	1	0.00002208
2014	Individual	MTV	1	0.00002208
2014	and	series	1	0.00002208
2014	but	continued	1	0.00002208
2014.	Dhoni	has	1	0.00002208
2014.	Dhoni	is	1	0.00002208
2014.	Dhoni	scored	1	0.00002208
2014.	Following	the	1	0.00002208
2015	Cricket	World	1	0.00002208
2015	World	cup	1	0.00002208
2015	for	₹125	1	0.00002208
2015.	He	lives	1	0.00002208
2015.	In	August	1	0.00002208
2016	2018	Cricket	1	0.00002208
2016	Asia	Cup,	1	0.00002208
2016	Indian	Premier	1	0.00002208
2016	and	their	1	0.00002208
2016,	Dhoni	launched	1	0.00002208
2016,	and	he	1	0.00002208
2016.	The	Dhoni	1	0.00002208
2017	ICC	Champions	1	0.00002208
2017	and	in	1	0.00002208
2017	for	the	1	0.00002208
2017,	ahead	of	1	0.00002208
2017,	during	the	1	0.00002208
2017,	he	scored	1	0.00002208
2017-18	Vijay	Hazare	1	0.00002208
2018	Asia	Cup	1	0.00002208
2018	Cricket	World	1	0.00002208
2018	ICC	Men's	1	0.00002208
2018	season.	He	1	0.00002208
2018	tour	of	1	0.00002208
2018,	2021	and	1	0.00002208
2018,	2021,	2023	1	0.00002208
2018,	following	the	1	0.00002208
2018.	Born	in	1	0.00002208
2018.	Dhoni	holds	1	0.00002208
2018.	In	the	1	0.00002208
2018.	The	production	1	0.00002208
2019	Cricket	World	1	0.00002208
2019	which	dealt	1	0.00002208
2019,	Dhoni	Entertainment	1	0.00002208
2019,	Dhoni	invested	1	0.00002208
2019,	Dhoni	played	1	0.00002208
2019,	Jharkhand	Cricket	1	0.00002208
2019,	he	completed	1	0.00002208
2019,	he	was	1	0.00002208
2019.	He	has	1	0.00002208
2020,	Dhoni	formally	1	0.00002208
2021	T20	World	1	0.00002208
2021	and	2023)	1	0.00002208
2021	and	was	1	0.00002208
2021,	2023	Champions	1	0.00002208
2021,	Dhoni	was	1	0.00002208
2022	season.	Dhoni	1	0.00002208
2022,	Dhoni	has	1	0.00002208
2022,	Dhoni	invested	1	0.00002208
2023	Champions	League:	1	0.00002208
2023	as	a	1	0.00002208
2023)	jointly	sharing	1	0.00002208
2023,	the	Mumbai	1	0.00002208
2023.	Dhoni	performed	1	0.00002208
2024	season,	Dhoni	1	0.00002208
2024,	helping	his	1	0.00002208
2024.	Dhoni	is	1	0.00002208
2025,	he	was	1	0.00002208
219	runs	in	1	0.00002208
223	against	Pakistan	1	0.00002208
23	December	2004	1	0.00002208
23.34.	During	the	1	0.00002208
237	runs	in	1	0.00002208
24	innings,	at	1	0.00002208
244	runs	in	1	0.00002208
25	February	2017,	1	0.00002208
250th	appearance	for	1	0.00002208
272	runs	with	1	0.00002208
28	July	2023.	1	0.00002208
283	runs	in	1	0.00002208
29	September	2016.	1	0.00002208
29	runs	in	1	0.00002208
2987	runs	from	1	0.00002208
2–1	series	victory,	1	0.00002208
3	in	the	1	0.00002208
30	September	2009	1	0.00002208
30	matches	across	1	0.00002208
30	runs	in	1	0.00002208
332	matches	including	1	0.00002208
346	runs	and	1	0.00002208
350th	and	final	1	0.00002208
362	runs	in	1	0.00002208
38	and	10773	1	0.00002208
390	T20	matches.	1	0.00002208
392	runs	and	1	0.00002208
3–1	victory	over	1	0.00002208
4	July	2010	1	0.00002208
400	dismissals	in	1	0.00002208
414	runs	to	1	0.00002208
43	runs	as	1	0.00002208
45	runs	off	1	0.00002208
455	runs	and	1	0.00002208
48	including	one	1	0.00002208
4876	runs	in	1	0.00002208
488	runs	in	1	0.00002208
5	September	2024.	1	0.00002208
5	matches.	Dhoni	1	0.00002208
5	matches.	In	1	0.00002208
50	Most	not-outs	1	0.00002208
50	and	strike	1	0.00002208
50	runs	from	1	0.00002208
50-plus	scores	against	1	0.00002208
52	balls	including	1	0.00002208
574	runs	in	1	0.00002208
59.25	and	a	1	0.00002208
6	February	2015.	1	0.00002208
60	in	the	1	0.00002208
63.20	during	India's	1	0.00002208
634	catches	and	1	0.00002208
68	runs	in	1	0.00002208
7	July	1981	1	0.00002208
7	July	1981)	1	0.00002208
70	runs	from	1	0.00002208
70.43	and	topped	1	0.00002208
72.40	with	back	1	0.00002208
7400	runs	across	1	0.00002208
75	million	followers	1	0.00002208
77	runs	in	1	0.00002208
79	runs	in	1	0.00002208
8	September	2021,	1	0.00002208
8000	runs	in	1	0.00002208
84	in	a	1	0.00002208
84	runs	at	1	0.00002208
85	which	was	1	0.00002208
87	including	139	1	0.00002208
9	July	2019,	1	0.00002208
91*	against	Bangladesh	1	0.00002208
91.	In	December	1	0.00002208
97	balls	in	1	0.00002208
97	runs	in	1	0.00002208
;	born	7	1	0.00002208
A	and	Pakistan	1	0.00002208
A	chase	down	1	0.00002208
A	film	based	1	0.00002208
A	squad	for	1	0.00002208
A	squad,	he	1	0.00002208
A	with	a	1	0.00002208
A,	Dhoni	helped	1	0.00002208
ACC	Asia	XI	1	0.00002208
Adam	Gilchrist's	international	1	0.00002208
Afghanistan	due	to	1	0.00002208
Africa	and	272	1	0.00002208
Africa	and	New	1	0.00002208
Africa	at	Johannesburg.	1	0.00002208
Africa	in	Ireland	1	0.00002208
Africa	in	the	1	0.00002208
Africa	tour.	Though,	1	0.00002208
Afro-Asia	Cup,	scoring	1	0.00002208
After	beating	Bangladesh	1	0.00002208
After	completing	five	1	0.00002208
After	the	Champions	1	0.00002208
Against	the	Zimbabwe	1	0.00002208
Agra	training	camp,	1	0.00002208
Ahead	of	the	1	0.00002208
Aiden	Markram	in	1	0.00002208
Air	India	until	1	0.00002208
Akila	Dananjaya	off	1	0.00002208
Almanack	as	'Uninhibited,	1	0.00002208
Andrew	Flintoff	which	1	0.00002208
Apart	from	this	1	0.00002208
April	2019,	he	1	0.00002208
April	2024,	helping	1	0.00002208
Army	(106	Para	1	0.00002208
Army	aircraft	in	1	0.00002208
Army	in	2011	1	0.00002208
Army	in	2011.	1	0.00002208
Army	in	Jammu	1	0.00002208
Army	which	was	1	0.00002208
Army.	Seeing	the	1	0.00002208
Army:	2011	CNN-News18	1	0.00002208
As	a	batsman,	1	0.00002208
As	a	result,	1	0.00002208
As	a	wicket-keeper,	1	0.00002208
As	of	2022,	1	0.00002208
Asia	Cup	in	1	0.00002208
Asia	Cup	title	1	0.00002208
Asia	Cup,	where	1	0.00002208
Asia	Cup:	2010,	1	0.00002208
Asia	XI	cricket	1	0.00002208
Asia	to	produce	1	0.00002208
Association	(JSCA)	appointed	1	0.00002208
Association	(MCA)	decided	1	0.00002208
Association	President's	XI,	1	0.00002208
Association	named	the	1	0.00002208
At	CCL,	he	1	0.00002208
Auckland,	he	made	1	0.00002208
August	2017,	during	1	0.00002208
August	2019,	he	1	0.00002208
August	2020,	Dhoni	1	0.00002208
Australia	in	December	1	0.00002208
Australia	in	the	1	0.00002208
Australia	tour	later	1	0.00002208
Australia	was	washed	1	0.00002208
Australia,	India	failed	1	0.00002208
Australia,	though	Dhoni	1	0.00002208
Australia.	In	April	1	0.00002208
Australia.	In	the	1	0.00002208
Australia.	India	toured	1	0.00002208
Australian	soil	and	1	0.00002208
Award	by	Government	1	0.00002208
Award:	2013	Padma	1	0.00002208
B.	Jharkhand	State	1	0.00002208
BCCI	Corporate	trophy,	1	0.00002208
BCCI	in	2023	1	0.00002208
BCCI	in	June	1	0.00002208
BCCI	president	N.	1	0.00002208
BCCI's	small-town	talent-spotting	1	0.00002208
BCCI.	Dhoni	made	1	0.00002208
Banerjee.	From	2001	1	0.00002208
Bangladesh	and	Sri	1	0.00002208
Bangladesh	and	played	1	0.00002208
Bangladesh	tour	in	1	0.00002208
Banijay	Asia	to	1	0.00002208
Based	on	his	1	0.00002208
Behar	Trophy	and	1	0.00002208
Behar	Trophy,	the	1	0.00002208
Bengal	in	the	1	0.00002208
Bharat	Sundaresan.	Dhoni	1	0.00002208
Bhushan	in	2018.	1	0.00002208
Bhushan:	2018	ICC	1	0.00002208
Bhuvneshwar	Kumar)	Most	1	0.00002208
Bihar	(now	in	1	0.00002208
Bihar	U-19	cricket	1	0.00002208
Bihar	U-19	team	1	0.00002208
Bihar	against	Assam	1	0.00002208
Bihar	against	Bengal	1	0.00002208
Bihar	in	1999.	1	0.00002208
Bihar	state	cricket	1	0.00002208
Born	in	Ranchi,	1	0.00002208
C.	K.	Nayudu	1	0.00002208
CARS24	and	simultaneously	1	0.00002208
CCL,	he	batted	1	0.00002208
CNN-News18	Indian	of	1	0.00002208
CSK	and	holds	1	0.00002208
CSK	became	the	1	0.00002208
CSK	for	the	1	0.00002208
CSK	in	that	1	0.00002208
CSK	to	two	1	0.00002208
CSK	won	the	1	0.00002208
Captaincy	In	2007,	1	0.00002208
Career	statistics	Dhoni	1	0.00002208
Carlton	Mid	triangular	1	0.00002208
Castrol	Indian	Cricketer	1	0.00002208
Cements	Ltd,	the	1	0.00002208
Central	Coal	Fields	1	0.00002208
Chahal.	He	reached	1	0.00002208
Challenger	trophy,	where	1	0.00002208
Champions	League	T20	1	0.00002208
Champions	League	Twenty20	1	0.00002208
Champions	League	Twenty20.	1	0.00002208
Champions	League:	2010,	1	0.00002208
Champions	Trophy	and	1	0.00002208
Champions	Trophy	in	1	0.00002208
Champions	Trophy,	being	1	0.00002208
Champions	Trophy.	However,	1	0.00002208
Champions	Trophy:	2013	1	0.00002208
Champions	league.	Dhoni	1	0.00002208
Chand	Khel	Ratna	1	0.00002208
Chennai	whose	IPL	1	0.00002208
Chennai	won	the	1	0.00002208
Chennai-based	football	club	1	0.00002208
Chennai.	Dhoni	led	1	0.00002208
Chennai.	Dhoni	scored	1	0.00002208
Chennaiyin	FC,	a	1	0.00002208
Chhattisgarh	and	led	1	0.00002208
Choice	Award:	2013	1	0.00002208
Club,	Dhoni	contributed	1	0.00002208
Coal	Fields	Limited	1	0.00002208
Colombo,	he	became	1	0.00002208
Colonel,	Parachute	Regiment	1	0.00002208
Combined	Most	international	1	0.00002208
Commando	cricket	club	1	0.00002208
Cooch	Behar	Trophy	1	0.00002208
Cooch	Behar	Trophy,	1	0.00002208
Corporate	trophy,	he	1	0.00002208
Cover	region.	He	1	0.00002208
Cricket	Association	(JSCA)	1	0.00002208
Cricket	Association	(MCA)	1	0.00002208
Cricket	Association	President's	1	0.00002208
Cricket	Association	named	1	0.00002208
Cricket	World	Cup.	1	0.00002208
Cricket	World	Cup:	1	0.00002208
Cup	2006-07,	Dhoni	1	0.00002208
Cup	against	South	1	0.00002208
Cup	co-hosted	by	1	0.00002208
Cup	final.	In	1	0.00002208
Cup	in	2010	1	0.00002208
Cup	in	which	1	0.00002208
Cup	title	winning	1	0.00002208
Cup	win	and	1	0.00002208
Cup,	Dhoni	became	1	0.00002208
Cup,	and	the	1	0.00002208
Cup,	scoring	174	1	0.00002208
Cup,	where	India	1	0.00002208
Cup.	Domestic	career	1	0.00002208
Cup.	Final	years	1	0.00002208
Cup.	On	9	1	0.00002208
Cup:	2007	Asia	1	0.00002208
Cup:	2010,	2016	1	0.00002208
Cup:	2011	ICC	1	0.00002208
DAV	Jawahar	Vidya	1	0.00002208
DLF	Cup	2006-07,	1	0.00002208
DLS	method	though	1	0.00002208
Dananjaya	off	Yuzvendra	1	0.00002208
De	Montfort	University	1	0.00002208
Debut	and	early	1	0.00002208
December	2004	in	1	0.00002208
December	2004.	Dhoni	1	0.00002208
December	2005,	Dhoni	1	0.00002208
December	2006	against	1	0.00002208
December	2012,	Pakistan	1	0.00002208
December	2014.	Following	1	0.00002208
December	2015	for	1	0.00002208
Dehradun.	Dhoni	and	1	0.00002208
Delhi.	Franchise	career	1	0.00002208
Deodhar	Trophy	where	1	0.00002208
Deodhar	Trophy,	scoring	1	0.00002208
Devaki	Devi.	His	1	0.00002208
Devi.	His	parents	1	0.00002208
Dhoni	(2012),	a	1	0.00002208
Dhoni	([məˈɦeːnd̪ɾə	ˈsɪŋɡʱ	1	0.00002208
Dhoni	Entertainment	entered	1	0.00002208
Dhoni	Touch:	unravelling	1	0.00002208
Dhoni	aggregated	50	1	0.00002208
Dhoni	and	his	1	0.00002208
Dhoni	and	was	1	0.00002208
Dhoni	announced	his	1	0.00002208
Dhoni	as	one	1	0.00002208
Dhoni	at	ESPNcricinfo	1	0.00002208
Dhoni	at	Wisden	1	0.00002208
Dhoni	averaged	more	1	0.00002208
Dhoni	averaging	more	1	0.00002208
Dhoni	became	a	1	0.00002208
Dhoni	being	named	1	0.00002208
Dhoni	contributed	seven	1	0.00002208
Dhoni	did	his	1	0.00002208
Dhoni	displays	a	1	0.00002208
Dhoni	dropped	multiple	1	0.00002208
Dhoni	ended	the	1	0.00002208
Dhoni	equalled	Adam	1	0.00002208
Dhoni	finished	the	1	0.00002208
Dhoni	formally	announced	1	0.00002208
Dhoni	got	injured	1	0.00002208
Dhoni	had	an	1	0.00002208
Dhoni	handed	over	1	0.00002208
Dhoni	has	captained	1	0.00002208
Dhoni	has	developed	1	0.00002208
Dhoni	has	more	1	0.00002208
Dhoni	has	one	1	0.00002208
Dhoni	has	scored	1	0.00002208
Dhoni	having	a	1	0.00002208
Dhoni	helped	India	1	0.00002208
Dhoni	himself	managing	1	0.00002208
Dhoni	himself	reached	1	0.00002208
Dhoni	himself	was	1	0.00002208
Dhoni	in	the	1	0.00002208
Dhoni	is	also	1	0.00002208
Dhoni	is	among	1	0.00002208
Dhoni	is	one	1	0.00002208
Dhoni	launched	lifestyle	1	0.00002208
Dhoni	made	84	1	0.00002208
Dhoni	made	it	1	0.00002208
Dhoni	married	Sakshi	1	0.00002208
Dhoni	performed	a	1	0.00002208
Dhoni	performing	well	1	0.00002208
Dhoni	played	all	1	0.00002208
Dhoni	played	his	1	0.00002208
Dhoni	playing	in	1	0.00002208
Dhoni	plays	for	1	0.00002208
Dhoni	represented	East	1	0.00002208
Dhoni	retired	from	1	0.00002208
Dhoni	returned	to	1	0.00002208
Dhoni	said	that	1	0.00002208
Dhoni	scored	114	1	0.00002208
Dhoni	scored	139	1	0.00002208
Dhoni	scored	146	1	0.00002208
Dhoni	scored	2987	1	0.00002208
Dhoni	scored	30	1	0.00002208
Dhoni	scored	392	1	0.00002208
Dhoni	scored	414	1	0.00002208
Dhoni	scored	43	1	0.00002208
Dhoni	scored	84	1	0.00002208
Dhoni	scored	91*	1	0.00002208
Dhoni	scored	half-centuries	1	0.00002208
Dhoni	scored	his	1	0.00002208
Dhoni	scored	two	1	0.00002208
Dhoni	scoring	ducks	1	0.00002208
Dhoni	took	his	1	0.00002208
Dhoni	top-scored	in	1	0.00002208
Dhoni	was	acquired	1	0.00002208
Dhoni	was	born	1	0.00002208
Dhoni	was	identified	1	0.00002208
Dhoni	was	later	1	0.00002208
Dhoni	was	named	1	0.00002208
Dhoni	was	not	1	0.00002208
Dhoni	was	part	1	0.00002208
Dhoni	was	subsequently	1	0.00002208
Dhoni	who	was	1	0.00002208
Dhoni	worked	as	1	0.00002208
Dhoni's	contribution	in	1	0.00002208
Dhoni's	house	in	1	0.00002208
Dhoni's	life	from	1	0.00002208
Dhoni's	popularity	is	1	0.00002208
Dhoni,	a	book	1	0.00002208
Dhoni.	In	2023,	1	0.00002208
Dhoni.	References	External	1	0.00002208
Dhoni:	The	Untold	1	0.00002208
Dhyan	Chand	Khel	1	0.00002208
Dhyanchand	Khel	Ratna	1	0.00002208
Dinesh	Karthik.	With	1	0.00002208
Disney+	Hotstar	in	1	0.00002208
Domestic	career	Dhoni	1	0.00002208
Dowlin	of	West	1	0.00002208
Dravid	as	the	1	0.00002208
Duff	and	Phelps.	1	0.00002208
Duleep	Trophy	finals,	1	0.00002208
During	the	2015	1	0.00002208
ESPNcricinfo	Mahendra	Singh	1	0.00002208
Early	life	Dhoni	1	0.00002208
East	Zone	U-19	1	0.00002208
East	Zone	and	1	0.00002208
East	Zone	in	1	0.00002208
East	Zone	lost	1	0.00002208
East	Zone	squad	1	0.00002208
East	zone	and	1	0.00002208
Eastern	Railway	zone	1	0.00002208
England	in	2014	1	0.00002208
England	in	March	1	0.00002208
England,	India	won	1	0.00002208
England,	he	went	1	0.00002208
England.	Dhoni	took	1	0.00002208
England.	Dhoni	was	1	0.00002208
England.	In	the	1	0.00002208
Entertainment	entered	into	1	0.00002208
Examiner	(TTE)	at	1	0.00002208
External	links	Mahendra	1	0.00002208
FC,	a	franchise	1	0.00002208
Faisalabad.	He	scored	1	0.00002208
Fame.	Early	life	1	0.00002208
Fame:2025	Others	Dhoni	1	0.00002208
February	2005,	Dhoni	1	0.00002208
February	2015.	He	1	0.00002208
February	2016,	Dhoni	1	0.00002208
February	2017	for	1	0.00002208
February	2017,	he	1	0.00002208
February	2018,	following	1	0.00002208
Fields	Limited	(CCL)	1	0.00002208
Final	years	and	1	0.00002208
First	player	to	1	0.00002208
Flintoff	which	led	1	0.00002208
Following	the	third	1	0.00002208
Following	the	two-year	1	0.00002208
Franchise	career	Dhoni	1	0.00002208
From	2001	to	1	0.00002208
Future	Cup	against	1	0.00002208
G.O.A.T	that	was	1	0.00002208
Gaikwad.	He	marked	1	0.00002208
Gilchrist's	international	record	1	0.00002208
Government	of	India.	1	0.00002208
Gujarat	Lions	were	1	0.00002208
Hall	of	Fame.	1	0.00002208
Hall	of	Fame:2025	1	0.00002208
Harare	Sports	Club,	1	0.00002208
Harry,	a	plant-based	1	0.00002208
Hazare	trophy	and	1	0.00002208
He	also	co-owns	1	0.00002208
He	also	led	1	0.00002208
He	captained	the	1	0.00002208
He	has	led	1	0.00002208
He	has	taken	1	0.00002208
He	is	a	1	0.00002208
He	is	known	1	0.00002208
He	lives	in	1	0.00002208
He	made	his	1	0.00002208
He	marked	his	1	0.00002208
He	played	as	1	0.00002208
He	plays	pull	1	0.00002208
He	plays	the	1	0.00002208
He	reached	the	1	0.00002208
He	received	the	1	0.00002208
He	returned	to	1	0.00002208
He	scored	106	1	0.00002208
He	scored	455	1	0.00002208
He	scored	574	1	0.00002208
He	was	also	1	0.00002208
He	was	the	1	0.00002208
Highest	eighth	wicket	1	0.00002208
Highest	score	by	1	0.00002208
Hindu	Rajput	family	1	0.00002208
His	family	spells	1	0.00002208
His	parents	hailed	1	0.00002208
Hockey	India	League.	1	0.00002208
Honorary	Lieutenant	Colonel,	1	0.00002208
Honours	India	T20	1	0.00002208
Hotstar	in	2019	1	0.00002208
However,	a	month	1	0.00002208
However,	he	scored	1	0.00002208
However,	he	was	1	0.00002208
I	thought	that	1	0.00002208
I	wanted	to	1	0.00002208
I'll	be	the	1	0.00002208
ICC	Champions	Trophy.	1	0.00002208
ICC	Champions	Trophy:	1	0.00002208
ICC	Men's	T20I	1	0.00002208
ICC	Men's	Test	1	0.00002208
ICC	ODI	Cricketer	1	0.00002208
ICC	ODI	Team	1	0.00002208
ICC	ODI	batsman	1	0.00002208
ICC	People's	Choice	1	0.00002208
ICC	Spirit	of	1	0.00002208
ICC	World	Twenty20	1	0.00002208
ICC	World	Twenty20,	1	0.00002208
ICC	for	2006.	1	0.00002208
ICC	limited	overs	1	0.00002208
ICC	test	ranking	1	0.00002208
ICC	tournaments.	He	1	0.00002208
ICC.	After	the	1	0.00002208
ICC.	India	won	1	0.00002208
IPL	across	the	1	0.00002208
IPL	franchise	he	1	0.00002208
IPL	franchise	with	1	0.00002208
IPL	title	in	1	0.00002208
IPL	title.	Dhoni	1	0.00002208
IPL,	as	well	1	0.00002208
IPL.	Ahead	of	1	0.00002208
IPL.	Under	his	1	0.00002208
Icon	of	the	1	0.00002208
In	2004,	Dhoni	1	0.00002208
In	2007,	Dhoni	1	0.00002208
In	2007,	he	1	0.00002208
In	2008,	Dhoni	1	0.00002208
In	2019,	Jharkhand	1	0.00002208
In	2023,	the	1	0.00002208
In	April	2019,	1	0.00002208
In	August	2017,	1	0.00002208
In	August	2019,	1	0.00002208
In	BCCI	Corporate	1	0.00002208
In	December	2005,	1	0.00002208
In	December	2012,	1	0.00002208
In	February	2005,	1	0.00002208
In	February	2016,	1	0.00002208
In	June	2025,	1	0.00002208
In	November	2013,	1	0.00002208
In	his	last	1	0.00002208
In	popular	culture	1	0.00002208
In	the	1998–99,	1	0.00002208
In	the	1999–2000	1	0.00002208
In	the	2003/04	1	0.00002208
In	the	2006	1	0.00002208
In	the	2018	1	0.00002208
In	the	Carlton	1	0.00002208
In	the	DLF	1	0.00002208
In	the	Duleep	1	0.00002208
In	the	Indian	1	0.00002208
In	the	ODI	1	0.00002208
In	the	match	1	0.00002208
In	the	rain-shortened	1	0.00002208
In	the	series,	1	0.00002208
In	the	test	1	0.00002208
In	the	three-match	1	0.00002208
In	the	tri-nation	1	0.00002208
India	(100*	with	1	0.00002208
India	200	times	1	0.00002208
India	A	and	1	0.00002208
India	A	chase	1	0.00002208
India	A	squad	1	0.00002208
India	A	squad,	1	0.00002208
India	B.	Jharkhand	1	0.00002208
India	Cements	Ltd,	1	0.00002208
India	League.	In	1	0.00002208
India	T20	World	1	0.00002208
India	at	Chennai.	1	0.00002208
India	batsman	after	1	0.00002208
India	crashing	out	1	0.00002208
India	failed	to	1	0.00002208
India	for	a	1	0.00002208
India	in	January	1	0.00002208
India	in	November	1	0.00002208
India	in	domestic	1	0.00002208
India	in	the	1	0.00002208
India	lost	both	1	0.00002208
India	recorded	identical	1	0.00002208
India	remained	unbeaten.	1	0.00002208
India	secure	a	1	0.00002208
India	seniors	in	1	0.00002208
India	toured	South	1	0.00002208
India	toured	West	1	0.00002208
India	unexpectedly	crashed	1	0.00002208
India	until	his	1	0.00002208
India	where	Dhoni	1	0.00002208
India	won	by	1	0.00002208
India	won	its	1	0.00002208
India	won	the	1	0.00002208
India	won	to	1	0.00002208
India's	2018	tour	1	0.00002208
India's	highest	sport	1	0.00002208
India's	squad	for	1	0.00002208
India's	tour	of	1	0.00002208
India.	He	received	1	0.00002208
India.	India	won	1	0.00002208
India.	The	innings	1	0.00002208
Indian	Army	aircraft	1	0.00002208
Indian	Cricketer	of	1	0.00002208
Indian	ODI	team	1	0.00002208
Indian	Premier	League:	1	0.00002208
Indian	Railways.	Youth	1	0.00002208
Indian	Super	League.	1	0.00002208
Indian	Territorial	Army:	1	0.00002208
Indian	and	fifth	1	0.00002208
Indian	and	twelfth	1	0.00002208
Indian	captain	(51)	1	0.00002208
Indian	captain	and	1	0.00002208
Indian	captain	in	1	0.00002208
Indian	captain.	He	1	0.00002208
Indian	of	the	1	0.00002208
Indian	professional	cricketer	1	0.00002208
Indian	side	after	1	0.00002208
Indian	team	and	1	0.00002208
Indian	team	for	1	0.00002208
Indian	team	in	1	0.00002208
Indian	to	score	1	0.00002208
Indian	wicket-keeper	(4876)	1	0.00002208
Indian	wicket-keeper	Most	1	0.00002208
Indian	wicket-keeper	and	1	0.00002208
Indian	wicket-keeper.	Dhoni	1	0.00002208
Indian	wicketkeeper	until	1	0.00002208
Indian	win.	Dhoni	1	0.00002208
Indians	on	14	1	0.00002208
Indies	and	Australia,	1	0.00002208
Indies	and	Sri	1	0.00002208
Indies	and	failed	1	0.00002208
Indies	for	a	1	0.00002208
Indies	in	India	1	0.00002208
Indies	in	the	1	0.00002208
Indies.	In	the	1	0.00002208
Individual	MTV	Youth	1	0.00002208
International	career	Debut	1	0.00002208
Ireland	and	the	1	0.00002208
It	was	also	1	0.00002208
JMM	and	security	1	0.00002208
JSCA	stadium's	south	1	0.00002208
Jadeja	handed	over	1	0.00002208
Jadeja	was	appointed	1	0.00002208
Jaipur	where	he	1	0.00002208
Jammu	and	Kashmir.	1	0.00002208
January	2017,	ahead	1	0.00002208
Jawahar	Vidya	Mandir,	1	0.00002208
Jharkhand	Cricket	Association	1	0.00002208
Jharkhand	State	Cricket	1	0.00002208
Jharkhand	in	the	1	0.00002208
Jharkhand	later.	He	1	0.00002208
Jharkhand	lost	against	1	0.00002208
Jharkhand	team	in	1	0.00002208
Jharkhand)	in	a	1	0.00002208
Johannesburg.	Dhoni	was	1	0.00002208
July	1981	in	1	0.00002208
July	1981)	is	1	0.00002208
July	2010	in	1	0.00002208
July	2019,	Dhoni	1	0.00002208
July	2023.	Dhoni	1	0.00002208
June	2007.	Dhoni	1	0.00002208
June	2025,	he	1	0.00002208
K.	Nayudu	Trophy	1	0.00002208
Karthik.	With	Dhoni	1	0.00002208
Kashmir.	While	spending	1	0.00002208
Keemo	Paul.	Dhoni	1	0.00002208
Kenya,	India	A	1	0.00002208
Kenya.	Against	the	1	0.00002208
Keshav	Banerjee.	From	1	0.00002208
Kharagpur	under	South	1	0.00002208
Khel	Ratna	Award	1	0.00002208
Khel	Ratna	award:	1	0.00002208
Kings	(CSK)	for	1	0.00002208
Kings	(CSK),	leading	1	0.00002208
Kings	Indian	Premier	1	0.00002208
Kings	and	Rajasthan	1	0.00002208
Kings	from	the	1	0.00002208
Kings.	Following	the	1	0.00002208
Kumar	Sangakkara's	record	1	0.00002208
Kumar)	Most	dismissals	1	0.00002208
LGM	which	was	1	0.00002208
Lal.	As	a	1	0.00002208
Lanka	during	their	1	0.00002208
Lanka	in	Colombo,	1	0.00002208
Lanka	in	early	1	0.00002208
Lanka	with	Dhoni	1	0.00002208
Lanka's	tour	of	1	0.00002208
Lanka.	Dhoni	got	1	0.00002208
Lanka.	In	2007,	1	0.00002208
Lankan	bilateral	ODI	1	0.00002208
League	(IPL),	Dhoni	1	0.00002208
League	(IPL).	He	1	0.00002208
League	T20	titles	1	0.00002208
League	Twenty20	title	1	0.00002208
League	Twenty20.	Chennai	1	0.00002208
League	in	2016	1	0.00002208
League	season.	Supergiants	1	0.00002208
League.	He	also	1	0.00002208
League.	In	February	1	0.00002208
League:	2010,	2011,	1	0.00002208
League:	2010,	2014	1	0.00002208
Lieutenant	Colonel,	Parachute	1	0.00002208
Limited	(CCL)	team	1	0.00002208
Lion	for	Disney+	1	0.00002208
Lions	were	established	1	0.00002208
Long-off,	and	Midwicket	1	0.00002208
Long-on,	Long-off,	and	1	0.00002208
Ltd,	the	company	1	0.00002208
Lwali	village	in	1	0.00002208
M.S.	Dhoni:	The	1	0.00002208
MBA	but	his	1	0.00002208
MTV	Youth	Icon	1	0.00002208
Mahendra	Singh	Dhoni,	1	0.00002208
Major	Dhyan	Chand	1	0.00002208
Major	Dhyanchand	Khel	1	0.00002208
Mandir,	where	he	1	0.00002208
Mankad	Trophy	under-16	1	0.00002208
March	2006	and	1	0.00002208
Markram	in	the	1	0.00002208
Match	award	while	1	0.00002208
May	2007	which	1	0.00002208
Melbourne,	Dhoni	announced	1	0.00002208
Men's	ODI	Team	1	0.00002208
Men's	ODI	team	1	0.00002208
Men's	T20I	team	1	0.00002208
Men's	Test	Team	1	0.00002208
Mid	triangular	series	1	0.00002208
Midwicket	regions,	rather	1	0.00002208
Montfort	University	in	1	0.00002208
Most	T20I	innings	1	0.00002208
Most	catches	as	1	0.00002208
Most	dismissals	by	1	0.00002208
Most	dismissals	in	1	0.00002208
Most	international	matches	1	0.00002208
Most	not-outs	(84)	1	0.00002208
Most	number	of	1	0.00002208
Most	runs	by	1	0.00002208
Most	stumpings	(195)	1	0.00002208
Most	stumpings	as	1	0.00002208
Most	stumpings	by	1	0.00002208
Most	wins	by	1	0.00002208
Mumbai	Cricket	Association	1	0.00002208
Mumbai	Indians	on	1	0.00002208
N.	Srinivasan.	Dhoni	1	0.00002208
Nayudu	Trophy	in	1	0.00002208
New	Zealand	in	1	0.00002208
New	Zealand,	India	1	0.00002208
New	Zealand.	After	1	0.00002208
New	Zealand.	Dhoni	1	0.00002208
New	Zealand.	On	1	0.00002208
No.	3	in	1	0.00002208
No.7	jersey	was	1	0.00002208
November	2005.	In	1	0.00002208
November	2006,	Dhoni	1	0.00002208
November	2009	which	1	0.00002208
November	2013,	Dhoni	1	0.00002208
ODI	Cricketer	of	1	0.00002208
ODI	against	Bangladesh	1	0.00002208
ODI	against	Sri	1	0.00002208
ODI	at	Chennai.	1	0.00002208
ODI	at	Jaipur	1	0.00002208
ODI	batsman	rankings	1	0.00002208
ODI	by	effecting	1	0.00002208
ODI	cricket	in	1	0.00002208
ODI	cricket.	He	1	0.00002208
ODI	matches	and	1	0.00002208
ODI	matches.	India	1	0.00002208
ODI	of	the	1	0.00002208
ODI	runs	in	1	0.00002208
ODI	runs,	becoming	1	0.00002208
ODI	series	against	1	0.00002208
ODI	series	at	1	0.00002208
ODI	series	that	1	0.00002208
ODI	side	before	1	0.00002208
ODI	squad	for	1	0.00002208
ODI	team	for	1	0.00002208
ODI	team	in	1	0.00002208
ODI	tournament	and	1	0.00002208
ODI	world	cup	1	0.00002208
ODI.	Dhoni	was	1	0.00002208
ODIs	Most	wins	1	0.00002208
ODIs	against	Australia.	1	0.00002208
ODIs	and	his	1	0.00002208
ODIs	and	was	1	0.00002208
ODIs	in	2009,	1	0.00002208
ODIs	in	February	1	0.00002208
ODIs	when	he	1	0.00002208
ODIs.	Dhoni	aggregated	1	0.00002208
ODIs.	He	has	1	0.00002208
ODIs.	In	the	1	0.00002208
October	2022,	Dhoni	1	0.00002208
October–November	2005	and	1	0.00002208
On	11	October	1	0.00002208
On	15	August	1	0.00002208
On	2	September	1	0.00002208
On	8	September	1	0.00002208
On	9	July	1	0.00002208
Others	Dhoni	was	1	0.00002208
Outside	cricket	Dhoni	1	0.00002208
Padma	Bhushan	in	1	0.00002208
Padma	Bhushan:	2018	1	0.00002208
Padma	Shri	in	1	0.00002208
Padma	Shri:	2009	1	0.00002208
Pakistan	A	with	1	0.00002208
Pakistan	A,	Dhoni	1	0.00002208
Pakistan	in	the	1	0.00002208
Pakistan	scoring	219	1	0.00002208
Pakistan	toured	India	1	0.00002208
Pakistan.	In	the	1	0.00002208
Pan	Singh	and	1	0.00002208
Para	TA	battalion).	1	0.00002208
Parthiv	Patel	and	1	0.00002208
Patel	and	Dinesh	1	0.00002208
Paul.	Dhoni	was	1	0.00002208
People's	Choice	Award:	1	0.00002208
Personal	life	Dhoni	1	0.00002208
Phelps.	Dhoni's	popularity	1	0.00002208
Playing	style	Dhoni	1	0.00002208
Post-international	retirement	On	1	0.00002208
Pradesh	(now	Uttarakhand)	1	0.00002208
Prakash	Raj	where	1	0.00002208
Premier	League	(IPL),	1	0.00002208
Premier	League	(IPL).	1	0.00002208
Premier	League	in	1	0.00002208
Premier	League	season.	1	0.00002208
Premier	League:	2010,	1	0.00002208
President's	XI,	East	1	0.00002208
Pune	Supergiants	and	1	0.00002208
Rahul	Dravid	as	1	0.00002208
Railway	zone	of	1	0.00002208
Railways.	Youth	career	1	0.00002208
Raj	where	the	1	0.00002208
Rajasthan	Cricket	Association	1	0.00002208
Rajasthan	Royals,	two	1	0.00002208
Rajput	family	to	1	0.00002208
Rajput	in	the	1	0.00002208
Ranchi	Rays,	a	1	0.00002208
Ranchi	was	vandalised	1	0.00002208
Ranchi,	Bihar	(now	1	0.00002208
Ranchi,	Dhoni	made	1	0.00002208
Ranchi,	Dhoni	said	1	0.00002208
Ranchi-based	hockey	club	1	0.00002208
Ranchi.	Dhoni	is	1	0.00002208
Ranji	ODI	tournament	1	0.00002208
Ranji	Trophy	and	1	0.00002208
Ranji	Trophy	debut	1	0.00002208
Ranji	Trophy	season,	1	0.00002208
Ranji	Trophy	season.	1	0.00002208
Ranji	matches.	Dhoni	1	0.00002208
Ratna	Award	by	1	0.00002208
Ratna	award:	2008	1	0.00002208
Ravindra	Jadeja	was	1	0.00002208
Rawat	on	4	1	0.00002208
Rays,	a	franchise	1	0.00002208
Records	and	achievements	1	0.00002208
References	External	links	1	0.00002208
Rest	of	India	1	0.00002208
Rising	Pune	Supergiants	1	0.00002208
Roar	of	The	1	0.00002208
Rohit	Sharma	.	1	0.00002208
Rohit	Sharma	being	1	0.00002208
Royals,	two	new	1	0.00002208
Ruturaj	Gaikwad.	He	1	0.00002208
SEVEN	which	he	1	0.00002208
Sachin	Tendulkar	to	1	0.00002208
Sachin	Tendulkar,	the	1	0.00002208
Saha	in	2018.	1	0.00002208
Sakshi	Singh	Rawat	1	0.00002208
Sangakkara's	record	for	1	0.00002208
Santosh	Lal.	As	1	0.00002208
Second	most	matches	1	0.00002208
Second	most	runs	1	0.00002208
Seeing	the	soldiers,	1	0.00002208
September	2007,	Dhoni	1	0.00002208
September	2007.	Dhoni	1	0.00002208
September	2009	when	1	0.00002208
September	2016.	The	1	0.00002208
September	2021,	Dhoni	1	0.00002208
September	2024.	Dhoni	1	0.00002208
Series	award	after	1	0.00002208
Shaka	Harry,	a	1	0.00002208
Shane	Watson.	Dhoni	1	0.00002208
Sharma	.	He	1	0.00002208
Sharma	being	unavailable,	1	0.00002208
Shri	in	2009	1	0.00002208
Shri:	2009	Honorary	1	0.00002208
Singh	Dhoni	([məˈɦeːnd̪ɾə	1	0.00002208
Singh	Dhoni,	a	1	0.00002208
Singh	Rajput	in	1	0.00002208
Singh	Rawat	on	1	0.00002208
Singh	and	Devaki	1	0.00002208
Sixth	most	sixes	1	0.00002208
South	Africa	at	1	0.00002208
South	Africa	tour.	1	0.00002208
South	Eastern	Railway	1	0.00002208
Spirit	of	cricket	1	0.00002208
Sports	Club,	Dhoni	1	0.00002208
Sri	Lanka	during	1	0.00002208
Sri	Lanka	with	1	0.00002208
Sri	Lanka's	tour	1	0.00002208
Sri	Lanka.	Dhoni	1	0.00002208
Sri	Lanka.	In	1	0.00002208
Sri	Lankan	bilateral	1	0.00002208
Srinivasan.	Dhoni	is	1	0.00002208
Stadium	where	he	1	0.00002208
State	Cricket	Association	1	0.00002208
Story,	with	Sushant	1	0.00002208
Subsequently,	Dhoni	was	1	0.00002208
Sundaresan.	Dhoni	(2012),	1	0.00002208
Super	Kings	(CSK)	1	0.00002208
Super	Kings	(CSK),	1	0.00002208
Super	Kings	Indian	1	0.00002208
Super	Kings	and	1	0.00002208
Super	Kings	from	1	0.00002208
Super	Kings.	Following	1	0.00002208
Super	League.	He	1	0.00002208
Supergiants	and	Gujarat	1	0.00002208
Supergiants	picked	Dhoni	1	0.00002208
Supergiants.	Dhoni	returned	1	0.00002208
Sushant	Singh	Rajput	1	0.00002208
T20	World	Cup.	1	0.00002208
T20	World	Cup:	1	0.00002208
T20	and	captaincy	1	0.00002208
T20	international	debut	1	0.00002208
T20	matches	for	1	0.00002208
T20	matches.	He	1	0.00002208
T20	titles	in	1	0.00002208
T20I	innings	(5)	1	0.00002208
T20I	innings	(76)	1	0.00002208
T20I	squad	for	1	0.00002208
T20I	team	of	1	0.00002208
T20Is	Second	most	1	0.00002208
TA	battalion).	The	1	0.00002208
TRDW.	In	2004,	1	0.00002208
Tamil	feature	film,	1	0.00002208
Tamil	language	romantic	1	0.00002208
Tamil.	Playing	style	1	0.00002208
Tendulkar	to	aggregate	1	0.00002208
Tendulkar,	the	highest	1	0.00002208
Territorial	Army	(106	1	0.00002208
Territorial	Army	in	1	0.00002208
Territorial	Army	which	1	0.00002208
Territorial	Army:	2011	1	0.00002208
Test	Team	of	1	0.00002208
Test	in	Melbourne,	1	0.00002208
Test	matches	at	1	0.00002208
Test	retirement	and	1	0.00002208
Tests	Most	runs	1	0.00002208
The	Dhoni	Touch:	1	0.00002208
The	Indian	ODI	1	0.00002208
The	Lion	for	1	0.00002208
The	No.7	jersey	1	0.00002208
The	Untold	Story,	1	0.00002208
The	first	show	1	0.00002208
The	honorary	rank	1	0.00002208
The	innings	would	1	0.00002208
The	production	house	1	0.00002208
The	spelling	"Dhoni"	1	0.00002208
Third	most	dismissals	1	0.00002208
Third	most	number	1	0.00002208
Though	Dhoni	scored	1	0.00002208
Though,	he	had	1	0.00002208
Ticket	Examiner	(TTE)	1	0.00002208
Touch:	unravelling	the	1	0.00002208
Tournament'	at	the	1	0.00002208
Travelling	Ticket	Examiner	1	0.00002208
Travis	Dowlin	of	1	0.00002208
Trophy	and	became	1	0.00002208
Trophy	and	represented	1	0.00002208
Trophy	and	scored	1	0.00002208
Trophy	debut	for	1	0.00002208
Trophy	finals,	Dhoni	1	0.00002208
Trophy	in	the	1	0.00002208
Trophy	in	which	1	0.00002208
Trophy	season,	he	1	0.00002208
Trophy	season.	Apart	1	0.00002208
Trophy	under-16	championship.	1	0.00002208
Trophy	where	he	1	0.00002208
Trophy,	India	lost	1	0.00002208
Trophy,	India	toured	1	0.00002208
Trophy,	being	the	1	0.00002208
Trophy,	scoring	244	1	0.00002208
Trophy,	the	Bihar	1	0.00002208
Trophy.	However,	he	1	0.00002208
Trophy:	2013	Chennai	1	0.00002208
Twenty20	in	September	1	0.00002208
Twenty20	title	in	1	0.00002208
Twenty20	where	India	1	0.00002208
Twenty20,	the	2011	1	0.00002208
Twenty20.	Chennai	won	1	0.00002208
U-19	cricket	team	1	0.00002208
U-19	squad	for	1	0.00002208
U-19	team	in	1	0.00002208
US$1.5	million	during	1	0.00002208
University	in	2011.	1	0.00002208
Untold	Story,	with	1	0.00002208
Uttar	Pradesh	(now	1	0.00002208
Uttarakhand)	and	he	1	0.00002208
Vidya	Mandir,	where	1	0.00002208
Vijay	Hazare	trophy	1	0.00002208
Vijay's	film	G.O.A.T	1	0.00002208
Vinoo	Mankad	Trophy	1	0.00002208
Visakhapatnam,	Dhoni	playing	1	0.00002208
Wankhede	Stadium	where	1	0.00002208
Watson.	Dhoni	ended	1	0.00002208
West	Indies	for	1	0.00002208
West	Indies.	In	1	0.00002208
While	captaining	in	1	0.00002208
While	spending	a	1	0.00002208
Widely	regarded	as	1	0.00002208
Wisden	Almanack	as	1	0.00002208
With	Dhoni	performing	1	0.00002208
World	Cup	co-hosted	1	0.00002208
World	Cup	final.	1	0.00002208
World	Cup	in	1	0.00002208
World	Cup	win	1	0.00002208
World	Cup,	Dhoni	1	0.00002208
World	Cup,	and	1	0.00002208
World	Cup.	Domestic	1	0.00002208
World	Cup.	Final	1	0.00002208
World	Cup.	On	1	0.00002208
World	Cup:	2007	1	0.00002208
World	Cup:	2011	1	0.00002208
World	T20	and	1	0.00002208
World	Twenty20	in	1	0.00002208
World	Twenty20	where	1	0.00002208
World	Twenty20,	the	1	0.00002208
World	cup	Dhoni	1	0.00002208
Wriddhiman	Saha	in	1	0.00002208
XI	cricket	team	1	0.00002208
XI	in	Harare	1	0.00002208
XI,	East	zone	1	0.00002208
Year:	2006	ICC	1	0.00002208
Year:	2006,	2008,	1	0.00002208
Year:	2008,	2009	1	0.00002208
Year:	2009,	2010,	1	0.00002208
Year:	2011	Castrol	1	0.00002208
Year:	2011	ICC	1	0.00002208
Youth	Icon	of	1	0.00002208
Youth	career	He	1	0.00002208
Yuzvendra	Chahal.	He	1	0.00002208
Zealand	in	the	1	0.00002208
Zealand,	India	lost	1	0.00002208
Zealand.	After	beating	1	0.00002208
Zealand.	Dhoni	led	1	0.00002208
Zealand.	On	15	1	0.00002208
Zimbabwe	XI	in	1	0.00002208
Zimbabwe	and	Kenya.	1	0.00002208
Zimbabwe	at	Auckland,	1	0.00002208
Ziva	Dhoni	who	1	0.00002208
Zone	U-19	squad	1	0.00002208
Zone	and	scored	1	0.00002208
Zone	in	the	1	0.00002208
Zone	lost	all	1	0.00002208
Zone	squad	that	1	0.00002208
a	"B"	grade	1	0.00002208
a	20-run	win,	1	0.00002208
a	2–1	series	1	0.00002208
a	Hindu	Rajput	1	0.00002208
a	T20I	innings	1	0.00002208
a	Tamil	feature	1	0.00002208
a	Tamil	language	1	0.00002208
a	Travelling	Ticket	1	0.00002208
a	batsman,	he	1	0.00002208
a	book	by	1	0.00002208
a	century	(128*)	1	0.00002208
a	century	in	1	0.00002208
a	co-owner	of	1	0.00002208
a	cricketer	like	1	0.00002208
a	cricketer,	"Since	1	0.00002208
a	cricketer.	After	1	0.00002208
a	daughter,	Ziva	1	0.00002208
a	day	with	1	0.00002208
a	documentary	web	1	0.00002208
a	draw.	Dhoni	1	0.00002208
a	duck.	Dhoni	1	0.00002208
a	duck.	He	1	0.00002208
a	father	and	1	0.00002208
a	fellow	player	1	0.00002208
a	fifty	Most	1	0.00002208
a	fighting	half-century	1	0.00002208
a	firm	grip	1	0.00002208
a	first	test	1	0.00002208
a	goalkeeper,	but	1	0.00002208
a	good	series,	1	0.00002208
a	half-century	against	1	0.00002208
a	half-century	and	1	0.00002208
a	honour	to	1	0.00002208
a	key	stumping	1	0.00002208
a	league	stage	1	0.00002208
a	long-term	business	1	0.00002208
a	match	by	1	0.00002208
a	member	of	1	0.00002208
a	month	later,	1	0.00002208
a	number	of	1	0.00002208
a	particular	season	1	0.00002208
a	plant-based	protein	1	0.00002208
a	powerful	hitter	1	0.00002208
a	proclivity	for	1	0.00002208
a	qualified	paratrooper	1	0.00002208
a	record	for	1	0.00002208
a	record	which	1	0.00002208
a	regular	in	1	0.00002208
a	relatively	mediocre	1	0.00002208
a	reputation	of	1	0.00002208
a	result,	Dhoni's	1	0.00002208
a	right-handed	batsman	1	0.00002208
a	right-handed	batter	1	0.00002208
a	run	chase,	1	0.00002208
a	single	match	1	0.00002208
a	soldier	and	1	0.00002208
a	special	cameo	1	0.00002208
a	special	connection	1	0.00002208
a	spelling	mistake	1	0.00002208
a	stumping),	and	1	0.00002208
a	successful	leader.	1	0.00002208
a	tour	of	1	0.00002208
a	tri-nation	tournament	1	0.00002208
a	two-week	stint	1	0.00002208
a	wicket-keeper	(183*)	1	0.00002208
a	wicket-keeper	(829)	1	0.00002208
a	wicket-keeper	for	1	0.00002208
a	wicket-keeper	of	1	0.00002208
a	wicket-keeper,	he	1	0.00002208
a	wicket-keeper.	Widely	1	0.00002208
a	world	cup.	1	0.00002208
a	year	later	1	0.00002208
above	50	in	1	0.00002208
accordingly.	Dhoni	holds	1	0.00002208
achieve	the	top	1	0.00002208
achievements	Tests	Most	1	0.00002208
acquired	by	Chennai	1	0.00002208
across	390	T20	1	0.00002208
across	the	first	1	0.00002208
across	the	five	1	0.00002208
across	three	tests	1	0.00002208
across	two	seasons	1	0.00002208
across	various	genres.	1	0.00002208
activists	of	JMM	1	0.00002208
adjudged	Man	of	1	0.00002208
adjust	their	line	1	0.00002208
after	Dhoni.	In	1	0.00002208
after	Sachin	Tendulkar	1	0.00002208
after	defeating	Pakistan	1	0.00002208
after	defeating	Sri	1	0.00002208
after	losing	to	1	0.00002208
after	losses	to	1	0.00002208
after	the	home	1	0.00002208
after	the	match	1	0.00002208
after	the	third	1	0.00002208
again	in	2021	1	0.00002208
again	the	following	1	0.00002208
against	Afghanistan	due	1	0.00002208
against	Australia	was	1	0.00002208
against	Australia.	India	1	0.00002208
against	Bangladesh	and	1	0.00002208
against	Bangladesh	in	1	0.00002208
against	Bengal	in	1	0.00002208
against	Chhattisgarh	and	1	0.00002208
against	Delhi.	Franchise	1	0.00002208
against	England	in	1	0.00002208
against	England,	India	1	0.00002208
against	England.	In	1	0.00002208
against	India	B.	1	0.00002208
against	Mumbai	Indians	1	0.00002208
against	New	Zealand,	1	0.00002208
against	Pakistan	A	1	0.00002208
against	Pakistan.	In	1	0.00002208
against	Sri	Lanka.	1	0.00002208
against	West	Indies.	1	0.00002208
against	Zimbabwe	at	1	0.00002208
against	the	hosts	1	0.00002208
aggregate	more	than	1	0.00002208
aggregate	of	346	1	0.00002208
aggregated	50	runs	1	0.00002208
agreement	with	Banijay	1	0.00002208
ahead	of	that	1	0.00002208
ahead	of	the	1	0.00002208
aircraft	in	the	1	0.00002208
all	ICC	limited	1	0.00002208
all	formats	by	1	0.00002208
all	formats	from	1	0.00002208
all	formats.	On	1	0.00002208
all	group	stage	1	0.00002208
all	the	three	1	0.00002208
all	three	games	1	0.00002208
all	time.	Captaincy	1	0.00002208
all	time.	Records	1	0.00002208
also	becoming	the	1	0.00002208
also	being	criticised	1	0.00002208
also	co-owns	Ranchi-based	1	0.00002208
also	known	for	1	0.00002208
also	later	winning	1	0.00002208
also	led	CSK	1	0.00002208
also	led	the	1	0.00002208
also	named	as	1	0.00002208
also	played	for	1	0.00002208
also	serving	as	1	0.00002208
also	set	a	1	0.00002208
also	the	highest	1	0.00002208
also	tried	other	1	0.00002208
ambassador	of	the	1	0.00002208
ambassador.	In	2019,	1	0.00002208
among	the	few	1	0.00002208
an	'A'	grade	1	0.00002208
an	Indian	and	1	0.00002208
an	Indian	professional	1	0.00002208
an	Indian	wicket-keeper.	1	0.00002208
an	Indian	wicketkeeper	1	0.00002208
an	Indian	win.	1	0.00002208
an	ODI	against	1	0.00002208
an	automotive	enthusiast	1	0.00002208
an	average	over	1	0.00002208
an	eighteen-year-old	scoring	1	0.00002208
an	excellent	year	1	0.00002208
an	honorary	doctorate	1	0.00002208
an	innings	(6)	1	0.00002208
an	innings	in	1	0.00002208
an	unbeaten	183	1	0.00002208
an	unbeaten	91.	1	0.00002208
an	unorthodox	batsman	1	0.00002208
and	10773	runs	1	0.00002208
and	108	fifties	1	0.00002208
and	177	runs	1	0.00002208
and	179	runs	1	0.00002208
and	2014.	Dhoni	1	0.00002208
and	2015	World	1	0.00002208
and	2016,	and	1	0.00002208
and	2023)	jointly	1	0.00002208
and	272	runs	1	0.00002208
and	Australia,	though	1	0.00002208
and	Central	Coal	1	0.00002208
and	Devaki	Devi.	1	0.00002208
and	Dhoni	top-scored	1	0.00002208
and	Dinesh	Karthik.	1	0.00002208
and	Gujarat	Lions	1	0.00002208
and	Kashmir.	While	1	0.00002208
and	Kenya.	Against	1	0.00002208
and	Midwicket	regions,	1	0.00002208
and	New	Zealand	1	0.00002208
and	Pakistan	A,	1	0.00002208
and	Phelps.	Dhoni's	1	0.00002208
and	Rajasthan	Royals,	1	0.00002208
and	Ravindra	Jadeja	1	0.00002208
and	Rest	of	1	0.00002208
and	Sri	Lanka.	1	0.00002208
and	a	strike	1	0.00002208
and	a	stumping),	1	0.00002208
and	a	wicket-keeper.	1	0.00002208
and	achievements	Tests	1	0.00002208
and	also	set	1	0.00002208
and	also	tried	1	0.00002208
and	became	the	1	0.00002208
and	captaincy	India	1	0.00002208
and	captains,	he	1	0.00002208
and	career	(432)	1	0.00002208
and	cars	in	1	0.00002208
and	childhood	friend	1	0.00002208
and	damaged	by	1	0.00002208
and	did	not	1	0.00002208
and	early	years	1	0.00002208
and	effected	195	1	0.00002208
and	ended	in	1	0.00002208
and	failed	to	1	0.00002208
and	fifth	most	1	0.00002208
and	finished	last	1	0.00002208
and	four	stumpings.	1	0.00002208
and	has	earned	1	0.00002208
and	helped	the	1	0.00002208
and	his	brand	1	0.00002208
and	his	first	1	0.00002208
and	his	son	1	0.00002208
and	his	wife	1	0.00002208
and	holds	the	1	0.00002208
and	hook	shots	1	0.00002208
and	in	test	1	0.00002208
and	is	one	1	0.00002208
and	is	the	1	0.00002208
and	just	29	1	0.00002208
and	later	Dhoni	1	0.00002208
and	led	CSK	1	0.00002208
and	led	his	1	0.00002208
and	led	the	1	0.00002208
and	length	accordingly.	1	0.00002208
and	missed	dismissal	1	0.00002208
and	not	a	1	0.00002208
and	on	25	1	0.00002208
and	only	wicket	1	0.00002208
and	only	wicket-keeper	1	0.00002208
and	owns	a	1	0.00002208
and	played	his	1	0.00002208
and	precision	to	1	0.00002208
and	produced	by	1	0.00002208
and	qualified	for	1	0.00002208
and	represented	East	1	0.00002208
and	retirement	Dhoni	1	0.00002208
and	runs	(1,153)	1	0.00002208
and	scored	176	1	0.00002208
and	scored	362	1	0.00002208
and	scored	a	1	0.00002208
and	scored	only	1	0.00002208
and	second	most	1	0.00002208
and	security	was	1	0.00002208
and	series	against	1	0.00002208
and	served	as	1	0.00002208
and	seven	stumpings.	1	0.00002208
and	simultaneously	became	1	0.00002208
and	strike	rate	1	0.00002208
and	successful	captains	1	0.00002208
and	ten	final	1	0.00002208
and	the	2013	1	0.00002208
and	the	Australia	1	0.00002208
and	the	fans	1	0.00002208
and	the	first	1	0.00002208
and	the	only	1	0.00002208
and	the	subsequent	1	0.00002208
and	their	return	1	0.00002208
and	third	highest	1	0.00002208
and	thus,	becoming	1	0.00002208
and	topped	the	1	0.00002208
and	twelfth	overall	1	0.00002208
and	was	awarded	1	0.00002208
and	was	described	1	0.00002208
and	was	named	1	0.00002208
and	was	one	1	0.00002208
and	was	part	1	0.00002208
and	was	promoted	1	0.00002208
and	was	retained	1	0.00002208
and	was	retired	1	0.00002208
and	was	run	1	0.00002208
and	was	the	1	0.00002208
and	wicket-keeper.	Dhoni	1	0.00002208
and	wicketkeeper	of	1	0.00002208
and	winning	it	1	0.00002208
and,	despite	repeated	1	0.00002208
another	score	over	1	0.00002208
any	wicket-keeper	(123)	1	0.00002208
any	wicket-keeper	(294)	1	0.00002208
anything	but	crude'.	1	0.00002208
appearance	for	CSK	1	0.00002208
appearance	in	Vijay's	1	0.00002208
appearances	in	the	1	0.00002208
appearances.	Dhoni	became	1	0.00002208
appointed	captain	of	1	0.00002208
appointed	him	captain	1	0.00002208
appointed	the	new	1	0.00002208
approachability	and	has	1	0.00002208
as	"Dhauni".	The	1	0.00002208
as	'Uninhibited,	yet	1	0.00002208
as	East	Zone	1	0.00002208
as	a	Travelling	1	0.00002208
as	a	cricketer.	1	0.00002208
as	a	goalkeeper,	1	0.00002208
as	a	honour	1	0.00002208
as	a	right-handed	1	0.00002208
as	an	eighteen-year-old	1	0.00002208
as	being	the	1	0.00002208
as	captain	(200)	1	0.00002208
as	captain	(332)	1	0.00002208
as	captain	(6641)	1	0.00002208
as	captain	(72)	1	0.00002208
as	hard-hitting	batting	1	0.00002208
as	its	brand	1	0.00002208
as	runners-up	after	1	0.00002208
as	runners-up.	In	1	0.00002208
as	the	mentor	1	0.00002208
as	the	team	1	0.00002208
as	the	wicket-keeper	1	0.00002208
as	wicket	keeper	1	0.00002208
as	wicket-keeper	(34)	1	0.00002208
at	0.08	seconds,	1	0.00002208
at	Auckland,	he	1	0.00002208
at	ESPNcricinfo	Mahendra	1	0.00002208
at	Jaipur	where	1	0.00002208
at	Johannesburg.	Dhoni	1	0.00002208
at	Kharagpur	under	1	0.00002208
at	Wisden	India	1	0.00002208
at	a	strike	1	0.00002208
at	club	cricket,	1	0.00002208
at	home	against	1	0.00002208
at	the	2017	1	0.00002208
at	the	Wankhede	1	0.00002208
at	the	bottom	1	0.00002208
at	the	start	1	0.00002208
attempts	by	his	1	0.00002208
auction.	Dhoni	scored	1	0.00002208
automotive	enthusiast	and	1	0.00002208
average	of	19.25.	1	0.00002208
average	of	23.34.	1	0.00002208
average	of	38	1	0.00002208
average	of	48	1	0.00002208
average	of	59.25	1	0.00002208
average	of	70.43	1	0.00002208
average	of	72.40	1	0.00002208
average	of	87	1	0.00002208
average	of	above	1	0.00002208
average	of	more	1	0.00002208
average	of	over	1	0.00002208
average	over	50	1	0.00002208
averaged	more	than	1	0.00002208
averages	in	ODI	1	0.00002208
averaging	more	than	1	0.00002208
award	Padma	Bhushan	1	0.00002208
award	Padma	Shri	1	0.00002208
award	after	the	1	0.00002208
award	of	the	1	0.00002208
award	while	also	1	0.00002208
award:	2008	ICC	1	0.00002208
awarded	India's	highest	1	0.00002208
awarded	a	"B"	1	0.00002208
awarded	an	'A'	1	0.00002208
awarded	an	honorary	1	0.00002208
awarded	the	Man	1	0.00002208
away	ODI	series	1	0.00002208
away.	Dhoni	played	1	0.00002208
back	centuries.	International	1	0.00002208
back	to	Dhoni	1	0.00002208
back	to	back	1	0.00002208
ball	and	is	1	0.00002208
ball	with	force	1	0.00002208
balls	in	the	1	0.00002208
balls	including	16	1	0.00002208
balls,	his	tenth	1	0.00002208
balls,	winning	the	1	0.00002208
ban	of	Chennai	1	0.00002208
based	on	Dhoni's	1	0.00002208
bat	with	a	1	0.00002208
batsman	after	Sachin	1	0.00002208
batsman	and	wicket-keeper.	1	0.00002208
batsman	rankings	for	1	0.00002208
batsman	who	deviates	1	0.00002208
batsman,	he	is	1	0.00002208
batsmen	and	captains,	1	0.00002208
batsmen	to	have	1	0.00002208
battalion).	The	honorary	1	0.00002208
batted	higher	up	1	0.00002208
batted	with	India	1	0.00002208
batted.	Test	retirement	1	0.00002208
batter	and	a	1	0.00002208
batting	order	in	1	0.00002208
batting	style.	In	1	0.00002208
batting	talent	and	1	0.00002208
batting	technique.	Dhoni	1	0.00002208
be	$80.3	million	1	0.00002208
be	the	same".	1	0.00002208
beating	Bangladesh	in	1	0.00002208
became	a	qualified	1	0.00002208
became	a	regular	1	0.00002208
became	brand	ambassador	1	0.00002208
became	the	captain	1	0.00002208
became	the	most	1	0.00002208
became	the	second	1	0.00002208
became	the	third	1	0.00002208
become	a	cricketer	1	0.00002208
become	a	soldier	1	0.00002208
becoming	the	second	1	0.00002208
been	praised	for	1	0.00002208
been	rectified.	Dhoni	1	0.00002208
before	representing	Jharkhand	1	0.00002208
before	scoring	a	1	0.00002208
before	taking	over	1	0.00002208
before	the	auction	1	0.00002208
behind	the	stumps	1	0.00002208
being	a	successful	1	0.00002208
being	criticised	for	1	0.00002208
being	named	man	1	0.00002208
being	the	first	1	0.00002208
being	the	only	1	0.00002208
being	unavailable,	Dhoni	1	0.00002208
between	the	wickets.	1	0.00002208
bikes	and	cars	1	0.00002208
bilateral	ODI	series	1	0.00002208
bilateral	series	for	1	0.00002208
bilateral	series	on	1	0.00002208
book	by	Bharat	1	0.00002208
born	7	July	1	0.00002208
born	on	6	1	0.00002208
born	on	7	1	0.00002208
both	these	matches	1	0.00002208
bottom	of	the	1	0.00002208
boundary.	He	is	1	0.00002208
bowled	Travis	Dowlin	1	0.00002208
bowler	to	adjust	1	0.00002208
brand	SEVEN	which	1	0.00002208
brand	ambassador	of	1	0.00002208
brand	ambassador.	In	1	0.00002208
brand	value	was	1	0.00002208
broken	by	Wriddhiman	1	0.00002208
broken	seven	years	1	0.00002208
business	agreement	with	1	0.00002208
but	continued	playing	1	0.00002208
but	crude'.	It	1	0.00002208
but	his	son	1	0.00002208
but	later	moved	1	0.00002208
but	was	ruled	1	0.00002208
by	2008.	Dhoni	1	0.00002208
by	BCCI	in	1	0.00002208
by	Bharat	Sundaresan.	1	0.00002208
by	Chennai	Super	1	0.00002208
by	De	Montfort	1	0.00002208
by	Dhoni	and	1	0.00002208
by	Duff	and	1	0.00002208
by	Government	of	1	0.00002208
by	India.	India	1	0.00002208
by	Prakash	Raj	1	0.00002208
by	Shane	Watson.	1	0.00002208
by	Wriddhiman	Saha	1	0.00002208
by	a	fellow	1	0.00002208
by	a	wicket-keeper	1	0.00002208
by	activists	of	1	0.00002208
by	dedicating	seats	1	0.00002208
by	effecting	six	1	0.00002208
by	five	runs	1	0.00002208
by	former	BCCI	1	0.00002208
by	his	family,	1	0.00002208
by	one	wicket.	1	0.00002208
by	rain	and	1	0.00002208
by	the	BCCI	1	0.00002208
by	the	BCCI.	1	0.00002208
by	the	ICC	1	0.00002208
by	the	company	1	0.00002208
call	him	'Thala'	1	0.00002208
cameo	appearance	in	1	0.00002208
camp,	he	became	1	0.00002208
campaign,	he	scored	1	0.00002208
captain	(200)	First	1	0.00002208
captain	(332)	Most	1	0.00002208
captain	(51)	Most	1	0.00002208
captain	(6641)	Third	1	0.00002208
captain	(72)	Most	1	0.00002208
captain	Rohit	Sharma	1	0.00002208
captain	and	second	1	0.00002208
captain	and	wicketkeeper	1	0.00002208
captain	in	New	1	0.00002208
captain	in	international	1	0.00002208
captain	of	India	1	0.00002208
captain	of	all	1	0.00002208
captain	to	have	1	0.00002208
captain.	He	has	1	0.00002208
captain.	However,	a	1	0.00002208
captaincy	India	recorded	1	0.00002208
captaincy	ahead	of	1	0.00002208
captaincy	back	to	1	0.00002208
captaincy	to	Ruturaj	1	0.00002208
captaincy,	CSK	became	1	0.00002208
captaincy,	CSK	won	1	0.00002208
captaincy,	approachability	and	1	0.00002208
captained	the	Indian	1	0.00002208
captained	the	most	1	0.00002208
captaining	in	the	1	0.00002208
captains	of	all	1	0.00002208
captains,	he	represented	1	0.00002208
career	(359)	Honours	1	0.00002208
career	(432)	by	1	0.00002208
career	Debut	and	1	0.00002208
career	Dhoni	played	1	0.00002208
career	Dhoni	was	1	0.00002208
career	He	played	1	0.00002208
career,	making	him	1	0.00002208
career.	Dhoni	has	1	0.00002208
cars	in	his	1	0.00002208
catches	and	a	1	0.00002208
catches	and	effected	1	0.00002208
catches	and	four	1	0.00002208
catches	and	missed	1	0.00002208
catches	and	seven	1	0.00002208
catches	as	wicket	1	0.00002208
cause.	Dhoni	was	1	0.00002208
cause.	Dhoni's	contribution	1	0.00002208
centuries	and	108	1	0.00002208
centuries	during	Sri	1	0.00002208
centuries.	International	career	1	0.00002208
century	(128*)	against	1	0.00002208
century	against	Chhattisgarh	1	0.00002208
century	in	ODIs	1	0.00002208
century	while	playing	1	0.00002208
century,	his	performance	1	0.00002208
certificates	and,	despite	1	0.00002208
champions	Australia	in	1	0.00002208
championship.	In	the	1	0.00002208
chances	including	a	1	0.00002208
chase	down	their	1	0.00002208
chase,	a	record	1	0.00002208
childhood	I	wanted	1	0.00002208
childhood	friend	Santosh	1	0.00002208
childhood	to	the	1	0.00002208
children.	His	family	1	0.00002208
city	of	Chennai	1	0.00002208
claim	all	ICC	1	0.00002208
class	debut	for	1	0.00002208
clear	the	boundary.	1	0.00002208
clocked	at	0.08	1	0.00002208
club	Chennaiyin	FC,	1	0.00002208
club	Ranchi	Rays,	1	0.00002208
club	cricket,	he	1	0.00002208
club	from	1995	1	0.00002208
co-hosted	by	India.	1	0.00002208
co-owner	of	Chennai-based	1	0.00002208
co-owns	Ranchi-based	hockey	1	0.00002208
co-owns	while	also	1	0.00002208
coach	Keshav	Banerjee.	1	0.00002208
coaching	manuals	to	1	0.00002208
collection.	Career	statistics	1	0.00002208
company	in	2013.	1	0.00002208
company	owned	by	1	0.00002208
company	was	a	1	0.00002208
company.	In	2019,	1	0.00002208
company.	On	11	1	0.00002208
compared	to	Sachin	1	0.00002208
completed	a	two-week	1	0.00002208
completing	five	parachute	1	0.00002208
conflicting	interests	of	1	0.00002208
connection	with	the	1	0.00002208
consecutive	50-plus	scores	1	0.00002208
consecutive	IPL	title	1	0.00002208
content	across	various	1	0.00002208
continued	playing	in	1	0.00002208
contract	by	BCCI	1	0.00002208
contract	by	the	1	0.00002208
contributed	seven	catches	1	0.00002208
contribution	as	well	1	0.00002208
contribution	in	the	1	0.00002208
conventional	Cover	region.	1	0.00002208
conventional	coaching	manuals	1	0.00002208
cool".	Personal	life	1	0.00002208
cool-headed	demeanor	on	1	0.00002208
crashed	out	in	1	0.00002208
crashing	out	of	1	0.00002208
cricket	Dhoni	holds	1	0.00002208
cricket	and	also	1	0.00002208
cricket	award	of	1	0.00002208
cricket	club	from	1	0.00002208
cricket	from	2008	1	0.00002208
cricket	in	2014	1	0.00002208
cricket	in	a	1	0.00002208
cricket	including	10,000	1	0.00002208
cricket	on	30	1	0.00002208
cricket	on	the	1	0.00002208
cricket	team	and	1	0.00002208
cricket	team	made	1	0.00002208
cricket	team	on	1	0.00002208
cricket	team	since	1	0.00002208
cricket	till	2019.	1	0.00002208
cricket	to	claim	1	0.00002208
cricket,	clocked	at	1	0.00002208
cricket,	he	was	1	0.00002208
cricket.	He	has	1	0.00002208
cricket.	In	BCCI	1	0.00002208
cricket.	Post-international	retirement	1	0.00002208
cricket.	The	No.7	1	0.00002208
cricketer	like	Dhoni.	1	0.00002208
cricketer	to	lead	1	0.00002208
cricketer	who	plays	1	0.00002208
cricketer,	"Since	childhood	1	0.00002208
cricketer.	After	completing	1	0.00002208
cricketers	in	the	1	0.00002208
criticised	for	the	1	0.00002208
criticism	of	his	1	0.00002208
crore	(US$1.4	million)	1	0.00002208
crude'.	It	was	1	0.00002208
culture	A	film	1	0.00002208
cup	Dhoni	played	1	0.00002208
cup	after	defeating	1	0.00002208
cup	win,	titled	1	0.00002208
cup.	In	the	1	0.00002208
damaged	by	activists	1	0.00002208
daughter,	Ziva	Dhoni	1	0.00002208
day	I'll	be	1	0.00002208
day	with	the	1	0.00002208
dealt	with	the	1	0.00002208
debut	for	the	1	0.00002208
debut	in	December	1	0.00002208
debut	match,	that	1	0.00002208
decade:	2011–2020	ICC	1	0.00002208
decided	to	honour	1	0.00002208
dedicating	seats	(J282–J286)	1	0.00002208
defeating	Pakistan	in	1	0.00002208
defeating	Sri	Lanka	1	0.00002208
deliveries	often	putting	1	0.00002208
deliveries	towards	the	1	0.00002208
deliveries	which	surpassed	1	0.00002208
demeanor	on	the	1	0.00002208
described	in	Wisden	1	0.00002208
despite	repeated	attempts	1	0.00002208
developed	a	special	1	0.00002208
developed	by	the	1	0.00002208
deviates	from	conventional	1	0.00002208
did	his	schooling	1	0.00002208
did	not	include	1	0.00002208
did	not	qualify	1	0.00002208
didn't	lack	in	1	0.00002208
different	limited	overs	1	0.00002208
directed	and	produced	1	0.00002208
dismissal	chances	including	1	0.00002208
dismissals	(eight	catches	1	0.00002208
dismissals	against	England.	1	0.00002208
dismissals	as	a	1	0.00002208
dismissals	by	an	1	0.00002208
dismissals	in	ODIs	1	0.00002208
dismissals	in	a	1	0.00002208
dismissing	Keemo	Paul.	1	0.00002208
displays	a	proclivity	1	0.00002208
division.	Based	on	1	0.00002208
doctorate	by	De	1	0.00002208
documentary	web	series	1	0.00002208
domestic	cricket.	In	1	0.00002208
domestic	list-A	century	1	0.00002208
down	as	the	1	0.00002208
down	from	captaincy	1	0.00002208
down	their	target	1	0.00002208
draft	picks	on	1	0.00002208
drama	LGM	which	1	0.00002208
draw.	Dhoni	made	1	0.00002208
dropped	multiple	catches	1	0.00002208
duck.	Dhoni	was	1	0.00002208
duck.	He	was	1	0.00002208
ducks	in	both	1	0.00002208
due	to	a	1	0.00002208
due	to	regular	1	0.00002208
during	India's	2018	1	0.00002208
during	India's	tour	1	0.00002208
during	Sri	Lanka's	1	0.00002208
during	the	auction	1	0.00002208
during	the	fifth	1	0.00002208
during	their	tour	1	0.00002208
early	2000s	saw	1	0.00002208
early	2007	with	1	0.00002208
early	years	The	1	0.00002208
earned	a	reputation	1	0.00002208
earned	him	the	1	0.00002208
edition	and	qualified	1	0.00002208
effect	100	stumpings	1	0.00002208
effected	195	stumpings	1	0.00002208
effected	nine	dismissals	1	0.00002208
effected	the	fastest	1	0.00002208
effecting	400	dismissals	1	0.00002208
effecting	six	dismissals	1	0.00002208
effecting	the	most	1	0.00002208
eight	seasons	for	1	0.00002208
eighteen-year-old	scoring	68	1	0.00002208
eighth	wicket	partnership	1	0.00002208
emerged	due	to	1	0.00002208
emerging	talents	via	1	0.00002208
ended	in	a	1	0.00002208
ended	the	series	1	0.00002208
enigma	that	is	1	0.00002208
ensure	that	the	1	0.00002208
entered	into	a	1	0.00002208
enthusiast	and	owns	1	0.00002208
equalled	Adam	Gilchrist's	1	0.00002208
established	for	the	1	0.00002208
eventual	champions	Australia	1	0.00002208
ever	ODI	world	1	0.00002208
ever	domestic	list-A	1	0.00002208
excellent	year	in	1	0.00002208
expensive	signing	in	1	0.00002208
failed	to	make	1	0.00002208
failed	to	win	1	0.00002208
family	spells	the	1	0.00002208
family	to	Pan	1	0.00002208
family,	has	never	1	0.00002208
family.	Dhoni	scored	1	0.00002208
fans	often	call	1	0.00002208
farmhouse	outside	Ranchi.	1	0.00002208
fast	reflexes	behind	1	0.00002208
fastest	men	in	1	0.00002208
fastest	stumping	in	1	0.00002208
father	and	his	1	0.00002208
father	wanting	his	1	0.00002208
feature	film,	directed	1	0.00002208
fellow	player	and	1	0.00002208
few	batsmen	to	1	0.00002208
field	which	has	1	0.00002208
fifth	and	final	1	0.00002208
fifth	most	by	1	0.00002208
fifth	one-day	international,	1	0.00002208
fifties	in	four	1	0.00002208
fifties	in	his	1	0.00002208
fifties,	17	catches	1	0.00002208
fifty	Most	stumpings	1	0.00002208
fifty	and	in	1	0.00002208
fighting	half-century	in	1	0.00002208
film	G.O.A.T	that	1	0.00002208
film	based	on	1	0.00002208
film,	directed	and	1	0.00002208
final	ODI	against	1	0.00002208
final	ODI	in	1	0.00002208
final	against	England,	1	0.00002208
final	appearances.	Dhoni	1	0.00002208
final	on	ten	1	0.00002208
final	over	to	1	0.00002208
final	where	Jharkhand	1	0.00002208
final	where	he	1	0.00002208
final	with	Dhoni	1	0.00002208
final.	Dhoni	was	1	0.00002208
final.	He	was	1	0.00002208
final.	In	popular	1	0.00002208
finals	in	the	1	0.00002208
finals,	Dhoni	represented	1	0.00002208
finals,	he	became	1	0.00002208
finals,	where	Dhoni	1	0.00002208
finals.	In	the	1	0.00002208
finished	as	runners-up	1	0.00002208
finished	as	runners-up.	1	0.00002208
finished	last	in	1	0.00002208
finished	the	season	1	0.00002208
finishing	skills	in	1	0.00002208
firm	grip	at	1	0.00002208
first	Indian	captain	1	0.00002208
first	ODI	at	1	0.00002208
first	and	only	1	0.00002208
first	and	the	1	0.00002208
first	class	debut	1	0.00002208
first	cricketer	to	1	0.00002208
first	eight	seasons	1	0.00002208
first	ever	domestic	1	0.00002208
first	in	a	1	0.00002208
first	in	over	1	0.00002208
first	non-Australian	captain	1	0.00002208
first	player	to	1	0.00002208
first	season	of	1	0.00002208
first	show	developed	1	0.00002208
first	test	a	1	0.00002208
first	test	victory	1	0.00002208
first	test,	but	1	0.00002208
first-class	century	while	1	0.00002208
five	ODI	matches	1	0.00002208
five	ODI	series	1	0.00002208
five	draft	picks	1	0.00002208
five	fifties	in	1	0.00002208
five	fifties,	17	1	0.00002208
five	innings	he	1	0.00002208
five	parachute	training	1	0.00002208
five	runs	on	1	0.00002208
five	tests	including	1	0.00002208
five	thousand	runs	1	0.00002208
five	times	(2010,	1	0.00002208
five	title	wins	1	0.00002208
five	years	and	1	0.00002208
followed	and	the	1	0.00002208
followed,	Dhoni	scored	1	0.00002208
followed.	Dhoni	dropped	1	0.00002208
followers	on	social	1	0.00002208
following	his	unbeaten	1	0.00002208
following	season.	Under	1	0.00002208
following	the	stumping	1	0.00002208
football	as	a	1	0.00002208
football	club	Chennaiyin	1	0.00002208
for	2006.	2007	1	0.00002208
for	ACC	Asia	1	0.00002208
for	Air	India	1	0.00002208
for	Bihar	U-19	1	0.00002208
for	Bihar	in	1	0.00002208
for	Bihar	state	1	0.00002208
for	CSK	and	1	0.00002208
for	CSK	in	1	0.00002208
for	Champions	League	1	0.00002208
for	Chennai	Super	1	0.00002208
for	Commando	cricket	1	0.00002208
for	Disney+	Hotstar	1	0.00002208
for	India	(100*	1	0.00002208
for	India	seniors	1	0.00002208
for	India.	The	1	0.00002208
for	Jharkhand	in	1	0.00002208
for	Rajasthan	Cricket	1	0.00002208
for	US$1.5	million	1	0.00002208
for	a	bilateral	1	0.00002208
for	a	tour	1	0.00002208
for	a	tri-nation	1	0.00002208
for	effecting	the	1	0.00002208
for	his	cool-headed	1	0.00002208
for	his	family.	1	0.00002208
for	his	fast	1	0.00002208
for	his	finishing	1	0.00002208
for	his	lower-order	1	0.00002208
for	his	service	1	0.00002208
for	his	unorthodox	1	0.00002208
for	hitting	full-length	1	0.00002208
for	most	appearances	1	0.00002208
for	most	of	1	0.00002208
for	most	stumpings	1	0.00002208
for	scoring	45	1	0.00002208
for	scoring	an	1	0.00002208
for	several	months.	1	0.00002208
for	the	1997/98	1	0.00002208
for	the	2011	1	0.00002208
for	the	2016	1	0.00002208
for	the	2017-18	1	0.00002208
for	the	2018	1	0.00002208
for	the	2019	1	0.00002208
for	the	2021	1	0.00002208
for	the	2022	1	0.00002208
for	the	Bangladesh	1	0.00002208
for	the	C.	1	0.00002208
for	the	Indian	1	0.00002208
for	the	ODI	1	0.00002208
for	the	Super	1	0.00002208
for	the	Supergiants.	1	0.00002208
for	the	T20I	1	0.00002208
for	the	finals.	1	0.00002208
for	the	lack	1	0.00002208
for	the	most	1	0.00002208
for	the	series	1	0.00002208
for	the	subsequent	1	0.00002208
for	₹12	crore	1	0.00002208
for	₹125	million	1	0.00002208
force	and	precision	1	0.00002208
formally	announced	his	1	0.00002208
format.	In	his	1	0.00002208
formats	by	2008.	1	0.00002208
formats	from	2007	1	0.00002208
formats	from	2008.	1	0.00002208
formats.	On	2	1	0.00002208
former	BCCI	president	1	0.00002208
four	Ranji	matches.	1	0.00002208
four	innings	at	1	0.00002208
four	matches	in	1	0.00002208
four	matches,	as	1	0.00002208
four	matches.	In	1	0.00002208
four	stumpings.	In	1	0.00002208
four-ball	20.	Outside	1	0.00002208
fourth	Indian	and	1	0.00002208
fourth	Indian	to	1	0.00002208
fourth	highest	civilian	1	0.00002208
franchise	he	represents	1	0.00002208
franchise	to	victory	1	0.00002208
franchise	with	five	1	0.00002208
franchises	Rising	Pune	1	0.00002208
friend	Santosh	Lal.	1	0.00002208
from	129	matches	1	0.00002208
from	1995	to	1	0.00002208
from	2007	to	1	0.00002208
from	2008	to	1	0.00002208
from	2008.	He	1	0.00002208
from	DAV	Jawahar	1	0.00002208
from	Indian	Army	1	0.00002208
from	Lwali	village	1	0.00002208
from	captaincy	ahead	1	0.00002208
from	conventional	coaching	1	0.00002208
from	his	childhood	1	0.00002208
from	international	cricket.	1	0.00002208
from	test	cricket	1	0.00002208
from	the	Indian	1	0.00002208
from	the	company	1	0.00002208
from	the	format.	1	0.00002208
from	this	century,	1	0.00002208
full-length	deliveries	towards	1	0.00002208
gaining	recognition	for	1	0.00002208
game	for	India.	1	0.00002208
games	and	did	1	0.00002208
games	with	the	1	0.00002208
genres.	The	first	1	0.00002208
goalkeeper,	but	later	1	0.00002208
good	series,	scoring	1	0.00002208
good	technique.	He	1	0.00002208
got	him	the	1	0.00002208
got	injured	at	1	0.00002208
grip	at	the	1	0.00002208
group	stage	match	1	0.00002208
group	stage	matches	1	0.00002208
had	a	relatively	1	0.00002208
had	an	excellent	1	0.00002208
hailed	from	Lwali	1	0.00002208
half-centuries	in	all	1	0.00002208
half-century	against	South	1	0.00002208
half-century	against	West	1	0.00002208
half-century	and	scored	1	0.00002208
handed	over	captaincy	1	0.00002208
handed	over	the	1	0.00002208
handle,	striking	the	1	0.00002208
hard-hitting	batting	style.	1	0.00002208
has	also	led	1	0.00002208
has	also	played	1	0.00002208
has	been	praised	1	0.00002208
has	captained	the	1	0.00002208
has	developed	a	1	0.00002208
has	earned	a	1	0.00002208
has	earned	him	1	0.00002208
has	led	India	1	0.00002208
has	more	than	1	0.00002208
has	never	been	1	0.00002208
has	one	of	1	0.00002208
has	scored	16	1	0.00002208
has	scored	17,266	1	0.00002208
has	scored	4876	1	0.00002208
has	scored	more	1	0.00002208
has	taken	634	1	0.00002208
have	a	daughter,	1	0.00002208
have	an	average	1	0.00002208
have	scored	more	1	0.00002208
having	a	good	1	0.00002208
he	batted	higher	1	0.00002208
he	batted	with	1	0.00002208
he	batted.	Test	1	0.00002208
he	became	a	1	0.00002208
he	bowled	Travis	1	0.00002208
he	co-owns	while	1	0.00002208
he	completed	a	1	0.00002208
he	effected	nine	1	0.00002208
he	effected	the	1	0.00002208
he	had	a	1	0.00002208
he	has	been	1	0.00002208
he	hit	the	1	0.00002208
he	is	recognised	1	0.00002208
he	made	85	1	0.00002208
he	played	for	1	0.00002208
he	represented	the	1	0.00002208
he	represents	and	1	0.00002208
he	scored	102	1	0.00002208
he	scored	134	1	0.00002208
he	scored	an	1	0.00002208
he	scored	his	1	0.00002208
he	started	gaining	1	0.00002208
he	started	playing	1	0.00002208
he	stumped	Akila	1	0.00002208
he	wanted	to	1	0.00002208
he	was	a	1	0.00002208
he	was	adjudged	1	0.00002208
he	was	included	1	0.00002208
he	was	inducted	1	0.00002208
he	was	named	1	0.00002208
he	was	the	1	0.00002208
he	went	past	1	0.00002208
helicopter	shot	technique,	1	0.00002208
helped	India	A	1	0.00002208
helped	the	team	1	0.00002208
helping	India	secure	1	0.00002208
helping	his	team	1	0.00002208
high-pressure	situations.	As	1	0.00002208
higher	division.	Based	1	0.00002208
higher	up	the	1	0.00002208
highest	aggregate	of	1	0.00002208
highest	averages	in	1	0.00002208
highest	individual	score	1	0.00002208
highest	run	scorer	1	0.00002208
highest	sport	honour	1	0.00002208
him	'Thala'	meaning	1	0.00002208
him	by	a	1	0.00002208
him	by	dedicating	1	0.00002208
him	captain	of	1	0.00002208
him	one	of	1	0.00002208
him	out	for	1	0.00002208
him	the	Man	1	0.00002208
him	the	monicker	1	0.00002208
him.	Dhoni	has	1	0.00002208
himself	managing	just	1	0.00002208
himself	reached	8000	1	0.00002208
himself	was	out	1	0.00002208
his	250th	appearance	1	0.00002208
his	350th	and	1	0.00002208
his	Ranji	Trophy	1	0.00002208
his	T20	international	1	0.00002208
his	batting	technique.	1	0.00002208
his	brand	value	1	0.00002208
his	childhood	to	1	0.00002208
his	coach	Keshav	1	0.00002208
his	collection.	Career	1	0.00002208
his	cool-headed	demeanor	1	0.00002208
his	debut	for	1	0.00002208
his	debut	in	1	0.00002208
his	debut	match,	1	0.00002208
his	earlier	record	1	0.00002208
his	family,	has	1	0.00002208
his	family.	Dhoni	1	0.00002208
his	farmhouse	outside	1	0.00002208
his	fast	reflexes	1	0.00002208
his	fifth	one-day	1	0.00002208
his	finishing	skills	1	0.00002208
his	first	and	1	0.00002208
his	first	class	1	0.00002208
his	first	ever	1	0.00002208
his	first	in	1	0.00002208
his	first	test	1	0.00002208
his	international	career,	1	0.00002208
his	international	career.	1	0.00002208
his	last	series	1	0.00002208
his	last	test,	1	0.00002208
his	lower-order	contribution	1	0.00002208
his	maiden	first-class	1	0.00002208
his	maiden	half-century	1	0.00002208
his	maiden	test	1	0.00002208
his	performance	at	1	0.00002208
his	performance	in	1	0.00002208
his	resignation	from	1	0.00002208
his	school	certificates	1	0.00002208
his	schooling	from	1	0.00002208
his	service	to	1	0.00002208
his	son	to	1	0.00002208
his	son	wanting	1	0.00002208
his	son	with	1	0.00002208
his	team	secure	1	0.00002208
his	team	to	1	0.00002208
his	tenth	century	1	0.00002208
his	test	debut	1	0.00002208
his	unbeaten	four-ball	1	0.00002208
his	unorthodox	captaincy,	1	0.00002208
his	wicket-keeping.	In	1	0.00002208
his	wife	have	1	0.00002208
history	of	cricket,	1	0.00002208
history.	Dhoni	had	1	0.00002208
hit	the	winning	1	0.00002208
hitter	of	the	1	0.00002208
hitting	full-length	deliveries	1	0.00002208
hockey	club	Ranchi	1	0.00002208
holds	the	bat	1	0.00002208
holds	the	post	1	0.00002208
holds	the	record	1	0.00002208
home	against	England.	1	0.00002208
honorary	doctorate	by	1	0.00002208
honorary	rank	was	1	0.00002208
honour	Major	Dhyan	1	0.00002208
honour	him	by	1	0.00002208
honour	to	him.	1	0.00002208
hook	shots	off	1	0.00002208
hosts	and	Sri	1	0.00002208
house	in	Ranchi	1	0.00002208
house	produced	a	1	0.00002208
identical	3–1	victory	1	0.00002208
identified	as	one	1	0.00002208
illustrates	the	conflicting	1	0.00002208
in	1998.	At	1	0.00002208
in	1999.	He	1	0.00002208
in	2009	and	1	0.00002208
in	2009,	2010)	1	0.00002208
in	2009,	2011–2014)	1	0.00002208
in	2009,	scoring	1	0.00002208
in	2011	World	1	0.00002208
in	2011	for	1	0.00002208
in	2011.	Dhoni	1	0.00002208
in	2013.	In	1	0.00002208
in	2014	and	1	0.00002208
in	2014	but	1	0.00002208
in	2014.	Dhoni	1	0.00002208
in	2015.	In	1	0.00002208
in	2016	and	1	0.00002208
in	2018.	Born	1	0.00002208
in	2018.	Dhoni	1	0.00002208
in	2018.	In	1	0.00002208
in	2018.	The	1	0.00002208
in	2019	which	1	0.00002208
in	2021	and	1	0.00002208
in	2023	as	1	0.00002208
in	30	matches	1	0.00002208
in	332	matches	1	0.00002208
in	Australia,	India	1	0.00002208
in	Challenger	trophy,	1	0.00002208
in	Colombo,	he	1	0.00002208
in	December	2004.	1	0.00002208
in	December	2006	1	0.00002208
in	December	2014.	1	0.00002208
in	Dehradun.	Dhoni	1	0.00002208
in	England	in	1	0.00002208
in	Faisalabad.	He	1	0.00002208
in	February	2017	1	0.00002208
in	February	2018,	1	0.00002208
in	Harare	Sports	1	0.00002208
in	ICC	test	1	0.00002208
in	India	Cements	1	0.00002208
in	India	where	1	0.00002208
in	India's	squad	1	0.00002208
in	Ireland	and	1	0.00002208
in	Jammu	and	1	0.00002208
in	January	2017,	1	0.00002208
in	Jharkhand)	in	1	0.00002208
in	June	2007.	1	0.00002208
in	March	2006	1	0.00002208
in	May	2007	1	0.00002208
in	Melbourne,	Dhoni	1	0.00002208
in	New	Zealand.	1	0.00002208
in	November	2005.	1	0.00002208
in	November	2006,	1	0.00002208
in	November	2009	1	0.00002208
in	ODI	by	1	0.00002208
in	ODI	cricket	1	0.00002208
in	ODI	cricket.	1	0.00002208
in	ODI	in	1	0.00002208
in	ODIs	against	1	0.00002208
in	ODIs	and	1	0.00002208
in	ODIs	when	1	0.00002208
in	ODIs.	Dhoni	1	0.00002208
in	ODIs.	He	1	0.00002208
in	ODIs.	In	1	0.00002208
in	October–November	2005	1	0.00002208
in	Ranchi	was	1	0.00002208
in	Ranchi,	Bihar	1	0.00002208
in	September	2007.	1	0.00002208
in	Shaka	Harry,	1	0.00002208
in	Tamil.	Playing	1	0.00002208
in	Test	matches	1	0.00002208
in	Uttar	Pradesh	1	0.00002208
in	Vijay's	film	1	0.00002208
in	Visakhapatnam,	Dhoni	1	0.00002208
in	Wisden	Almanack	1	0.00002208
in	a	Hindu	1	0.00002208
in	a	T20I	1	0.00002208
in	a	bilateral	1	0.00002208
in	a	draw.	1	0.00002208
in	a	league	1	0.00002208
in	a	match	1	0.00002208
in	a	particular	1	0.00002208
in	a	run	1	0.00002208
in	a	world	1	0.00002208
in	all	formats	1	0.00002208
in	all	formats.	1	0.00002208
in	all	the	1	0.00002208
in	all	three	1	0.00002208
in	an	ODI	1	0.00002208
in	batting	talent	1	0.00002208
in	both	the	1	0.00002208
in	both	these	1	0.00002208
in	career	(359)	1	0.00002208
in	domestic	cricket.	1	0.00002208
in	early	2007	1	0.00002208
in	five	tests	1	0.00002208
in	five	years	1	0.00002208
in	four	Ranji	1	0.00002208
in	four	innings	1	0.00002208
in	four	matches	1	0.00002208
in	four	matches,	1	0.00002208
in	four	matches.	1	0.00002208
in	high-pressure	situations.	1	0.00002208
in	his	350th	1	0.00002208
in	his	collection.	1	0.00002208
in	his	debut	1	0.00002208
in	his	farmhouse	1	0.00002208
in	his	fifth	1	0.00002208
in	his	school	1	0.00002208
in	international	cricket.	1	0.00002208
in	its	history.	1	0.00002208
in	just	24	1	0.00002208
in	nine	matches	1	0.00002208
in	over	three	1	0.00002208
in	running	between	1	0.00002208
in	test	cricket	1	0.00002208
in	that	season,	1	0.00002208
in	the	2000/01	1	0.00002208
in	the	2000–01	1	0.00002208
in	the	2001–02	1	0.00002208
in	the	2002–03	1	0.00002208
in	the	2007	1	0.00002208
in	the	2008-09	1	0.00002208
in	the	2009	1	0.00002208
in	the	2013	1	0.00002208
in	the	2013–14	1	0.00002208
in	the	2014	1	0.00002208
in	the	2016	1	0.00002208
in	the	Afro-Asia	1	0.00002208
in	the	Agra	1	0.00002208
in	the	Cooch	1	0.00002208
in	the	Deodhar	1	0.00002208
in	the	IPL	1	0.00002208
in	the	IPL,	1	0.00002208
in	the	IPL.	1	0.00002208
in	the	Indian	1	0.00002208
in	the	Sri	1	0.00002208
in	the	auction.	1	0.00002208
in	the	batting	1	0.00002208
in	the	early	1	0.00002208
in	the	history	1	0.00002208
in	the	lead	1	0.00002208
in	the	middle	1	0.00002208
in	the	only	1	0.00002208
in	the	process,	1	0.00002208
in	the	quarter	1	0.00002208
in	the	same	1	0.00002208
in	the	semi-final	1	0.00002208
in	the	semi-finals	1	0.00002208
in	the	squad	1	0.00002208
in	the	subsequent	1	0.00002208
in	the	world.	1	0.00002208
in	three	games	1	0.00002208
in	three	matches	1	0.00002208
in	two	innings	1	0.00002208
in	two	tests	1	0.00002208
in	vehicle	re-seller	1	0.00002208
in	wins,	helping	1	0.00002208
inaugural	World	Twenty20	1	0.00002208
inaugural	season	of	1	0.00002208
include	another	score	1	0.00002208
included	488	runs	1	0.00002208
included	in	the	1	0.00002208
including	10,000	plus	1	0.00002208
including	139	off	1	0.00002208
including	16	runs	1	0.00002208
including	200	ODIs	1	0.00002208
including	a	first	1	0.00002208
including	a	key	1	0.00002208
including	his	maiden	1	0.00002208
including	one	half-century	1	0.00002208
individual	score	in	1	0.00002208
inducted	into	ICC	1	0.00002208
initiative	TRDW.	In	1	0.00002208
injured	at	the	1	0.00002208
injury.	Dhoni	made	1	0.00002208
innings	(5)	Combined	1	0.00002208
innings	(6)	and	1	0.00002208
innings	(76)	and	1	0.00002208
innings	at	a	1	0.00002208
innings	he	batted.	1	0.00002208
innings	in	ODI	1	0.00002208
innings	in	a	1	0.00002208
innings	in	the	1	0.00002208
innings	would	surpass	1	0.00002208
innings,	at	an	1	0.00002208
innings.	Dhoni	finished	1	0.00002208
interests	of	a	1	0.00002208
international	career,	making	1	0.00002208
international	career.	Dhoni	1	0.00002208
international	cricket	and	1	0.00002208
international	cricket	including	1	0.00002208
international	cricket	on	1	0.00002208
international	cricket	to	1	0.00002208
international	cricket.	Post-international	1	0.00002208
international	cricket.	The	1	0.00002208
international	debut	in	1	0.00002208
international	matches	and	1	0.00002208
international	matches	as	1	0.00002208
international	record	for	1	0.00002208
international,	scored	148	1	0.00002208
into	ICC	Cricket	1	0.00002208
into	a	long-term	1	0.00002208
invested	in	Shaka	1	0.00002208
invested	in	vehicle	1	0.00002208
involving	Kenya,	India	1	0.00002208
is	Mahendra	Singh	1	0.00002208
is	a	co-owner	1	0.00002208
is	a	powerful	1	0.00002208
is	a	right-handed	1	0.00002208
is	also	known	1	0.00002208
is	among	the	1	0.00002208
is	an	Indian	1	0.00002208
is	an	automotive	1	0.00002208
is	an	unorthodox	1	0.00002208
is	known	for	1	0.00002208
is	often	compared	1	0.00002208
is	recognised	for	1	0.00002208
is	the	most	1	0.00002208
it	five	times	1	0.00002208
it	was	broken	1	0.00002208
its	brand	ambassador.	1	0.00002208
its	history.	Dhoni	1	0.00002208
its	second	Champions	1	0.00002208
its	second	consecutive	1	0.00002208
its	second	ever	1	0.00002208
its	third	IPL	1	0.00002208
jersey	was	made	1	0.00002208
join	the	Army.	1	0.00002208
jointly	sharing	this	1	0.00002208
jumps	from	Indian	1	0.00002208
just	24	innings,	1	0.00002208
just	29	runs	1	0.00002208
just	70	runs	1	0.00002208
just	77	runs	1	0.00002208
just	five	fifties	1	0.00002208
just	three	runs	1	0.00002208
keeper	in	a	1	0.00002208
key	stumping	opportunity	1	0.00002208
knock	out	stage.	1	0.00002208
lack	in	batting	1	0.00002208
lack	of	good	1	0.00002208
language	romantic	drama	1	0.00002208
last	in	the	1	0.00002208
last	series	during	1	0.00002208
last	test,	he	1	0.00002208
later	Dhoni	led	1	0.00002208
later	against	Sri	1	0.00002208
later	appointed	as	1	0.00002208
later	by	Shane	1	0.00002208
later	moved	to	1	0.00002208
later	that	season.	1	0.00002208
later	winning	the	1	0.00002208
later,	Jadeja	handed	1	0.00002208
later.	He	has	1	0.00002208
latter	two	resulting	1	0.00002208
launched	lifestyle	brand	1	0.00002208
lead	CSK	to	1	0.00002208
lead	India	200	1	0.00002208
lead	role	was	1	0.00002208
leader	in	Tamil.	1	0.00002208
leader.	Dhoni	is	1	0.00002208
leading	them	to	1	0.00002208
leading	to	an	1	0.00002208
league	stage	match	1	0.00002208
league.	Dhoni	scored	1	0.00002208
led	India	in	1	0.00002208
led	his	team	1	0.00002208
led	the	Indian	1	0.00002208
led	the	franchise	1	0.00002208
led	the	team	1	0.00002208
led	the	teams	1	0.00002208
led	to	criticism	1	0.00002208
length	accordingly.	Dhoni	1	0.00002208
life	Dhoni	married	1	0.00002208
life	Dhoni	was	1	0.00002208
life	from	his	1	0.00002208
lifestyle	brand	SEVEN	1	0.00002208
like	Dhoni.	References	1	0.00002208
like	Parthiv	Patel	1	0.00002208
limited	overs	ICC	1	0.00002208
limited	overs	cricket	1	0.00002208
limited	overs	formats	1	0.00002208
limited	overs	trophies.	1	0.00002208
line	and	length	1	0.00002208
links	Mahendra	Singh	1	0.00002208
list-A	century	against	1	0.00002208
lives	in	his	1	0.00002208
long-term	business	agreement	1	0.00002208
losing	cause.	Dhoni	1	0.00002208
losing	cause.	Dhoni's	1	0.00002208
losing	to	Sri	1	0.00002208
loss	against	New	1	0.00002208
loss.	In	the	1	0.00002208
losses	to	Bangladesh	1	0.00002208
lost	against	Delhi.	1	0.00002208
lost	all	the	1	0.00002208
lost	both	the	1	0.00002208
lost	to	West	1	0.00002208
lost	to	eventual	1	0.00002208
lost	twice	in	1	0.00002208
lower-order	contribution	as	1	0.00002208
made	84	in	1	0.00002208
made	85	which	1	0.00002208
made	his	Ranji	1	0.00002208
made	his	T20	1	0.00002208
made	his	first	1	0.00002208
made	his	maiden	1	0.00002208
made	his	test	1	0.00002208
made	popular	by	1	0.00002208
maiden	first-class	century	1	0.00002208
maiden	half-century	in	1	0.00002208
maiden	test	century	1	0.00002208
make	150	stumpings	1	0.00002208
make	it	to	1	0.00002208
making	him	one	1	0.00002208
man	of	the	1	0.00002208
managing	just	70	1	0.00002208
manuals	to	showcase	1	0.00002208
marked	his	250th	1	0.00002208
marred	by	rain	1	0.00002208
married	Sakshi	Singh	1	0.00002208
match	against	Afghanistan	1	0.00002208
match	against	Australia	1	0.00002208
match	against	Mumbai	1	0.00002208
match	against	Zimbabwe	1	0.00002208
match	by	an	1	0.00002208
match	he	batted	1	0.00002208
match	with	Dhoni	1	0.00002208
match,	that	was	1	0.00002208
matches	across	two	1	0.00002208
matches	and	179	1	0.00002208
matches	and	finished	1	0.00002208
matches	and	is	1	0.00002208
matches	and	just	1	0.00002208
matches	for	CSK	1	0.00002208
matches	in	a	1	0.00002208
matches	including	200	1	0.00002208
matches	of	the	1	0.00002208
matches	with	five	1	0.00002208
matches,	as	East	1	0.00002208
matches.	Dhoni	played	1	0.00002208
matches.	Dhoni	scored	1	0.00002208
matches.	He	has	1	0.00002208
matches.	India	lost	1	0.00002208
meaning	leader	in	1	0.00002208
media	platforms	and	1	0.00002208
mediocre	series	scoring	1	0.00002208
member	of	the	1	0.00002208
men	in	running	1	0.00002208
mentor	of	the	1	0.00002208
method	though	Dhoni	1	0.00002208
middle	of	the	1	0.00002208
milestone	of	effecting	1	0.00002208
million	(US$1.5	million).	1	0.00002208
million	by	Duff	1	0.00002208
million	during	the	1	0.00002208
million	followers	on	1	0.00002208
million)	before	the	1	0.00002208
million).	He	scored	1	0.00002208
missed	dismissal	chances	1	0.00002208
mistake	in	his	1	0.00002208
monicker	"Captain	cool".	1	0.00002208
month	against	Sri	1	0.00002208
month	later,	Jadeja	1	0.00002208
months.	He	was	1	0.00002208
more	than	1,000	1	0.00002208
more	than	100	1	0.00002208
more	than	50	1	0.00002208
more	than	60	1	0.00002208
more	than	7400	1	0.00002208
more	than	75	1	0.00002208
more	than	five	1	0.00002208
more	than	thousand	1	0.00002208
most	appearances	in	1	0.00002208
most	by	any	1	0.00002208
most	dismissals	as	1	0.00002208
most	expensive	signing	1	0.00002208
most	international	matches	1	0.00002208
most	matches	as	1	0.00002208
most	number	of	1	0.00002208
most	of	the	1	0.00002208
most	overall	(110)	1	0.00002208
most	popular	cricketers	1	0.00002208
most	prolific	and	1	0.00002208
most	prolific	wicket-keeper	1	0.00002208
most	prolific	wicket-keepers	1	0.00002208
most	runs	as	1	0.00002208
most	sixes	in	1	0.00002208
most	stumpings	in	1	0.00002208
most	successful	IPL	1	0.00002208
most	successful	Indian	1	0.00002208
moved	to	play	1	0.00002208
multiple	catches	and	1	0.00002208
named	as	a	1	0.00002208
named	as	the	1	0.00002208
named	in	India's	1	0.00002208
named	in	the	1	0.00002208
named	man	of	1	0.00002208
named	player	of	1	0.00002208
named	the	JSCA	1	0.00002208
named	vice-captain	of	1	0.00002208
nation	as	a	1	0.00002208
never	been	rectified.	1	0.00002208
new	captain.	However,	1	0.00002208
new	franchises	Rising	1	0.00002208
nine	dismissals	(eight	1	0.00002208
nine	matches	with	1	0.00002208
non-Australian	captain	to	1	0.00002208
not	a	cricketer,	1	0.00002208
not	include	another	1	0.00002208
not	qualify	for	1	0.00002208
not	selected	for	1	0.00002208
not-outs	(84)	Highest	1	0.00002208
number	of	bikes	1	0.00002208
number	of	matches	1	0.00002208
number	of	sixes	1	0.00002208
occasions	and	winning	1	0.00002208
of	102.15,	and	1	0.00002208
of	19.25.	While	1	0.00002208
of	2022,	Dhoni	1	0.00002208
of	223	against	1	0.00002208
of	23.34.	During	1	0.00002208
of	346	runs	1	0.00002208
of	38	and	1	0.00002208
of	48	including	1	0.00002208
of	59.25	and	1	0.00002208
of	63.20	during	1	0.00002208
of	70.43	and	1	0.00002208
of	72.40	with	1	0.00002208
of	87	including	1	0.00002208
of	Aiden	Markram	1	0.00002208
of	Andrew	Flintoff	1	0.00002208
of	Australia	in	1	0.00002208
of	Chennai	whose	1	0.00002208
of	Chennai-based	football	1	0.00002208
of	England,	he	1	0.00002208
of	Fame.	Early	1	0.00002208
of	Fame:2025	Others	1	0.00002208
of	IPL.	Under	1	0.00002208
of	India	at	1	0.00002208
of	India.	He	1	0.00002208
of	Indian	Railways.	1	0.00002208
of	JMM	and	1	0.00002208
of	Pakistan	scoring	1	0.00002208
of	The	Lion	1	0.00002208
of	Vinoo	Mankad	1	0.00002208
of	West	Indies	1	0.00002208
of	Zimbabwe	and	1	0.00002208
of	a	father	1	0.00002208
of	above	50	1	0.00002208
of	all	formats	1	0.00002208
of	being	a	1	0.00002208
of	bikes	and	1	0.00002208
of	cricket	award	1	0.00002208
of	cricket,	clocked	1	0.00002208
of	effecting	400	1	0.00002208
of	good	technique.	1	0.00002208
of	his	coach	1	0.00002208
of	his	wicket-keeping.	1	0.00002208
of	matches	as	1	0.00002208
of	more	than	1	0.00002208
of	over	50	1	0.00002208
of	sixes	by	1	0.00002208
of	that	season	1	0.00002208
of	the	2024	1	0.00002208
of	the	East	1	0.00002208
of	the	Hockey	1	0.00002208
of	the	ICC	1	0.00002208
of	the	Jharkhand	1	0.00002208
of	the	Match	1	0.00002208
of	the	Ranji	1	0.00002208
of	the	Series	1	0.00002208
of	the	South	1	0.00002208
of	the	World	1	0.00002208
of	the	ball	1	0.00002208
of	the	company.	1	0.00002208
of	the	emerging	1	0.00002208
of	the	fastest	1	0.00002208
of	the	handle,	1	0.00002208
of	the	highest	1	0.00002208
of	the	season.	1	0.00002208
of	the	series,	1	0.00002208
of	the	series.	1	0.00002208
of	the	side	1	0.00002208
of	the	squad	1	0.00002208
of	the	third	1	0.00002208
of	the	title	1	0.00002208
of	the	tournament	1	0.00002208
of	the	tournament.	1	0.00002208
of	the	year	1	0.00002208
of	the	year.	1	0.00002208
of	their	five	1	0.00002208
of	three	children.	1	0.00002208
of	vice-president	in	1	0.00002208
off	122	balls,	1	0.00002208
off	123	deliveries	1	0.00002208
off	145	balls,	1	0.00002208
off	52	balls	1	0.00002208
off	97	balls	1	0.00002208
off	Yuzvendra	Chahal.	1	0.00002208
off	short-pitched	deliveries	1	0.00002208
often	call	him	1	0.00002208
often	compared	to	1	0.00002208
often	putting	pressure	1	0.00002208
on	14	April	1	0.00002208
on	15	December	1	0.00002208
on	23	December	1	0.00002208
on	25	February	1	0.00002208
on	28	July	1	0.00002208
on	29	September	1	0.00002208
on	30	September	1	0.00002208
on	4	July	1	0.00002208
on	5	September	1	0.00002208
on	6	February	1	0.00002208
on	7	July	1	0.00002208
on	Australian	soil	1	0.00002208
on	DLS	method	1	0.00002208
on	Dhoni's	life	1	0.00002208
on	his	performance	1	0.00002208
on	social	media	1	0.00002208
on	ten	occasions	1	0.00002208
on	the	bowler	1	0.00002208
on	the	field	1	0.00002208
on	the	suggestion	1	0.00002208
one	day	I'll	1	0.00002208
one	half-century	against	1	0.00002208
one	of	their	1	0.00002208
one	wicket.	In	1	0.00002208
one-day	international,	scored	1	0.00002208
only	97	runs	1	0.00002208
only	captain	in	1	0.00002208
only	captain	to	1	0.00002208
only	match	he	1	0.00002208
only	wicket	in	1	0.00002208
only	wicket-keeper	to	1	0.00002208
opportunity	of	Andrew	1	0.00002208
order	and	helped	1	0.00002208
order	in	the	1	0.00002208
other	wicket-keeper/batsmen	like	1	0.00002208
out	for	most	1	0.00002208
out	in	the	1	0.00002208
out	stage.	In	1	0.00002208
out.	Dhoni	averaged	1	0.00002208
outside	Ranchi.	Dhoni	1	0.00002208
over	100	in	1	0.00002208
over	50	Most	1	0.00002208
over	50	and	1	0.00002208
over	West	Indies	1	0.00002208
over	captaincy	to	1	0.00002208
over	fifty	and	1	0.00002208
over	in	all	1	0.00002208
over	the	captaincy	1	0.00002208
over	three	years.	1	0.00002208
over	to	take	1	0.00002208
overall	(110)	Second	1	0.00002208
overall	and	the	1	0.00002208
overall	to	do	1	0.00002208
overs	ICC	tournaments.	1	0.00002208
overs	cricket	till	1	0.00002208
overs	formats	from	1	0.00002208
overs	trophies.	In	1	0.00002208
owned	by	former	1	0.00002208
owns	a	number	1	0.00002208
parachute	regiment	in	1	0.00002208
parachute	training	jumps	1	0.00002208
paratrooper	in	2015.	1	0.00002208
parents	hailed	from	1	0.00002208
particular	season	of	1	0.00002208
partnership	for	India	1	0.00002208
pass	10,000	runs	1	0.00002208
past	10,000	ODI	1	0.00002208
past	Kumar	Sangakkara's	1	0.00002208
performance	at	club	1	0.00002208
performance	in	the	1	0.00002208
performed	a	special	1	0.00002208
performing	well	for	1	0.00002208
picked	Dhoni	as	1	0.00002208
picked	in	the	1	0.00002208
picks	on	15	1	0.00002208
plant-based	protein	company.	1	0.00002208
platforms	and	his	1	0.00002208
play	200	T20	1	0.00002208
play	cricket	on	1	0.00002208
play	the	final	1	0.00002208
played	all	the	1	0.00002208
played	as	a	1	0.00002208
played	for	ACC	1	0.00002208
played	for	Air	1	0.00002208
played	for	India	1	0.00002208
played	for	Jharkhand	1	0.00002208
played	for	Rajasthan	1	0.00002208
played	his	first	1	0.00002208
played	his	last	1	0.00002208
played	in	his	1	0.00002208
played	in	the	1	0.00002208
player	and	childhood	1	0.00002208
player	of	the	1	0.00002208
player	to	pass	1	0.00002208
player	to	play	1	0.00002208
playing	football	as	1	0.00002208
playing	for	Bihar	1	0.00002208
playing	in	his	1	0.00002208
playing	in	limited	1	0.00002208
plays	as	a	1	0.00002208
plays	for	Chennai	1	0.00002208
plays	pull	shots	1	0.00002208
plays	the	helicopter	1	0.00002208
plot	illustrates	the	1	0.00002208
plus	runs	at	1	0.00002208
popular	by	Dhoni	1	0.00002208
popular	cricketers	in	1	0.00002208
popular	culture	A	1	0.00002208
popularity	is	often	1	0.00002208
post	of	vice-president	1	0.00002208
powerful	hitter	of	1	0.00002208
praised	for	his	1	0.00002208
precision	to	clear	1	0.00002208
president	N.	Srinivasan.	1	0.00002208
pressure	on	the	1	0.00002208
process,	went	past	1	0.00002208
proclivity	for	hitting	1	0.00002208
produce	content	across	1	0.00002208
produced	a	Tamil	1	0.00002208
produced	by	Prakash	1	0.00002208
production	house	produced	1	0.00002208
professional	cricketer	who	1	0.00002208
projected	to	be	1	0.00002208
prolific	and	successful	1	0.00002208
prolific	wicket-keeper	batsmen	1	0.00002208
prolific	wicket-keepers	of	1	0.00002208
promoted	to	No.	1	0.00002208
protein	company.	In	1	0.00002208
pull	shots	and	1	0.00002208
putting	pressure	on	1	0.00002208
qualified	for	Champions	1	0.00002208
qualified	paratrooper	in	1	0.00002208
qualify	for	the	1	0.00002208
qualify	to	the	1	0.00002208
quarter	final	where	1	0.00002208
quarter	finals,	he	1	0.00002208
rain	and	ended	1	0.00002208
rain-shortened	final	against	1	0.00002208
rank	was	presented	1	0.00002208
ranking	for	the	1	0.00002208
ranking	in	ICC	1	0.00002208
rankings	for	several	1	0.00002208
rate	of	102.15,	1	0.00002208
rate	of	63.20	1	0.00002208
rate	over	100	1	0.00002208
rather	than	the	1	0.00002208
re-seller	CARS24	and	1	0.00002208
reached	8000	runs	1	0.00002208
reached	the	milestone	1	0.00002208
received	the	fourth	1	0.00002208
recognised	for	his	1	0.00002208
recognition	for	his	1	0.00002208
record	for	effecting	1	0.00002208
record	which	was	1	0.00002208
recorded	identical	3–1	1	0.00002208
rectified.	Dhoni	did	1	0.00002208
reflexes	behind	the	1	0.00002208
regarded	as	one	1	0.00002208
regiment	in	Ranchi,	1	0.00002208
region.	He	plays	1	0.00002208
regions,	rather	than	1	0.00002208
regular	captain	Rohit	1	0.00002208
regular	in	the	1	0.00002208
relatively	mediocre	series	1	0.00002208
released	on	28	1	0.00002208
released	on	29	1	0.00002208
released	on	5	1	0.00002208
remained	unbeaten.	Dhoni	1	0.00002208
repeated	attempts	by	1	0.00002208
represented	the	Indian	1	0.00002208
representing	Jharkhand	later.	1	0.00002208
represents	and	the	1	0.00002208
reputation	of	being	1	0.00002208
resignation	from	the	1	0.00002208
result,	Dhoni's	house	1	0.00002208
resulting	in	wins,	1	0.00002208
retained	for	₹12	1	0.00002208
retired	by	the	1	0.00002208
retired	from	test	1	0.00002208
retirement	Dhoni	led	1	0.00002208
retirement	On	8	1	0.00002208
retirement	and	2015	1	0.00002208
retirement	from	international	1	0.00002208
retirement	from	the	1	0.00002208
return	to	win	1	0.00002208
returned	to	CSK	1	0.00002208
returned	to	play	1	0.00002208
right-handed	batsman	and	1	0.00002208
right-handed	batter	and	1	0.00002208
role	was	released	1	0.00002208
romantic	drama	LGM	1	0.00002208
ruled	out	of	1	0.00002208
ruling	him	out	1	0.00002208
run	chase,	a	1	0.00002208
run	out	for	1	0.00002208
run	scorer	in	1	0.00002208
runners-up	after	losing	1	0.00002208
runners-up.	In	August	1	0.00002208
running	between	the	1	0.00002208
runs	(1,153)	before	1	0.00002208
runs	across	390	1	0.00002208
runs	across	the	1	0.00002208
runs	across	three	1	0.00002208
runs	and	was	1	0.00002208
runs	as	captain	1	0.00002208
runs	as	the	1	0.00002208
runs	by	an	1	0.00002208
runs	from	129	1	0.00002208
runs	in	30	1	0.00002208
runs	in	Australia.	1	0.00002208
runs	in	ODI	1	0.00002208
runs	in	ODIs	1	0.00002208
runs	in	Test	1	0.00002208
runs	in	his	1	0.00002208
runs	in	international	1	0.00002208
runs	in	just	1	0.00002208
runs	in	nine	1	0.00002208
runs	in	three	1	0.00002208
runs	off	123	1	0.00002208
runs	off	145	1	0.00002208
runs	off	52	1	0.00002208
runs	on	DLS	1	0.00002208
runs	to	lead	1	0.00002208
runs	with	an	1	0.00002208
runs	with	three	1	0.00002208
runs,	becoming	the	1	0.00002208
said	that	he	1	0.00002208
same	month	against	1	0.00002208
same".	Dhoni	holds	1	0.00002208
saw	Rahul	Dravid	1	0.00002208
school	certificates	and,	1	0.00002208
schooling	from	DAV	1	0.00002208
score	by	a	1	0.00002208
score	in	ODI	1	0.00002208
score	more	than	1	0.00002208
score	over	fifty	1	0.00002208
scored	102	against	1	0.00002208
scored	106	runs	1	0.00002208
scored	114	runs	1	0.00002208
scored	134	off	1	0.00002208
scored	139	runs	1	0.00002208
scored	146	runs	1	0.00002208
scored	148	runs	1	0.00002208
scored	16	centuries	1	0.00002208
scored	17,266	runs	1	0.00002208
scored	176	runs	1	0.00002208
scored	2987	runs	1	0.00002208
scored	30	runs	1	0.00002208
scored	362	runs	1	0.00002208
scored	392	runs	1	0.00002208
scored	414	runs	1	0.00002208
scored	43	runs	1	0.00002208
scored	455	runs	1	0.00002208
scored	4876	runs	1	0.00002208
scored	574	runs	1	0.00002208
scored	84	runs	1	0.00002208
scored	91*	against	1	0.00002208
scored	a	century	1	0.00002208
scored	a	fighting	1	0.00002208
scored	a	half-century	1	0.00002208
scored	an	unbeaten	1	0.00002208
scored	half-centuries	in	1	0.00002208
scored	his	first	1	0.00002208
scored	his	maiden	1	0.00002208
scored	just	77	1	0.00002208
scored	just	five	1	0.00002208
scored	just	three	1	0.00002208
scored	only	97	1	0.00002208
scored	two	centuries	1	0.00002208
scorer	in	international	1	0.00002208
scores	against	New	1	0.00002208
scoring	1198	runs	1	0.00002208
scoring	174	runs	1	0.00002208
scoring	219	runs	1	0.00002208
scoring	237	runs	1	0.00002208
scoring	244	runs	1	0.00002208
scoring	45	runs	1	0.00002208
scoring	68	runs	1	0.00002208
scoring	79	runs	1	0.00002208
scoring	a	fifty	1	0.00002208
scoring	an	unbeaten	1	0.00002208
scoring	ducks	in	1	0.00002208
season	and	Ravindra	1	0.00002208
season	and	scored	1	0.00002208
season	did	not	1	0.00002208
season	of	IPL.	1	0.00002208
season	of	Vinoo	1	0.00002208
season	with	283	1	0.00002208
season,	Dhoni	handed	1	0.00002208
season,	Dhoni	scored	1	0.00002208
season,	as	an	1	0.00002208
season,	he	scored	1	0.00002208
season,	in	a	1	0.00002208
season.	Apart	from	1	0.00002208
season.	Dhoni	led	1	0.00002208
season.	Dhoni	scored	1	0.00002208
season.	Dhoni	stepped	1	0.00002208
season.	He	scored	1	0.00002208
season.	However,	he	1	0.00002208
season.	Supergiants	picked	1	0.00002208
season.	Though	Dhoni	1	0.00002208
season.	Under	his	1	0.00002208
seats	(J282–J286)	at	1	0.00002208
second	Champions	League	1	0.00002208
second	India	batsman	1	0.00002208
second	Indian	captain	1	0.00002208
second	consecutive	IPL	1	0.00002208
second	ever	ODI	1	0.00002208
second	game	of	1	0.00002208
second	innings	in	1	0.00002208
second	innings.	Dhoni	1	0.00002208
second	match	of	1	0.00002208
second	most	overall	1	0.00002208
second	test	in	1	0.00002208
second	test	leading	1	0.00002208
seconds,	when	dismissing	1	0.00002208
secure	a	20-run	1	0.00002208
secure	a	2–1	1	0.00002208
security	was	tightened	1	0.00002208
selected	for	the	1	0.00002208
semi-final	loss	against	1	0.00002208
semi-finals	with	Dhoni	1	0.00002208
seniors	in	Challenger	1	0.00002208
series	against	England	1	0.00002208
series	against	England.	1	0.00002208
series	against	New	1	0.00002208
series	against	Pakistan.	1	0.00002208
series	against	South	1	0.00002208
series	and	was	1	0.00002208
series	at	home	1	0.00002208
series	during	India's	1	0.00002208
series	for	the	1	0.00002208
series	in	Australia,	1	0.00002208
series	in	Australia.	1	0.00002208
series	in	England	1	0.00002208
series	in	May	1	0.00002208
series	in	October–November	1	0.00002208
series	in	South	1	0.00002208
series	in	Visakhapatnam,	1	0.00002208
series	in	the	1	0.00002208
series	loss.	In	1	0.00002208
series	on	Australian	1	0.00002208
series	scoring	79	1	0.00002208
series	that	followed	1	0.00002208
series	that	followed,	1	0.00002208
series	that	followed.	1	0.00002208
series	titled	Roar	1	0.00002208
series	victory,	their	1	0.00002208
series	was	washed	1	0.00002208
series	while	also	1	0.00002208
series	with	a	1	0.00002208
series	with	the	1	0.00002208
series,	Dhoni	scored	1	0.00002208
series,	he	effected	1	0.00002208
series,	he	scored	1	0.00002208
series,	scoring	237	1	0.00002208
series.	Dhoni	became	1	0.00002208
series.	Dhoni	himself	1	0.00002208
series.	Subsequently,	Dhoni	1	0.00002208
served	as	the	1	0.00002208
service	to	the	1	0.00002208
serving	as	its	1	0.00002208
set	a	record	1	0.00002208
seven	catches	and	1	0.00002208
seven	stumpings.	Dhoni	1	0.00002208
seven	years	later	1	0.00002208
seven-match	series	against	1	0.00002208
several	months.	He	1	0.00002208
sharing	this	title	1	0.00002208
short-pitched	deliveries	often	1	0.00002208
shot	in	2011	1	0.00002208
shot	technique,	taught	1	0.00002208
shots	and	hook	1	0.00002208
shots	off	short-pitched	1	0.00002208
show	developed	by	1	0.00002208
showcase	his	batting	1	0.00002208
side	after	the	1	0.00002208
side	before	taking	1	0.00002208
side	in	limited	1	0.00002208
signing	in	the	1	0.00002208
simultaneously	became	brand	1	0.00002208
since	1999	before	1	0.00002208
single	match	with	1	0.00002208
situations.	As	a	1	0.00002208
six	dismissals	against	1	0.00002208
sixes	by	an	1	0.00002208
sixes	in	career	1	0.00002208
skills	in	high-pressure	1	0.00002208
small-town	talent-spotting	initiative	1	0.00002208
so.	In	2008,	1	0.00002208
so.	In	the	1	0.00002208
social	media	platforms	1	0.00002208
soil	and	was	1	0.00002208
soldier	and	not	1	0.00002208
soldiers,	I	thought	1	0.00002208
son	to	study	1	0.00002208
son	wanting	to	1	0.00002208
son	with	the	1	0.00002208
south	stand	after	1	0.00002208
special	cameo	appearance	1	0.00002208
special	connection	with	1	0.00002208
spelling	"Dhoni"	emerged	1	0.00002208
spelling	mistake	in	1	0.00002208
spells	the	surname	1	0.00002208
spending	a	day	1	0.00002208
sport	honour	Major	1	0.00002208
spot	didn't	lack	1	0.00002208
squad	for	a	1	0.00002208
squad	in	2018.	1	0.00002208
squad	that	won	1	0.00002208
squad,	he	was	1	0.00002208
stadium's	south	stand	1	0.00002208
stage	after	losses	1	0.00002208
stage	after	the	1	0.00002208
stage	matches	in	1	0.00002208
stage.	In	the	1	0.00002208
stand	after	Dhoni.	1	0.00002208
start	of	the	1	0.00002208
started	gaining	recognition	1	0.00002208
started	playing	football	1	0.00002208
state	cricket	team	1	0.00002208
statistics	Dhoni	has	1	0.00002208
stepped	down	as	1	0.00002208
stepped	down	from	1	0.00002208
stint	with	the	1	0.00002208
strike	rate	over	1	0.00002208
striking	the	ball	1	0.00002208
study	MBA	but	1	0.00002208
stumped	Akila	Dananjaya	1	0.00002208
stumping	in	the	1	0.00002208
stumping	of	Aiden	1	0.00002208
stumping	opportunity	of	1	0.00002208
stumping),	and	in	1	0.00002208
stumpings	(195)	and	1	0.00002208
stumpings	Third	most	1	0.00002208
stumpings	as	wicket-keeper	1	0.00002208
stumpings	by	any	1	0.00002208
stumpings	in	ODIs	1	0.00002208
stumpings	in	his	1	0.00002208
stumpings	in	international	1	0.00002208
stumpings.	Dhoni	made	1	0.00002208
stumpings.	In	the	1	0.00002208
stumps	while	also	1	0.00002208
style	Dhoni	is	1	0.00002208
style.	In	the	1	0.00002208
subsequent	ODI	series	1	0.00002208
subsequent	seven-match	series	1	0.00002208
subsequent	tour	of	1	0.00002208
subsequently	named	in	1	0.00002208
successful	IPL	franchise	1	0.00002208
successful	Indian	captain.	1	0.00002208
successful	captains	of	1	0.00002208
successful	leader.	Dhoni	1	0.00002208
suggestion	of	his	1	0.00002208
surname	as	"Dhauni".	1	0.00002208
surpass	his	earlier	1	0.00002208
surpassed	the	earlier	1	0.00002208
suspension	of	Chennai	1	0.00002208
take	India	to	1	0.00002208
taken	634	catches	1	0.00002208
taking	over	in	1	0.00002208
talent	and	also	1	0.00002208
talent-spotting	initiative	TRDW.	1	0.00002208
talents	via	the	1	0.00002208
target	of	223	1	0.00002208
taught	to	him	1	0.00002208
team	and	served	1	0.00002208
team	and	was	1	0.00002208
team	in	1998.	1	0.00002208
team	in	332	1	0.00002208
team	in	February	1	0.00002208
team	in	all	1	0.00002208
team	lost	twice	1	0.00002208
team	made	it	1	0.00002208
team	on	23	1	0.00002208
team	qualify	to	1	0.00002208
team	secure	a	1	0.00002208
team	since	1999	1	0.00002208
team	to	its	1	0.00002208
team	to	the	1	0.00002208
teams	that	won	1	0.00002208
technique,	taught	to	1	0.00002208
technique.	Dhoni	displays	1	0.00002208
technique.	He	is	1	0.00002208
ten	final	appearances.	1	0.00002208
ten	occasions	and	1	0.00002208
tenth	century	in	1	0.00002208
test	a	year	1	0.00002208
test	century	in	1	0.00002208
test	cricket	from	1	0.00002208
test	cricket	in	1	0.00002208
test	debut	in	1	0.00002208
test	in	Faisalabad.	1	0.00002208
test	leading	to	1	0.00002208
test	ranking	for	1	0.00002208
test	series	that	1	0.00002208
test	victory	in	1	0.00002208
test	with	injury.	1	0.00002208
test,	but	was	1	0.00002208
test,	he	effected	1	0.00002208
tests	in	the	1	0.00002208
tests	including	a	1	0.00002208
tests	including	his	1	0.00002208
than	1,000	ODI	1	0.00002208
than	100	in	1	0.00002208
than	50	in	1	0.00002208
than	60	in	1	0.00002208
than	7400	runs	1	0.00002208
than	75	million	1	0.00002208
than	five	thousand	1	0.00002208
than	the	conventional	1	0.00002208
than	thousand	runs	1	0.00002208
that	followed	and	1	0.00002208
that	followed,	Dhoni	1	0.00002208
that	followed.	Dhoni	1	0.00002208
that	he	wanted	1	0.00002208
that	is	Mahendra	1	0.00002208
that	one	day	1	0.00002208
that	season	and	1	0.00002208
that	season,	in	1	0.00002208
that	season.	However,	1	0.00002208
that	the	wicket-keeper	1	0.00002208
that	was	marred	1	0.00002208
that	was	released	1	0.00002208
the	1997/98	season	1	0.00002208
the	1998–99,	Dhoni	1	0.00002208
the	1999–2000	Cooch	1	0.00002208
the	1999–2000	season	1	0.00002208
the	1999–2000	season,	1	0.00002208
the	2000/01	season	1	0.00002208
the	2000–01	Ranji	1	0.00002208
the	2001–02	Ranji	1	0.00002208
the	2002–03	Ranji	1	0.00002208
the	2003/04	season,	1	0.00002208
the	2006	ICC	1	0.00002208
the	2007	Cricket	1	0.00002208
the	2007	Future	1	0.00002208
the	2007	ICC	1	0.00002208
the	2008-09	season.	1	0.00002208
the	2009	ICC	1	0.00002208
the	2010	Champions	1	0.00002208
the	2010	edition	1	0.00002208
the	2011	world	1	0.00002208
the	2013–14	season.	1	0.00002208
the	2014	ICC	1	0.00002208
the	2015	Cricket	1	0.00002208
the	2016	Asia	1	0.00002208
the	2016	Indian	1	0.00002208
the	2017	ICC	1	0.00002208
the	2017-18	Vijay	1	0.00002208
the	2018	Asia	1	0.00002208
the	2018	season.	1	0.00002208
the	2019	Cricket	1	0.00002208
the	2021	T20	1	0.00002208
the	2022	season.	1	0.00002208
the	2024	season,	1	0.00002208
the	Afro-Asia	Cup,	1	0.00002208
the	Agra	training	1	0.00002208
the	Army.	Seeing	1	0.00002208
the	Asia	Cup	1	0.00002208
the	Australia	tour	1	0.00002208
the	BCCI	in	1	0.00002208
the	BCCI's	small-town	1	0.00002208
the	BCCI.	Dhoni	1	0.00002208
the	Bangladesh	tour	1	0.00002208
the	Bihar	U-19	1	0.00002208
the	C.	K.	1	0.00002208
the	Carlton	Mid	1	0.00002208
the	Champions	Trophy,	1	0.00002208
the	Cooch	Behar	1	0.00002208
the	DLF	Cup	1	0.00002208
the	Deodhar	Trophy	1	0.00002208
the	Deodhar	Trophy,	1	0.00002208
the	Duleep	Trophy	1	0.00002208
the	Hockey	India	1	0.00002208
the	ICC	for	1	0.00002208
the	ICC.	After	1	0.00002208
the	ICC.	India	1	0.00002208
the	IPL	across	1	0.00002208
the	IPL,	as	1	0.00002208
the	IPL.	Ahead	1	0.00002208
the	Indian	Super	1	0.00002208
the	Indian	side	1	0.00002208
the	JSCA	stadium's	1	0.00002208
the	Jharkhand	team	1	0.00002208
the	Long-on,	Long-off,	1	0.00002208
the	Match	award	1	0.00002208
the	Mumbai	Cricket	1	0.00002208
the	ODI	side	1	0.00002208
the	ODI	squad	1	0.00002208
the	Ranji	ODI	1	0.00002208
the	Series	award	1	0.00002208
the	South	Africa	1	0.00002208
the	Sri	Lankan	1	0.00002208
the	Super	Kings.	1	0.00002208
the	Supergiants.	Dhoni	1	0.00002208
the	T20I	squad	1	0.00002208
the	Territorial	Army	1	0.00002208
the	Tournament'	at	1	0.00002208
the	Wankhede	Stadium	1	0.00002208
the	World	Cup.	1	0.00002208
the	Year:	2006	1	0.00002208
the	Year:	2006,	1	0.00002208
the	Year:	2008,	1	0.00002208
the	Year:	2009,	1	0.00002208
the	Zimbabwe	XI	1	0.00002208
the	auction.	Dhoni	1	0.00002208
the	away	ODI	1	0.00002208
the	ball	and	1	0.00002208
the	ball	with	1	0.00002208
the	ban	of	1	0.00002208
the	bat	with	1	0.00002208
the	batting	order	1	0.00002208
the	bottom	of	1	0.00002208
the	boundary.	He	1	0.00002208
the	bowler	to	1	0.00002208
the	captain	and	1	0.00002208
the	captaincy	back	1	0.00002208
the	city	of	1	0.00002208
the	company	in	1	0.00002208
the	company	owned	1	0.00002208
the	company	was	1	0.00002208
the	company.	On	1	0.00002208
the	conflicting	interests	1	0.00002208
the	conventional	Cover	1	0.00002208
the	earlier	record	1	0.00002208
the	early	2000s	1	0.00002208
the	emerging	talents	1	0.00002208
the	enigma	that	1	0.00002208
the	fans	often	1	0.00002208
the	fastest	men	1	0.00002208
the	fastest	stumping	1	0.00002208
the	father	wanting	1	0.00002208
the	few	batsmen	1	0.00002208
the	field	which	1	0.00002208
the	fifth	and	1	0.00002208
the	final	on	1	0.00002208
the	final	over	1	0.00002208
the	final	where	1	0.00002208
the	final	with	1	0.00002208
the	final.	Dhoni	1	0.00002208
the	final.	He	1	0.00002208
the	finals	in	1	0.00002208
the	finals,	where	1	0.00002208
the	finals.	In	1	0.00002208
the	first	Indian	1	0.00002208
the	first	ODI	1	0.00002208
the	first	and	1	0.00002208
the	first	cricketer	1	0.00002208
the	first	eight	1	0.00002208
the	first	non-Australian	1	0.00002208
the	first	player	1	0.00002208
the	first	season	1	0.00002208
the	first	test,	1	0.00002208
the	five	innings	1	0.00002208
the	following	season.	1	0.00002208
the	format.	In	1	0.00002208
the	fourth	highest	1	0.00002208
the	franchise	to	1	0.00002208
the	game	for	1	0.00002208
the	handle,	striking	1	0.00002208
the	helicopter	shot	1	0.00002208
the	higher	division.	1	0.00002208
the	highest	aggregate	1	0.00002208
the	highest	averages	1	0.00002208
the	highest	individual	1	0.00002208
the	highest	run	1	0.00002208
the	history	of	1	0.00002208
the	hosts	and	1	0.00002208
the	inaugural	World	1	0.00002208
the	inaugural	season	1	0.00002208
the	knock	out	1	0.00002208
the	lack	of	1	0.00002208
the	latter	two	1	0.00002208
the	lead	role	1	0.00002208
the	matches	and	1	0.00002208
the	matches	in	1	0.00002208
the	mentor	of	1	0.00002208
the	middle	of	1	0.00002208
the	milestone	of	1	0.00002208
the	monicker	"Captain	1	0.00002208
the	most	expensive	1	0.00002208
the	most	international	1	0.00002208
the	most	popular	1	0.00002208
the	nation	as	1	0.00002208
the	new	captain.	1	0.00002208
the	only	match	1	0.00002208
the	order	and	1	0.00002208
the	parachute	regiment	1	0.00002208
the	plot	illustrates	1	0.00002208
the	post	of	1	0.00002208
the	process,	went	1	0.00002208
the	quarter	final	1	0.00002208
the	quarter	finals,	1	0.00002208
the	rain-shortened	final	1	0.00002208
the	record	for	1	0.00002208
the	same	month	1	0.00002208
the	same".	Dhoni	1	0.00002208
the	season	with	1	0.00002208
the	season.	Dhoni	1	0.00002208
the	second	India	1	0.00002208
the	second	Indian	1	0.00002208
the	second	game	1	0.00002208
the	second	innings	1	0.00002208
the	second	innings.	1	0.00002208
the	second	match	1	0.00002208
the	semi-final	loss	1	0.00002208
the	semi-finals	with	1	0.00002208
the	series	against	1	0.00002208
the	series	and	1	0.00002208
the	series	loss.	1	0.00002208
the	series	that	1	0.00002208
the	series	was	1	0.00002208
the	series	while	1	0.00002208
the	series.	Subsequently,	1	0.00002208
the	side	in	1	0.00002208
the	soldiers,	I	1	0.00002208
the	start	of	1	0.00002208
the	stumping	of	1	0.00002208
the	stumps	while	1	0.00002208
the	subsequent	ODI	1	0.00002208
the	subsequent	seven-match	1	0.00002208
the	subsequent	tour	1	0.00002208
the	suggestion	of	1	0.00002208
the	surname	as	1	0.00002208
the	team	lost	1	0.00002208
the	team	qualify	1	0.00002208
the	team	to	1	0.00002208
the	teams	that	1	0.00002208
the	test	series	1	0.00002208
the	third	ODI.	1	0.00002208
the	third	Test	1	0.00002208
the	third	game	1	0.00002208
the	third	overall	1	0.00002208
the	third	test	1	0.00002208
the	three	matches	1	0.00002208
the	three-match	series,	1	0.00002208
the	title	again	1	0.00002208
the	title	in	1	0.00002208
the	title	winning	1	0.00002208
the	top	ranking	1	0.00002208
the	tournament	after	1	0.00002208
the	tournament	included	1	0.00002208
the	tournament	thus	1	0.00002208
the	tournament.	As	1	0.00002208
the	tournament.	Dhoni	1	0.00002208
the	tournament.	He	1	0.00002208
the	tri-nation	tournament	1	0.00002208
the	two-year	suspension	1	0.00002208
the	wicket-keeper	spot	1	0.00002208
the	wicket-keeper	to	1	0.00002208
the	wickets.	He	1	0.00002208
the	winning	shot	1	0.00002208
the	world.	As	1	0.00002208
the	year	by	1	0.00002208
the	year.	2011	1	0.00002208
the	youngest	of	1	0.00002208
their	first	in	1	0.00002208
their	five	draft	1	0.00002208
their	line	and	1	0.00002208
their	return	to	1	0.00002208
their	target	of	1	0.00002208
their	tour	of	1	0.00002208
them	to	the	1	0.00002208
these	matches	and	1	0.00002208
third	IPL	title.	1	0.00002208
third	ODI	at	1	0.00002208
third	ODI	of	1	0.00002208
third	ODI.	Dhoni	1	0.00002208
third	Test	in	1	0.00002208
third	game	of	1	0.00002208
third	highest	civilian	1	0.00002208
third	overall	and	1	0.00002208
third	test	with	1	0.00002208
this	century,	his	1	0.00002208
this	title	with	1	0.00002208
though	Dhoni	himself	1	0.00002208
though	Dhoni	scored	1	0.00002208
thought	that	one	1	0.00002208
three	children.	His	1	0.00002208
three	consecutive	50-plus	1	0.00002208
three	different	limited	1	0.00002208
three	games	and	1	0.00002208
three	games	with	1	0.00002208
three	innings	at	1	0.00002208
three	innings	in	1	0.00002208
three	matches	at	1	0.00002208
three	matches	of	1	0.00002208
three	runs	in	1	0.00002208
three	tests	in	1	0.00002208
three	years.	He	1	0.00002208
three-match	series,	Dhoni	1	0.00002208
thus	ruling	him	1	0.00002208
thus,	becoming	the	1	0.00002208
tightened	for	his	1	0.00002208
till	2019.	He	1	0.00002208
time	in	five	1	0.00002208
time	in	its	1	0.00002208
time.	Captaincy	In	1	0.00002208
time.	Records	and	1	0.00002208
times	(2010,	2011,	1	0.00002208
times	in	ODIs.	1	0.00002208
title	again	in	1	0.00002208
title	in	2011.	1	0.00002208
title	in	2014.	1	0.00002208
title	in	2018.	1	0.00002208
title	winning	campaign,	1	0.00002208
title	winning	squad	1	0.00002208
title	wins	and	1	0.00002208
title	with	Rohit	1	0.00002208
title.	Dhoni	led	1	0.00002208
titled	M.S.	Dhoni:	1	0.00002208
titled	Roar	of	1	0.00002208
titles	in	2010	1	0.00002208
to	1998	and	1	0.00002208
to	2003,	Dhoni	1	0.00002208
to	2014.	Dhoni	1	0.00002208
to	2017	and	1	0.00002208
to	Bangladesh	and	1	0.00002208
to	CSK	for	1	0.00002208
to	Dhoni	in	1	0.00002208
to	No.	3	1	0.00002208
to	Pan	Singh	1	0.00002208
to	Ruturaj	Gaikwad.	1	0.00002208
to	Sachin	Tendulkar,	1	0.00002208
to	Sri	Lanka	1	0.00002208
to	West	Indies	1	0.00002208
to	a	spelling	1	0.00002208
to	achieve	the	1	0.00002208
to	adjust	their	1	0.00002208
to	aggregate	more	1	0.00002208
to	an	Indian	1	0.00002208
to	back	centuries.	1	0.00002208
to	be	$80.3	1	0.00002208
to	claim	all	1	0.00002208
to	clear	the	1	0.00002208
to	criticism	of	1	0.00002208
to	effect	100	1	0.00002208
to	ensure	that	1	0.00002208
to	eventual	champions	1	0.00002208
to	have	an	1	0.00002208
to	have	scored	1	0.00002208
to	him.	Dhoni	1	0.00002208
to	honour	him	1	0.00002208
to	its	third	1	0.00002208
to	join	the	1	0.00002208
to	lead	CSK	1	0.00002208
to	lead	India	1	0.00002208
to	make	150	1	0.00002208
to	make	it	1	0.00002208
to	pass	10,000	1	0.00002208
to	play	200	1	0.00002208
to	play	cricket	1	0.00002208
to	play	the	1	0.00002208
to	produce	content	1	0.00002208
to	regular	captain	1	0.00002208
to	score	more	1	0.00002208
to	showcase	his	1	0.00002208
to	study	MBA	1	0.00002208
to	take	India	1	0.00002208
to	the	2011	1	0.00002208
to	the	East	1	0.00002208
to	the	final	1	0.00002208
to	the	finals	1	0.00002208
to	the	finals,	1	0.00002208
to	the	higher	1	0.00002208
to	the	knock	1	0.00002208
to	the	nation	1	0.00002208
to	the	quarter	1	0.00002208
to	the	title	1	0.00002208
to	two	Champions	1	0.00002208
to	victory	again	1	0.00002208
to	victory	by	1	0.00002208
to	win	100	1	0.00002208
to	win	a	1	0.00002208
to	win	all	1	0.00002208
to	win	the	1	0.00002208
to	win	three	1	0.00002208
took	his	first	1	0.00002208
top	ranking	in	1	0.00002208
top-scored	in	all	1	0.00002208
topped	the	ICC	1	0.00002208
tour	in	December	1	0.00002208
tour	later	that	1	0.00002208
tour	of	Australia	1	0.00002208
tour	of	England,	1	0.00002208
tour	of	Pakistan	1	0.00002208
tour	of	Zimbabwe	1	0.00002208
tour.	Though,	he	1	0.00002208
toured	India	for	1	0.00002208
toured	South	Africa	1	0.00002208
toured	West	Indies	1	0.00002208
tournament	after	defeating	1	0.00002208
tournament	against	the	1	0.00002208
tournament	and	was	1	0.00002208
tournament	included	488	1	0.00002208
tournament	involving	Kenya,	1	0.00002208
tournament	thus	ruling	1	0.00002208
tournament.	As	a	1	0.00002208
tournament.	Dhoni	made	1	0.00002208
tournament.	He	returned	1	0.00002208
tournaments.	He	also	1	0.00002208
towards	the	Long-on,	1	0.00002208
training	camp,	he	1	0.00002208
training	jumps	from	1	0.00002208
tri-nation	tournament	against	1	0.00002208
tri-nation	tournament	involving	1	0.00002208
triangular	series	in	1	0.00002208
tried	other	wicket-keeper/batsmen	1	0.00002208
trophies.	In	the	1	0.00002208
trophy	and	on	1	0.00002208
trophy,	he	played	1	0.00002208
trophy,	where	he	1	0.00002208
twelfth	overall	to	1	0.00002208
twice	in	three	1	0.00002208
two	Champions	League	1	0.00002208
two	centuries	during	1	0.00002208
two	innings	at	1	0.00002208
two	new	franchises	1	0.00002208
two	resulting	in	1	0.00002208
two	seasons	for	1	0.00002208
two	tests	including	1	0.00002208
two-week	stint	with	1	0.00002208
two-year	suspension	of	1	0.00002208
unavailable,	Dhoni	became	1	0.00002208
unbeaten	183	runs	1	0.00002208
unbeaten	91.	In	1	0.00002208
unbeaten	four-ball	20.	1	0.00002208
unbeaten.	Dhoni	stepped	1	0.00002208
under	South	Eastern	1	0.00002208
under-16	championship.	In	1	0.00002208
unexpectedly	crashed	out	1	0.00002208
unorthodox	batsman	who	1	0.00002208
unorthodox	captaincy,	approachability	1	0.00002208
unravelling	the	enigma	1	0.00002208
until	his	resignation	1	0.00002208
until	it	was	1	0.00002208
up	the	order	1	0.00002208
value	was	projected	1	0.00002208
vandalised	and	damaged	1	0.00002208
various	genres.	The	1	0.00002208
vehicle	re-seller	CARS24	1	0.00002208
via	the	BCCI's	1	0.00002208
vice-captain	of	the	1	0.00002208
vice-president	in	India	1	0.00002208
victory	again	the	1	0.00002208
victory	by	one	1	0.00002208
victory	in	South	1	0.00002208
victory	over	West	1	0.00002208
victory,	their	first	1	0.00002208
village	in	Uttar	1	0.00002208
wanted	to	become	1	0.00002208
wanted	to	join	1	0.00002208
wanting	his	son	1	0.00002208
wanting	to	become	1	0.00002208
was	a	documentary	1	0.00002208
was	a	member	1	0.00002208
was	acquired	by	1	0.00002208
was	adjudged	Man	1	0.00002208
was	also	named	1	0.00002208
was	also	the	1	0.00002208
was	appointed	captain	1	0.00002208
was	appointed	the	1	0.00002208
was	awarded	India's	1	0.00002208
was	awarded	a	1	0.00002208
was	awarded	the	1	0.00002208
was	broken	by	1	0.00002208
was	broken	seven	1	0.00002208
was	described	in	1	0.00002208
was	identified	as	1	0.00002208
was	included	in	1	0.00002208
was	inducted	into	1	0.00002208
was	later	appointed	1	0.00002208
was	made	popular	1	0.00002208
was	marred	by	1	0.00002208
was	named	in	1	0.00002208
was	named	player	1	0.00002208
was	named	vice-captain	1	0.00002208
was	not	selected	1	0.00002208
was	one	of	1	0.00002208
was	out	for	1	0.00002208
was	picked	in	1	0.00002208
was	projected	to	1	0.00002208
was	promoted	to	1	0.00002208
was	retained	for	1	0.00002208
was	retired	by	1	0.00002208
was	ruled	out	1	0.00002208
was	run	out	1	0.00002208
was	subsequently	named	1	0.00002208
was	the	captain	1	0.00002208
was	the	highest	1	0.00002208
was	the	most	1	0.00002208
was	the	youngest	1	0.00002208
was	tightened	for	1	0.00002208
was	vandalised	and	1	0.00002208
was	washed	away.	1	0.00002208
was	washed	out.	1	0.00002208
washed	away.	Dhoni	1	0.00002208
washed	out.	Dhoni	1	0.00002208
web	series	titled	1	0.00002208
well	as	being	1	0.00002208
well	as	hard-hitting	1	0.00002208
well	for	the	1	0.00002208
went	past	10,000	1	0.00002208
went	past	Kumar	1	0.00002208
were	established	for	1	0.00002208
when	dismissing	Keemo	1	0.00002208
when	he	bowled	1	0.00002208
when	he	stumped	1	0.00002208
where	Dhoni	made	1	0.00002208
where	Dhoni	scored	1	0.00002208
where	India	finished	1	0.00002208
where	India	remained	1	0.00002208
where	Jharkhand	lost	1	0.00002208
where	he	hit	1	0.00002208
where	he	was	1	0.00002208
where	the	plot	1	0.00002208
which	India	finished	1	0.00002208
which	India	unexpectedly	1	0.00002208
which	India	won	1	0.00002208
which	dealt	with	1	0.00002208
which	got	him	1	0.00002208
which	has	earned	1	0.00002208
which	he	co-owns	1	0.00002208
which	led	to	1	0.00002208
which	surpassed	the	1	0.00002208
which	was	broken	1	0.00002208
which	was	presented	1	0.00002208
which	was	released	1	0.00002208
which	was	the	1	0.00002208
while	also	becoming	1	0.00002208
while	also	being	1	0.00002208
while	also	later	1	0.00002208
while	also	serving	1	0.00002208
while	playing	for	1	0.00002208
who	deviates	from	1	0.00002208
who	plays	as	1	0.00002208
who	was	born	1	0.00002208
whose	IPL	franchise	1	0.00002208
wicket	in	international	1	0.00002208
wicket	keeper	in	1	0.00002208
wicket	partnership	for	1	0.00002208
wicket-keeper	(123)	T20Is	1	0.00002208
wicket-keeper	(183*)	Highest	1	0.00002208
wicket-keeper	(294)	ODIs	1	0.00002208
wicket-keeper	(34)	Most	1	0.00002208
wicket-keeper	(4876)	Most	1	0.00002208
wicket-keeper	(829)	Sixth	1	0.00002208
wicket-keeper	Most	stumpings	1	0.00002208
wicket-keeper	and	was	1	0.00002208
wicket-keeper	batsmen	and	1	0.00002208
wicket-keeper	for	Commando	1	0.00002208
wicket-keeper	spot	didn't	1	0.00002208
wicket-keeper	to	do	1	0.00002208
wicket-keeper	to	effect	1	0.00002208
wicket-keeper	to	ensure	1	0.00002208
wicket-keeper	to	make	1	0.00002208
wicket-keeper)	ICC	Men's	1	0.00002208
wicket-keeper)	ICC	Spirit	1	0.00002208
wicket-keeper,	he	has	1	0.00002208
wicket-keeper.	Dhoni	is	1	0.00002208
wicket-keeper.	Dhoni	played	1	0.00002208
wicket-keeper.	Widely	regarded	1	0.00002208
wicket-keeper/batsmen	like	Parthiv	1	0.00002208
wicket-keepers	of	all	1	0.00002208
wicket-keeping.	In	the	1	0.00002208
wicket.	In	November	1	0.00002208
wicketkeeper	of	the	1	0.00002208
wicketkeeper	until	it	1	0.00002208
wickets.	He	plays	1	0.00002208
wife	have	a	1	0.00002208
win	100	ODI	1	0.00002208
win	a	single	1	0.00002208
win	all	group	1	0.00002208
win	and	later	1	0.00002208
win	the	title	1	0.00002208
win	three	different	1	0.00002208
win,	following	his	1	0.00002208
win,	titled	M.S.	1	0.00002208
win.	Dhoni	played	1	0.00002208
winning	campaign,	he	1	0.00002208
winning	it	five	1	0.00002208
winning	shot	in	1	0.00002208
winning	squad	in	1	0.00002208
winning	the	Man	1	0.00002208
winning	the	game	1	0.00002208
wins	and	ten	1	0.00002208
wins	by	an	1	0.00002208
wins,	helping	India	1	0.00002208
with	283	runs	1	0.00002208
with	Banijay	Asia	1	0.00002208
with	Bhuvneshwar	Kumar)	1	0.00002208
with	Dhoni	averaging	1	0.00002208
with	Dhoni	being	1	0.00002208
with	Dhoni	having	1	0.00002208
with	Dhoni	himself	1	0.00002208
with	Dhoni	scoring	1	0.00002208
with	India	crashing	1	0.00002208
with	Rohit	Sharma	1	0.00002208
with	Sushant	Singh	1	0.00002208
with	a	century	1	0.00002208
with	a	firm	1	0.00002208
with	a	half-century	1	0.00002208
with	an	average	1	0.00002208
with	back	to	1	0.00002208
with	five	fifties,	1	0.00002208
with	five	title	1	0.00002208
with	force	and	1	0.00002208
with	injury.	Dhoni	1	0.00002208
with	the	Territorial	1	0.00002208
with	the	ban	1	0.00002208
with	the	city	1	0.00002208
with	the	father	1	0.00002208
with	the	highest	1	0.00002208
with	the	latter	1	0.00002208
with	the	parachute	1	0.00002208
with	three	consecutive	1	0.00002208
won	by	five	1	0.00002208
won	its	second	1	0.00002208
won	the	Asia	1	0.00002208
won	the	Deodhar	1	0.00002208
won	the	away	1	0.00002208
won	to	achieve	1	0.00002208
worked	as	a	1	0.00002208
world	cup	after	1	0.00002208
world	cup	win,	1	0.00002208
world	cup.	In	1	0.00002208
world.	As	of	1	0.00002208
would	surpass	his	1	0.00002208
year	by	the	1	0.00002208
year	in	ODIs	1	0.00002208
year	later	against	1	0.00002208
year.	2011	World	1	0.00002208
years	The	Indian	1	0.00002208
years	and	Dhoni	1	0.00002208
years	and	retirement	1	0.00002208
years	later	by	1	0.00002208
years.	He	was	1	0.00002208
yet	anything	but	1	0.00002208
youngest	of	three	1	0.00002208
zone	and	Rest	1	0.00002208
zone	of	Indian	1	0.00002208
ˈd̪ʱoːniː]	;	born	1	0.00002208
ˈsɪŋɡʱ	ˈd̪ʱoːniː]	;	1	0.00002208
₹12	crore	(US$1.4	1	0.00002208
₹125	million	(US$1.5	1	0.00002208
