sent_id	n	tokens_used	add1_log10P	add1_perplexity	addK_log10P	addK_perplexity	token_type_sum
1	2	28	-83.120238	930.2077	-83.350945	948.0243	136.00
1	3	28	-83.098676	928.5597	-83.308254	944.7019	136.00
1	4	28	-83.098676	928.5597	-83.308254	944.7019	136.00
2	2	28	-82.831219	908.3596	-82.897664	913.3366	137.00
2	3	28	-83.099160	928.5967	-83.309222	944.7771	136.00
2	4	28	-83.098676	928.5597	-83.308254	944.7019	136.00
3	2	25	-74.260893	934.1911	-74.490633	954.1690	123.00
3	3	25	-74.240299	932.4208	-74.449877	950.5940	123.00
3	4	25	-74.240299	932.4208	-74.449877	950.5940	123.00
4	2	28	-83.133257	931.2041	-83.376877	950.0481	128.00
4	3	28	-83.098676	928.5597	-83.308254	944.7019	128.00
4	4	28	-83.098676	928.5597	-83.308254	944.7019	128.00
5	2	31	-91.706319	908.3816	-91.789053	913.9811	160.00
5	3	31	-91.957537	925.4909	-92.167599	940.0444	159.00
5	4	31	-91.957053	925.4577	-92.166632	939.9768	159.00
6	2	26	-77.211274	932.5334	-77.438621	951.4994	146.00
6	3	26	-77.193091	931.0329	-77.402670	948.4747	146.00
6	4	26	-77.193091	931.0329	-77.402670	948.4747	146.00
7	2	31	-91.707283	908.4467	-91.790973	914.1114	152.00
7	3	31	-91.957537	925.4909	-92.167599	940.0444	151.00
7	4	31	-91.957053	925.4577	-92.166632	939.9768	151.00
8	2	30	-88.444861	887.4870	-88.344083	880.6489	149.00
8	3	30	-89.005229	926.4905	-89.215774	941.5841	147.00
8	4	30	-89.004261	926.4216	-89.213839	941.4443	147.00
9	2	27	-80.173708	931.9586	-80.410616	950.9791	126.00
9	3	27	-80.145883	929.7497	-80.355462	946.5166	126.00
9	4	27	-80.145883	929.7497	-80.355462	946.5166	126.00
10	2	27	-80.179345	932.4067	-80.421559	951.8670	132.00
10	3	27	-80.145883	929.7497	-80.355462	946.5166	132.00
10	4	27	-80.145883	929.7497	-80.355462	946.5166	132.00
11	2	25	-74.258962	934.0250	-74.486783	953.8308	116.00
11	3	25	-74.240299	932.4208	-74.449877	950.5940	116.00
11	4	25	-74.240299	932.4208	-74.449877	950.5940	116.00
12	2	29	-86.077857	929.3985	-86.313360	946.9407	141.00
12	3	29	-86.051468	927.4532	-86.261047	943.0156	141.00
12	4	29	-86.051468	927.4532	-86.261047	943.0156	141.00
13	2	25	-74.268531	934.8485	-74.505700	955.4940	125.00
13	3	25	-74.240299	932.4208	-74.449877	950.5940	125.00
13	4	25	-74.240299	932.4208	-74.449877	950.5940	125.00
14	2	26	-77.212720	932.6528	-77.441501	951.7421	129.00
14	3	26	-77.193091	931.0329	-77.402670	948.4747	129.00
14	4	26	-77.193091	931.0329	-77.402670	948.4747	129.00
15	2	25	-73.956484	908.3628	-74.006773	912.5799	129.00
15	3	25	-73.939752	906.9641	-73.973723	909.8063	129.00
15	4	25	-73.939752	906.9641	-73.973723	909.8063	129.00
16	2	29	-85.786384	908.1366	-85.855107	913.1054	144.00
16	3	29	-86.051952	927.4888	-86.262014	943.0880	143.00
16	4	29	-86.051468	927.4532	-86.261047	943.0156	143.00
17	2	27	-80.173224	931.9201	-80.409648	950.9006	124.00
17	3	27	-80.145883	929.7497	-80.355462	946.5166	124.00
17	4	27	-80.145883	929.7497	-80.355462	946.5166	124.00
18	2	28	-82.827838	908.1071	-82.890917	912.8300	149.00
18	3	28	-83.099160	928.5967	-83.309222	944.7771	148.00
18	4	28	-83.098676	928.5597	-83.308254	944.7019	148.00
19	2	27	-80.173632	931.9525	-80.410317	950.9549	121.00
19	3	27	-80.145883	929.7497	-80.355462	946.5166	121.00
19	4	27	-80.145883	929.7497	-80.355462	946.5166	121.00
20	2	31	-91.686215	907.0262	-91.749294	911.2859	157.00
20	3	31	-91.957537	925.4909	-92.167599	940.0444	156.00
20	4	31	-91.957053	925.4577	-92.166632	939.9768	156.00
21	2	29	-86.071585	928.9358	-86.300861	946.0014	132.00
21	3	29	-86.051468	927.4532	-86.261047	943.0156	132.00
21	4	29	-86.051468	927.4532	-86.261047	943.0156	132.00
22	2	26	-77.210790	932.4934	-77.437654	951.4179	130.00
22	3	26	-77.193091	931.0329	-77.402670	948.4747	130.00
22	4	26	-77.193091	931.0329	-77.402670	948.4747	130.00
23	2	27	-80.176932	932.2148	-80.416747	951.4764	136.00
23	3	27	-80.145883	929.7497	-80.355462	946.5166	136.00
23	4	27	-80.145883	929.7497	-80.355462	946.5166	136.00
24	2	24	-71.312433	936.1628	-71.546458	957.4199	126.00
24	3	24	-71.287506	933.9266	-71.497085	952.8953	126.00
24	4	24	-71.287506	933.9266	-71.497085	952.8953	126.00
25	2	28	-83.133181	931.1983	-83.376579	950.0248	129.00
25	3	28	-83.098676	928.5597	-83.308254	944.7019	129.00
25	4	28	-83.098676	928.5597	-83.308254	944.7019	129.00
26	2	28	-83.118307	930.0600	-83.347095	947.7242	140.00
26	3	28	-83.098676	928.5597	-83.308254	944.7019	140.00
26	4	28	-83.098676	928.5597	-83.308254	944.7019	140.00
27	2	27	-80.169843	931.6514	-80.402901	950.3536	140.00
27	3	27	-80.145883	929.7497	-80.355462	946.5166	140.00
27	4	27	-80.145883	929.7497	-80.355462	946.5166	140.00
28	2	29	-85.804030	909.4098	-85.889883	915.6302	149.00
28	3	29	-86.051952	927.4888	-86.262014	943.0880	148.00
28	4	29	-86.051468	927.4532	-86.261047	943.0156	148.00
29	2	26	-77.236603	934.6275	-77.488640	955.7236	132.00
29	3	26	-77.193091	931.0329	-77.402670	948.4747	132.00
29	4	26	-77.193091	931.0329	-77.402670	948.4747	132.00
30	2	28	-82.825395	907.9247	-82.885991	912.4602	135.00
30	3	28	-83.099160	928.5967	-83.309222	944.7771	134.00
30	4	28	-83.098676	928.5597	-83.308254	944.7019	134.00
31	2	29	-85.803065	909.3402	-85.887961	915.4905	136.00
31	3	29	-86.051952	927.4888	-86.262014	943.0880	135.00
31	4	29	-86.051468	927.4532	-86.261047	943.0156	135.00
32	2	26	-77.211757	932.5733	-77.439586	951.5807	133.00
32	3	26	-77.193091	931.0329	-77.402670	948.4747	133.00
32	4	26	-77.193091	931.0329	-77.402670	948.4747	133.00
33	2	25	-74.260893	934.1911	-74.490633	954.1690	128.00
33	3	25	-74.240299	932.4208	-74.449877	950.5940	128.00
33	4	25	-74.240299	932.4208	-74.449877	950.5940	128.00
34	2	29	-85.780121	907.6851	-85.842643	912.2023	140.00
34	3	29	-86.051952	927.4888	-86.262014	943.0880	139.00
34	4	29	-86.051468	927.4532	-86.261047	943.0156	139.00
35	2	27	-80.180872	932.5281	-80.424753	952.1263	118.00
35	3	27	-80.145883	929.7497	-80.355462	946.5166	118.00
35	4	27	-80.145883	929.7497	-80.355462	946.5166	118.00
36	2	25	-73.959865	908.6457	-74.013520	913.1472	133.00
36	3	25	-73.939752	906.9641	-73.973723	909.8063	133.00
36	4	25	-73.939752	906.9641	-73.973723	909.8063	133.00
37	2	28	-83.130287	930.9767	-83.370811	949.5744	127.00
37	3	28	-83.098676	928.5597	-83.308254	944.7019	127.00
37	4	28	-83.098676	928.5597	-83.308254	944.7019	127.00
38	2	25	-74.269895	934.9660	-74.508260	955.7194	111.00
38	3	25	-74.240299	932.4208	-74.449877	950.5940	111.00
38	4	25	-74.240299	932.4208	-74.449877	950.5940	111.00
39	2	27	-80.163098	931.1157	-80.389479	949.2664	130.00
39	3	27	-80.145883	929.7497	-80.355462	946.5166	130.00
39	4	27	-80.145883	929.7497	-80.355462	946.5166	130.00
40	2	25	-74.257030	933.8587	-74.482927	953.4920	116.00
40	3	25	-74.240299	932.4208	-74.449877	950.5940	116.00
40	4	25	-74.240299	932.4208	-74.449877	950.5940	116.00
41	2	25	-74.268048	934.8069	-74.504735	955.4091	114.00
41	3	25	-74.240299	932.4208	-74.449877	950.5940	114.00
41	4	25	-74.240299	932.4208	-74.449877	950.5940	114.00
42	2	25	-74.258965	934.0252	-74.486794	953.8317	128.00
42	3	25	-74.240299	932.4208	-74.449877	950.5940	128.00
42	4	25	-74.240299	932.4208	-74.449877	950.5940	128.00
43	2	28	-82.845501	909.4271	-82.925760	915.4493	127.00
43	3	28	-83.099160	928.5967	-83.309222	944.7771	126.00
43	4	28	-83.098676	928.5597	-83.308254	944.7019	126.00
44	2	28	-83.117826	930.0232	-83.346138	947.6496	139.00
44	3	28	-83.098676	928.5597	-83.308254	944.7019	139.00
44	4	28	-83.098676	928.5597	-83.308254	944.7019	139.00
45	2	27	-80.183204	932.7136	-80.429248	952.4914	134.00
45	3	27	-80.145883	929.7497	-80.355462	946.5166	134.00
45	4	27	-80.145883	929.7497	-80.355462	946.5166	134.00
46	2	29	-85.803546	909.3749	-85.888916	915.5599	142.00
46	3	29	-86.051952	927.4888	-86.262014	943.0880	141.00
46	4	29	-86.051468	927.4532	-86.261047	943.0156	141.00
47	2	28	-82.844056	909.3190	-82.922886	915.2329	128.00
47	3	28	-83.099160	928.5967	-83.309222	944.7771	127.00
47	4	28	-83.098676	928.5597	-83.308254	944.7019	127.00
48	2	27	-80.173237	931.9211	-80.409699	950.9047	116.00
48	3	27	-80.145883	929.7497	-80.355462	946.5166	116.00
48	4	27	-80.145883	929.7497	-80.355462	946.5166	116.00
49	2	26	-76.935577	910.0403	-77.011534	916.1827	134.00
49	3	26	-77.193575	931.0728	-77.403637	948.5560	133.00
49	4	26	-77.193091	931.0329	-77.402670	948.4747	133.00
50	2	24	-71.015193	909.8428	-71.076753	915.2324	133.00
50	3	24	-71.287990	933.9700	-71.498052	952.9838	132.00
50	4	24	-71.287506	933.9266	-71.497085	952.8953	132.00
51	2	28	-83.125061	930.5767	-83.360555	948.7738	135.00
51	3	28	-83.098676	928.5597	-83.308254	944.7019	135.00
51	4	28	-83.098676	928.5597	-83.308254	944.7019	135.00
52	2	30	-89.034907	928.6034	-89.274477	945.8361	146.00
52	3	30	-89.004261	926.4216	-89.213839	941.4443	146.00
52	4	30	-89.004261	926.4216	-89.213839	941.4443	146.00
53	2	25	-73.968950	909.4064	-74.031469	914.6581	134.00
53	3	25	-74.240782	932.4623	-74.450844	950.6787	133.00
53	4	25	-74.240299	932.4208	-74.449877	950.5940	133.00
54	2	27	-79.875982	908.5936	-79.939937	913.5628	129.00
54	3	27	-80.146367	929.7881	-80.356429	946.5946	128.00
54	4	27	-80.145883	929.7497	-80.355462	946.5166	128.00
55	2	26	-77.210790	932.4934	-77.437654	951.4179	122.00
55	3	26	-77.193091	931.0329	-77.402670	948.4747	122.00
55	4	26	-77.193091	931.0329	-77.402670	948.4747	122.00
56	2	30	-88.743956	908.0962	-88.817340	913.2254	137.00
56	3	30	-89.004745	926.4560	-89.214807	941.5142	136.00
56	4	30	-89.004261	926.4216	-89.213839	941.4443	136.00
57	2	27	-80.180312	932.4836	-80.423492	952.0239	133.00
57	3	27	-80.145883	929.7497	-80.355462	946.5166	133.00
57	4	27	-80.145883	929.7497	-80.355462	946.5166	133.00
58	2	28	-82.838369	908.8939	-82.911747	914.3949	143.00
58	3	28	-83.099160	928.5967	-83.309222	944.7771	142.00
58	4	28	-83.098676	928.5597	-83.308254	944.7019	142.00
59	2	26	-77.214169	932.7725	-77.444390	951.9856	123.00
59	3	26	-77.193091	931.0329	-77.402670	948.4747	123.00
59	4	26	-77.193091	931.0329	-77.402670	948.4747	123.00
60	2	28	-83.133181	931.1983	-83.376581	950.0250	131.00
60	3	28	-83.098676	928.5597	-83.308254	944.7019	131.00
60	4	28	-83.098676	928.5597	-83.308254	944.7019	131.00
61	2	25	-74.264258	934.4807	-74.497316	954.7566	127.00
61	3	25	-74.240299	932.4208	-74.449877	950.5940	127.00
61	4	25	-74.240299	932.4208	-74.449877	950.5940	127.00
62	2	25	-73.968466	909.3659	-74.030502	914.5766	131.00
62	3	25	-74.240782	932.4623	-74.450844	950.6787	130.00
62	4	25	-74.240299	932.4208	-74.449877	950.5940	130.00
63	2	28	-82.835550	908.6832	-82.906273	913.9835	144.00
63	3	28	-83.099160	928.5967	-83.309222	944.7771	143.00
63	4	28	-83.098676	928.5597	-83.308254	944.7019	143.00
64	2	26	-77.210306	932.4534	-77.436687	951.3364	113.00
64	3	26	-77.193091	931.0329	-77.402670	948.4747	113.00
64	4	26	-77.193091	931.0329	-77.402670	948.4747	113.00
65	2	25	-74.274244	935.3406	-74.516942	956.4839	126.00
65	3	25	-74.240299	932.4208	-74.449877	950.5940	126.00
65	4	25	-74.240299	932.4208	-74.449877	950.5940	126.00
66	2	28	-83.126909	930.7181	-83.364079	949.0488	135.00
66	3	28	-83.098676	928.5597	-83.308254	944.7019	135.00
66	4	28	-83.098676	928.5597	-83.308254	944.7019	135.00
67	2	27	-80.193254	933.5133	-80.449121	954.1070	122.00
67	3	27	-80.145883	929.7497	-80.355462	946.5166	122.00
67	4	27	-80.145883	929.7497	-80.355462	946.5166	122.00
68	2	32	-94.945241	926.9126	-95.189384	943.3400	159.00
68	3	32	-94.909846	924.5548	-95.119424	938.6031	159.00
68	4	32	-94.909846	924.5548	-95.119424	938.6031	159.00
69	2	29	-85.799765	909.1019	-85.881530	915.0231	131.00
69	3	29	-86.051952	927.4888	-86.262014	943.0880	130.00
69	4	29	-86.051468	927.4532	-86.261047	943.0156	130.00
70	2	25	-74.267564	934.7652	-74.503767	955.3240	122.00
70	3	25	-74.240299	932.4208	-74.449877	950.5940	122.00
70	4	25	-74.240299	932.4208	-74.449877	950.5940	122.00
71	2	28	-83.123131	930.4290	-83.356708	948.4736	132.00
71	3	28	-83.098676	928.5597	-83.308254	944.7019	132.00
71	4	28	-83.098676	928.5597	-83.308254	944.7019	132.00
72	2	24	-71.317587	936.6258	-71.556435	958.3367	115.00
72	3	24	-71.287506	933.9266	-71.497085	952.8953	115.00
72	4	24	-71.287506	933.9266	-71.497085	952.8953	115.00
73	2	26	-77.220928	933.3310	-77.457872	953.1229	131.00
73	3	26	-77.193091	931.0329	-77.402670	948.4747	131.00
73	4	26	-77.193091	931.0329	-77.402670	948.4747	131.00
74	2	28	-82.835957	908.7136	-82.906940	914.0336	136.00
74	3	28	-83.099160	928.5967	-83.309222	944.7771	135.00
74	4	28	-83.098676	928.5597	-83.308254	944.7019	135.00
75	2	30	-88.731948	907.2596	-88.793510	911.5567	150.00
75	3	30	-89.004745	926.4560	-89.214807	941.5142	149.00
75	4	30	-89.004261	926.4216	-89.213839	941.4443	149.00
76	2	28	-82.831194	908.3577	-82.897565	913.3292	126.00
76	3	28	-83.099160	928.5967	-83.309222	944.7771	125.00
76	4	28	-83.098676	928.5597	-83.308254	944.7019	125.00
77	2	29	-86.083563	929.8197	-86.324573	947.7841	145.00
77	3	29	-86.051468	927.4532	-86.261047	943.0156	145.00
77	4	29	-86.051468	927.4532	-86.261047	943.0156	145.00
78	2	27	-80.186096	932.9437	-80.435005	952.9591	129.00
78	3	27	-80.145883	929.7497	-80.355462	946.5166	129.00
78	4	27	-80.145883	929.7497	-80.355462	946.5166	129.00
79	2	28	-83.126908	930.7181	-83.364075	949.0485	132.00
79	3	28	-83.098676	928.5597	-83.308254	944.7019	132.00
79	4	28	-83.098676	928.5597	-83.308254	944.7019	132.00
80	2	27	-80.165998	931.3460	-80.395268	949.7351	127.00
80	3	27	-80.145883	929.7497	-80.355462	946.5166	127.00
80	4	27	-80.145883	929.7497	-80.355462	946.5166	127.00
81	2	27	-80.166480	931.3842	-80.396226	949.8128	139.00
81	3	27	-80.145883	929.7497	-80.355462	946.5166	139.00
81	4	27	-80.145883	929.7497	-80.355462	946.5166	139.00
82	2	30	-88.744921	908.1635	-88.819264	913.3603	137.00
82	3	30	-89.004745	926.4560	-89.214807	941.5142	136.00
82	4	30	-89.004261	926.4216	-89.213839	941.4443	136.00
83	2	27	-80.177013	932.2213	-80.417064	951.5022	134.00
83	3	27	-80.145883	929.7497	-80.355462	946.5166	134.00
83	4	27	-80.145883	929.7497	-80.355462	946.5166	134.00
84	2	28	-83.119756	930.1708	-83.349986	947.9495	142.00
84	3	28	-83.098676	928.5597	-83.308254	944.7019	142.00
84	4	28	-83.098676	928.5597	-83.308254	944.7019	142.00
85	2	27	-79.886063	909.3751	-79.959930	915.1218	143.00
85	3	27	-80.146367	929.7881	-80.356429	946.5946	142.00
85	4	27	-80.145883	929.7497	-80.355462	946.5166	142.00
86	2	26	-77.215132	932.8520	-77.446306	952.1471	130.00
86	3	26	-77.193091	931.0329	-77.402670	948.4747	130.00
86	4	26	-77.193091	931.0329	-77.402670	948.4747	130.00
87	2	29	-85.795477	908.7925	-85.873090	914.4102	133.00
87	3	29	-86.051952	927.4888	-86.262014	943.0880	132.00
87	4	29	-86.051468	927.4532	-86.261047	943.0156	132.00
88	2	25	-73.969349	909.4398	-74.032106	914.7117	110.00
88	3	25	-73.939752	906.9641	-73.973723	909.8063	110.00
88	4	25	-73.939752	906.9641	-73.973723	909.8063	110.00
89	2	26	-76.929860	909.5797	-77.000277	915.2697	131.00
89	3	26	-77.193575	931.0728	-77.403637	948.5560	130.00
89	4	26	-77.193091	931.0329	-77.402670	948.4747	130.00
90	2	27	-80.167447	931.4611	-80.398159	949.9693	143.00
90	3	27	-80.145883	929.7497	-80.355462	946.5166	143.00
90	4	27	-80.145883	929.7497	-80.355462	946.5166	143.00
91	2	31	-91.975236	926.7084	-92.202583	942.4903	154.00
91	3	31	-91.957053	925.4577	-92.166632	939.9768	154.00
91	4	31	-91.957053	925.4577	-92.166632	939.9768	154.00
92	2	30	-89.046806	929.4518	-89.297878	947.5364	143.00
92	3	30	-89.004261	926.4216	-89.213839	941.4443	143.00
92	4	30	-89.004261	926.4216	-89.213839	941.4443	143.00
93	2	26	-77.223741	933.5635	-77.463320	953.5829	129.00
93	3	26	-77.193091	931.0329	-77.402670	948.4747	129.00
93	4	26	-77.193091	931.0329	-77.402670	948.4747	129.00
94	2	26	-76.922736	909.0060	-76.986297	914.1373	136.00
94	3	26	-77.193575	931.0728	-77.403637	948.5560	135.00
94	4	26	-77.193091	931.0329	-77.402670	948.4747	135.00
95	2	25	-74.258478	933.9833	-74.485816	953.7458	123.00
95	3	25	-74.240299	932.4208	-74.449877	950.5940	123.00
95	4	25	-74.240299	932.4208	-74.449877	950.5940	123.00
96	2	25	-74.257513	933.9003	-74.483892	953.5768	116.00
96	3	25	-74.240299	932.4208	-74.449877	950.5940	116.00
96	4	25	-74.240299	932.4208	-74.449877	950.5940	116.00
97	2	26	-77.213201	932.6926	-77.442458	951.8227	126.00
97	3	26	-77.193091	931.0329	-77.402670	948.4747	126.00
97	4	26	-77.193091	931.0329	-77.402670	948.4747	126.00
98	2	30	-89.044391	929.2796	-89.293063	947.1863	151.00
98	3	30	-89.004261	926.4216	-89.213839	941.4443	151.00
98	4	30	-89.004261	926.4216	-89.213839	941.4443	151.00
99	2	26	-77.209822	932.4135	-77.435719	951.2549	127.00
99	3	26	-77.193091	931.0329	-77.402670	948.4747	127.00
99	4	26	-77.193091	931.0329	-77.402670	948.4747	127.00
100	2	33	-97.907121	926.5790	-98.160135	943.0822	160.00
100	3	33	-97.862638	923.7075	-98.072217	937.3145	160.00
100	4	33	-97.862638	923.7075	-98.072217	937.3145	160.00
101	2	25	-74.279945	935.8318	-74.528133	957.4703	119.00
101	3	25	-74.240299	932.4208	-74.449877	950.5940	119.00
101	4	25	-74.240299	932.4208	-74.449877	950.5940	119.00
102	2	28	-83.129807	930.9400	-83.369861	949.5002	137.00
102	3	28	-83.098676	928.5597	-83.308254	944.7019	137.00
102	4	28	-83.098676	928.5597	-83.308254	944.7019	137.00
103	2	28	-83.125457	930.6070	-83.361177	948.8223	128.00
103	3	28	-83.098676	928.5597	-83.308254	944.7019	128.00
103	4	28	-83.098676	928.5597	-83.308254	944.7019	128.00
104	2	26	-77.227596	933.8824	-77.470996	954.2314	130.00
104	3	26	-77.193091	931.0329	-77.402670	948.4747	130.00
104	4	26	-77.193091	931.0329	-77.402670	948.4747	130.00
105	2	29	-85.491583	887.1266	-85.390317	880.0223	147.00
105	3	29	-86.052436	927.5245	-86.262981	943.1604	145.00
105	4	29	-86.051468	927.4532	-86.261047	943.0156	145.00
106	2	26	-76.925120	909.1979	-76.990992	914.5175	137.00
106	3	26	-77.193575	931.0728	-77.403637	948.5560	136.00
106	4	26	-77.193091	931.0329	-77.402670	948.4747	136.00
107	2	28	-83.116375	929.9122	-83.343239	947.4237	143.00
107	3	28	-83.098676	928.5597	-83.308254	944.7019	143.00
107	4	28	-83.098676	928.5597	-83.308254	944.7019	143.00
108	2	27	-79.864004	907.6660	-79.916225	911.7172	126.00
108	3	27	-79.845337	906.2222	-79.879308	908.8514	126.00
108	4	27	-79.845337	906.2222	-79.879308	908.8514	126.00
109	2	24	-71.315736	936.4595	-71.552896	958.0114	114.00
109	3	24	-71.287506	933.9266	-71.497085	952.8953	114.00
109	4	24	-71.287506	933.9266	-71.497085	952.8953	114.00
110	2	28	-82.826363	907.9969	-82.887925	912.6054	147.00
110	3	28	-83.099160	928.5967	-83.309222	944.7771	146.00
110	4	28	-83.098676	928.5597	-83.308254	944.7019	146.00
111	2	24	-71.317103	936.5823	-71.555468	958.2478	123.00
111	3	24	-71.287506	933.9266	-71.497085	952.8953	123.00
111	4	24	-71.287506	933.9266	-71.497085	952.8953	123.00
112	2	26	-77.218995	933.1712	-77.454012	952.7971	124.00
112	3	26	-77.193091	931.0329	-77.402670	948.4747	124.00
112	4	26	-77.193091	931.0329	-77.402670	948.4747	124.00
113	2	29	-86.085978	929.9979	-86.329388	948.1465	135.00
113	3	29	-86.051468	927.4532	-86.261047	943.0156	135.00
113	4	29	-86.051468	927.4532	-86.261047	943.0156	135.00
114	2	24	-71.306170	935.6004	-71.533991	956.2753	127.00
114	3	24	-71.287506	933.9266	-71.497085	952.8953	127.00
114	4	24	-71.287506	933.9266	-71.497085	952.8953	127.00
115	2	26	-77.210789	932.4934	-77.437652	951.4177	133.00
115	3	26	-77.193091	931.0329	-77.402670	948.4747	133.00
115	4	26	-77.193091	931.0329	-77.402670	948.4747	133.00
116	2	27	-80.184166	932.7901	-80.431158	952.6465	142.00
116	3	27	-80.145883	929.7497	-80.355462	946.5166	142.00
116	4	27	-80.145883	929.7497	-80.355462	946.5166	142.00
117	2	24	-71.306651	935.6436	-71.534949	956.3633	117.00
117	3	24	-71.287506	933.9266	-71.497085	952.8953	117.00
117	4	24	-71.287506	933.9266	-71.497085	952.8953	117.00
118	2	29	-86.070135	928.8288	-86.297964	945.7837	134.00
118	3	29	-86.051468	927.4532	-86.261047	943.0156	134.00
118	4	29	-86.051468	927.4532	-86.261047	943.0156	134.00
119	2	29	-85.510636	888.4697	-85.427820	882.6467	148.00
119	3	29	-86.052436	927.5245	-86.262981	943.1604	146.00
119	4	29	-86.051468	927.4532	-86.261047	943.0156	146.00
120	2	29	-86.069167	928.7575	-86.296031	945.6386	142.00
120	3	29	-86.051468	927.4532	-86.261047	943.0156	142.00
120	4	29	-86.051468	927.4532	-86.261047	943.0156	142.00
121	2	29	-85.795428	908.7889	-85.872899	914.3962	142.00
121	3	29	-86.051952	927.4888	-86.262014	943.0880	141.00
121	4	29	-86.051468	927.4532	-86.261047	943.0156	141.00
122	2	27	-79.593634	886.9770	-79.499791	879.9068	143.00
122	3	27	-80.146851	929.8265	-80.357396	946.6727	141.00
122	4	27	-80.145883	929.7497	-80.355462	946.5166	141.00
123	2	25	-74.267080	934.7236	-74.502800	955.2389	116.00
123	3	25	-74.240299	932.4208	-74.449877	950.5940	116.00
123	4	25	-74.240299	932.4208	-74.449877	950.5940	116.00
124	2	27	-80.175565	932.1061	-80.414176	951.2678	129.00
124	3	27	-80.145883	929.7497	-80.355462	946.5166	129.00
124	4	27	-80.145883	929.7497	-80.355462	946.5166	129.00
125	2	29	-86.086466	930.0340	-86.330372	948.2206	138.00
125	3	29	-86.051468	927.4532	-86.261047	943.0156	138.00
125	4	29	-86.051468	927.4532	-86.261047	943.0156	138.00
126	2	26	-77.221324	933.3637	-77.458492	953.1753	133.00
126	3	26	-77.193091	931.0329	-77.402670	948.4747	133.00
126	4	26	-77.193091	931.0329	-77.402670	948.4747	133.00
127	2	26	-77.222688	933.4765	-77.461053	953.3914	129.00
127	3	26	-77.193091	931.0329	-77.402670	948.4747	129.00
127	4	26	-77.193091	931.0329	-77.402670	948.4747	129.00
128	2	26	-77.210306	932.4534	-77.436687	951.3364	118.00
128	3	26	-77.193091	931.0329	-77.402670	948.4747	118.00
128	4	26	-77.193091	931.0329	-77.402670	948.4747	118.00
129	2	26	-76.929860	909.5797	-77.000277	915.2697	130.00
129	3	26	-77.193575	931.0728	-77.403637	948.5560	129.00
129	4	26	-77.193091	931.0329	-77.402670	948.4747	129.00
130	2	28	-82.836489	908.7533	-82.908094	914.1203	136.00
130	3	28	-83.099160	928.5967	-83.309222	944.7771	135.00
130	4	28	-83.098676	928.5597	-83.308254	944.7019	135.00
131	2	28	-82.824911	907.8886	-82.885023	912.3877	142.00
131	3	28	-83.099160	928.5967	-83.309222	944.7771	141.00
131	4	28	-83.098676	928.5597	-83.308254	944.7019	141.00
132	2	29	-85.792612	908.5857	-85.867434	913.9996	136.00
132	3	29	-86.051952	927.4888	-86.262014	943.0880	135.00
132	4	29	-86.051468	927.4532	-86.261047	943.0156	135.00
133	2	29	-86.080185	929.5703	-86.317837	947.2773	136.00
133	3	29	-86.051468	927.4532	-86.261047	943.0156	136.00
133	4	29	-86.051468	927.4532	-86.261047	943.0156	136.00
134	2	26	-77.222770	933.4833	-77.461372	953.4185	121.00
134	3	26	-77.193091	931.0329	-77.402670	948.4747	121.00
134	4	26	-77.193091	931.0329	-77.402670	948.4747	121.00
135	2	28	-83.119756	930.1708	-83.349986	947.9495	149.00
135	3	28	-83.098676	928.5597	-83.308254	944.7019	149.00
135	4	28	-83.098676	928.5597	-83.308254	944.7019	149.00
136	2	25	-74.259444	934.0664	-74.487742	953.9150	121.00
136	3	25	-74.240299	932.4208	-74.449877	950.5940	121.00
136	4	25	-74.240299	932.4208	-74.449877	950.5940	121.00
137	2	27	-80.168414	931.5379	-80.400089	950.1257	131.00
137	3	27	-80.145883	929.7497	-80.355462	946.5166	131.00
137	4	27	-80.145883	929.7497	-80.355462	946.5166	131.00
138	2	31	-91.694817	907.6059	-91.766281	912.4364	161.00
138	3	31	-91.957537	925.4909	-92.167599	940.0444	160.00
138	4	31	-91.957053	925.4577	-92.166632	939.9768	160.00
139	2	29	-85.493030	887.2285	-85.393200	880.2238	138.00
139	3	29	-86.052436	927.5245	-86.262981	943.1604	136.00
139	4	29	-86.051468	927.4532	-86.261047	943.0156	136.00
140	2	27	-80.169843	931.6514	-80.402901	950.3536	115.00
140	3	27	-80.145883	929.7497	-80.355462	946.5166	115.00
140	4	27	-80.145883	929.7497	-80.355462	946.5166	115.00
141	2	26	-77.220925	933.3307	-77.457859	953.1219	123.00
141	3	26	-77.193091	931.0329	-77.402670	948.4747	123.00
141	4	26	-77.193091	931.0329	-77.402670	948.4747	123.00
142	2	33	-97.890871	925.5290	-98.128041	940.9727	162.00
142	3	33	-97.862638	923.7075	-98.072217	937.3145	162.00
142	4	33	-97.862638	923.7075	-98.072217	937.3145	162.00
143	2	28	-82.838369	908.8939	-82.911747	914.3949	138.00
143	3	28	-83.099160	928.5967	-83.309222	944.7771	137.00
143	4	28	-83.098676	928.5597	-83.308254	944.7019	137.00
144	2	25	-74.262343	934.3159	-74.493530	954.4237	121.00
144	3	25	-74.240299	932.4208	-74.449877	950.5940	121.00
144	4	25	-74.240299	932.4208	-74.449877	950.5940	121.00
145	2	24	-71.305205	935.5138	-71.532069	956.0990	119.00
145	3	24	-71.287506	933.9266	-71.497085	952.8953	119.00
145	4	24	-71.287506	933.9266	-71.497085	952.8953	119.00
146	2	29	-86.082033	929.7067	-86.321364	947.5427	146.00
146	3	29	-86.051468	927.4532	-86.261047	943.0156	146.00
146	4	29	-86.051468	927.4532	-86.261047	943.0156	146.00
147	2	29	-86.081145	929.6412	-86.319741	947.4206	132.00
147	3	29	-86.051468	927.4532	-86.261047	943.0156	132.00
147	4	29	-86.051468	927.4532	-86.261047	943.0156	132.00
148	2	28	-82.829744	908.2494	-82.894670	913.1118	150.00
148	3	28	-83.099160	928.5967	-83.309222	944.7771	149.00
148	4	28	-83.098676	928.5597	-83.308254	944.7019	149.00
149	2	27	-80.165034	931.2694	-80.393346	949.5795	143.00
149	3	27	-80.145883	929.7497	-80.355462	946.5166	143.00
149	4	27	-80.145883	929.7497	-80.355462	946.5166	143.00
150	2	27	-80.165029	931.2690	-80.393327	949.5779	123.00
150	3	27	-80.145883	929.7497	-80.355462	946.5166	123.00
150	4	27	-80.145883	929.7497	-80.355462	946.5166	123.00
151	2	25	-74.268047	934.8069	-74.504732	955.4089	114.00
151	3	25	-74.240299	932.4208	-74.449877	950.5940	114.00
151	4	25	-74.240299	932.4208	-74.449877	950.5940	114.00
152	2	31	-91.693424	907.5120	-91.763608	912.2553	153.00
152	3	31	-91.957537	925.4909	-92.167599	940.0444	152.00
152	4	31	-91.957053	925.4577	-92.166632	939.9768	152.00
153	2	26	-77.215140	932.8527	-77.446338	952.1498	119.00
153	3	26	-77.193091	931.0329	-77.402670	948.4747	119.00
153	4	26	-77.193091	931.0329	-77.402670	948.4747	119.00
154	2	27	-80.180388	932.4896	-80.423786	952.0478	131.00
154	3	27	-80.145883	929.7497	-80.355462	946.5166	131.00
154	4	27	-80.145883	929.7497	-80.355462	946.5166	131.00
155	2	28	-82.838374	908.8943	-82.911768	914.3965	139.00
155	3	28	-83.099160	928.5967	-83.309222	944.7771	138.00
155	4	28	-83.098676	928.5597	-83.308254	944.7019	138.00
156	2	26	-76.927050	909.3534	-76.994842	914.8293	123.00
156	3	26	-77.193575	931.0728	-77.403637	948.5560	122.00
156	4	26	-77.193091	931.0329	-77.402670	948.4747	122.00
157	2	29	-85.795011	908.7588	-85.872190	914.3448	132.00
157	3	29	-86.051952	927.4888	-86.262014	943.0880	131.00
157	4	29	-86.051468	927.4532	-86.261047	943.0156	131.00
158	2	28	-83.119756	930.1708	-83.349986	947.9495	138.00
158	3	28	-83.098676	928.5597	-83.308254	944.7019	138.00
158	4	28	-83.098676	928.5597	-83.308254	944.7019	138.00
159	2	26	-77.213207	932.6930	-77.442481	951.8247	142.00
159	3	26	-77.193091	931.0329	-77.402670	948.4747	142.00
159	4	26	-77.193091	931.0329	-77.402670	948.4747	142.00
160	2	31	-91.402871	888.1365	-91.307104	881.8414	156.00
160	3	31	-91.958021	925.5242	-92.168566	940.1119	154.00
160	4	31	-91.957053	925.4577	-92.166632	939.9768	154.00
161	2	30	-88.750625	908.5612	-88.830466	914.1459	143.00
161	3	30	-89.004745	926.4560	-89.214807	941.5142	142.00
161	4	30	-89.004261	926.4216	-89.213839	941.4443	142.00
162	2	27	-79.877912	908.7432	-79.943784	913.8626	134.00
162	3	27	-80.146367	929.7881	-80.356429	946.5946	133.00
162	4	27	-80.145883	929.7497	-80.355462	946.5166	133.00
163	2	27	-80.176932	932.2148	-80.416747	951.4764	126.00
163	3	27	-80.145883	929.7497	-80.355462	946.5166	126.00
163	4	27	-80.145883	929.7497	-80.355462	946.5166	126.00
164	2	27	-79.883165	909.1504	-79.954148	914.6706	130.00
164	3	27	-80.146367	929.7881	-80.356429	946.5946	129.00
164	4	27	-80.145883	929.7497	-80.355462	946.5166	129.00
165	2	30	-88.736805	907.5979	-88.803253	912.2386	153.00
165	3	30	-89.004745	926.4560	-89.214807	941.5142	152.00
165	4	30	-89.004261	926.4216	-89.213839	941.4443	152.00
166	2	26	-77.217546	933.0515	-77.451123	952.5534	119.00
166	3	26	-77.193091	931.0329	-77.402670	948.4747	119.00
166	4	26	-77.193091	931.0329	-77.402670	948.4747	119.00
167	2	27	-80.172750	931.8824	-80.408719	950.8253	138.00
167	3	27	-80.145883	929.7497	-80.355462	946.5166	138.00
167	4	27	-80.145883	929.7497	-80.355462	946.5166	138.00
168	2	24	-71.308100	935.7737	-71.537840	956.6286	130.00
168	3	24	-71.287506	933.9266	-71.497085	952.8953	130.00
168	4	24	-71.287506	933.9266	-71.497085	952.8953	130.00
169	2	25	-74.258481	933.9836	-74.485829	953.7469	133.00
169	3	25	-74.240299	932.4208	-74.449877	950.5940	133.00
169	4	25	-74.240299	932.4208	-74.449877	950.5940	133.00
170	2	26	-76.919810	908.7705	-76.980404	913.6603	131.00
170	3	26	-77.193575	931.0728	-77.403637	948.5560	130.00
170	4	26	-77.193091	931.0329	-77.402670	948.4747	130.00
171	2	26	-77.212239	932.6131	-77.440547	951.6617	129.00
171	3	26	-77.193091	931.0329	-77.402670	948.4747	129.00
171	4	26	-77.193091	931.0329	-77.402670	948.4747	129.00
172	2	24	-71.315739	936.4597	-71.552907	958.0124	125.00
172	3	24	-71.287506	933.9266	-71.497085	952.8953	125.00
172	4	24	-71.287506	933.9266	-71.497085	952.8953	125.00
173	2	25	-74.261377	934.2327	-74.491600	954.2540	133.00
173	3	25	-74.240299	932.4208	-74.449877	950.5940	133.00
173	4	25	-74.240299	932.4208	-74.449877	950.5940	133.00
174	2	25	-74.260412	934.1497	-74.489676	954.0850	129.00
174	3	25	-74.240299	932.4208	-74.449877	950.5940	129.00
174	4	25	-74.240299	932.4208	-74.449877	950.5940	129.00
175	2	27	-79.873570	908.4068	-79.935133	913.1886	141.00
175	3	27	-80.146367	929.7881	-80.356429	946.5946	140.00
175	4	27	-80.145883	929.7497	-80.355462	946.5166	140.00
176	2	29	-85.497770	887.5626	-85.402487	880.8731	144.00
176	3	29	-86.052436	927.5245	-86.262981	943.1604	142.00
176	4	29	-86.051468	927.4532	-86.261047	943.0156	142.00
177	2	26	-77.211271	932.5331	-77.438608	951.4983	128.00
177	3	26	-77.193091	931.0329	-77.402670	948.4747	128.00
177	4	26	-77.193091	931.0329	-77.402670	948.4747	128.00
178	2	27	-80.179893	932.4503	-80.422774	951.9656	128.00
178	3	27	-80.145883	929.7497	-80.355462	946.5166	128.00
178	4	27	-80.145883	929.7497	-80.355462	946.5166	128.00
179	2	25	-74.258962	934.0250	-74.486783	953.8308	123.00
179	3	25	-74.240299	932.4208	-74.449877	950.5940	123.00
179	4	25	-74.240299	932.4208	-74.449877	950.5940	123.00
180	2	25	-74.270862	935.0493	-74.510192	955.8895	123.00
180	3	25	-74.240299	932.4208	-74.449877	950.5940	123.00
180	4	25	-74.240299	932.4208	-74.449877	950.5940	123.00
181	2	28	-83.124571	930.5392	-83.359563	948.6964	137.00
181	3	28	-83.098676	928.5597	-83.308254	944.7019	137.00
181	4	28	-83.098676	928.5597	-83.308254	944.7019	137.00
182	2	30	-89.046402	929.4230	-89.297226	947.4890	145.00
182	3	30	-89.004261	926.4216	-89.213839	941.4443	145.00
182	4	30	-89.004261	926.4216	-89.213839	941.4443	145.00
183	2	28	-82.829770	908.2514	-82.894773	913.1195	139.00
183	3	28	-83.099160	928.5967	-83.309222	944.7771	138.00
183	4	28	-83.098676	928.5597	-83.308254	944.7019	138.00
184	2	27	-79.875014	908.5187	-79.938002	913.4121	131.00
184	3	27	-80.146367	929.7881	-80.356429	946.5946	130.00
184	4	27	-80.145883	929.7497	-80.355462	946.5166	130.00
185	2	25	-74.261376	934.2327	-74.491598	954.2538	120.00
185	3	25	-74.240299	932.4208	-74.449877	950.5940	120.00
185	4	25	-74.240299	932.4208	-74.449877	950.5940	120.00
186	2	25	-74.260892	934.1910	-74.490631	954.1688	120.00
186	3	25	-74.240299	932.4208	-74.449877	950.5940	120.00
186	4	25	-74.240299	932.4208	-74.449877	950.5940	120.00
187	2	26	-77.232820	934.3145	-77.481246	955.0979	113.00
187	3	26	-77.193091	931.0329	-77.402670	948.4747	113.00
187	4	26	-77.193091	931.0329	-77.402670	948.4747	113.00
188	2	29	-85.802099	909.2704	-85.886033	915.3503	135.00
188	3	29	-86.051952	927.4888	-86.262014	943.0880	134.00
188	4	29	-86.051468	927.4532	-86.261047	943.0156	134.00
189	2	28	-82.835474	908.6775	-82.905975	913.9610	136.00
189	3	28	-83.099160	928.5967	-83.309222	944.7771	135.00
189	4	28	-83.098676	928.5597	-83.308254	944.7019	135.00
190	2	27	-80.183682	932.7516	-80.430190	952.5679	122.00
190	3	27	-80.145883	929.7497	-80.355462	946.5166	122.00
190	4	27	-80.145883	929.7497	-80.355462	946.5166	122.00
191	2	26	-77.223738	933.5633	-77.463307	953.5818	124.00
191	3	26	-77.193091	931.0329	-77.402670	948.4747	124.00
191	4	26	-77.193091	931.0329	-77.402670	948.4747	124.00
192	2	29	-86.072546	929.0067	-86.302770	946.1447	146.00
192	3	29	-86.051468	927.4532	-86.261047	943.0156	146.00
192	4	29	-86.051468	927.4532	-86.261047	943.0156	146.00
193	2	24	-71.308100	935.7737	-71.537838	956.6284	117.00
193	3	24	-71.287506	933.9266	-71.497085	952.8953	117.00
193	4	24	-71.287506	933.9266	-71.497085	952.8953	117.00
194	2	26	-77.213688	932.7328	-77.443438	951.9054	140.00
194	3	26	-77.193091	931.0329	-77.402670	948.4747	140.00
194	4	26	-77.193091	931.0329	-77.402670	948.4747	140.00
195	2	30	-89.022927	927.7499	-89.250758	944.1158	149.00
195	3	30	-89.004261	926.4216	-89.213839	941.4443	149.00
195	4	30	-89.004261	926.4216	-89.213839	941.4443	149.00
196	2	26	-77.230412	934.1152	-77.476456	954.6929	129.00
196	3	26	-77.193091	931.0329	-77.402670	948.4747	129.00
196	4	26	-77.193091	931.0329	-77.402670	948.4747	129.00
197	2	27	-80.172272	931.8444	-80.407776	950.7487	121.00
197	3	27	-80.145883	929.7497	-80.355462	946.5166	121.00
197	4	27	-80.145883	929.7497	-80.355462	946.5166	121.00
198	2	26	-77.222773	933.4835	-77.461383	953.4194	123.00
198	3	26	-77.193091	931.0329	-77.402670	948.4747	123.00
198	4	26	-77.193091	931.0329	-77.402670	948.4747	123.00
199	2	27	-80.172750	931.8824	-80.408719	950.8253	123.00
199	3	27	-80.145883	929.7497	-80.355462	946.5166	123.00
199	4	27	-80.145883	929.7497	-80.355462	946.5166	123.00
200	2	28	-82.835047	908.6456	-82.905231	913.9051	136.00
200	3	28	-83.099160	928.5967	-83.309222	944.7771	135.00
200	4	28	-83.098676	928.5597	-83.308254	944.7019	135.00
201	2	27	-80.169862	931.6529	-80.402978	950.3598	131.00
201	3	27	-80.145883	929.7497	-80.355462	946.5166	131.00
201	4	27	-80.145883	929.7497	-80.355462	946.5166	131.00
202	2	29	-86.095066	930.6693	-86.347352	949.4999	149.00
202	3	29	-86.051468	927.4532	-86.261047	943.0156	149.00
202	4	29	-86.051468	927.4532	-86.261047	943.0156	149.00
203	2	29	-85.779155	907.6155	-85.840718	912.0628	145.00
203	3	29	-86.051952	927.4888	-86.262014	943.0880	144.00
203	4	29	-86.051468	927.4532	-86.261047	943.0156	144.00
204	2	27	-80.177083	932.2268	-80.417337	951.5243	124.00
204	3	27	-80.145883	929.7497	-80.355462	946.5166	124.00
204	4	27	-80.145883	929.7497	-80.355462	946.5166	124.00
205	2	25	-74.264753	934.5233	-74.498328	954.8455	122.00
205	3	25	-74.240299	932.4208	-74.449877	950.5940	122.00
205	4	25	-74.240299	932.4208	-74.449877	950.5940	122.00
206	2	27	-79.886920	909.4416	-79.961433	915.2391	138.00
206	3	27	-80.146367	929.7881	-80.356429	946.5946	137.00
206	4	27	-80.145883	929.7497	-80.355462	946.5166	137.00
207	2	28	-82.827812	908.1052	-82.890818	912.8226	137.00
207	3	28	-83.099160	928.5967	-83.309222	944.7771	136.00
207	4	28	-83.098676	928.5597	-83.308254	944.7019	136.00
208	2	31	-91.689571	907.2523	-91.755943	911.7360	150.00
208	3	31	-91.957537	925.4909	-92.167599	940.0444	149.00
208	4	31	-91.957053	925.4577	-92.166632	939.9768	149.00
209	2	26	-77.215136	932.8524	-77.446323	952.1486	133.00
209	3	26	-77.193091	931.0329	-77.402670	948.4747	133.00
209	4	26	-77.193091	931.0329	-77.402670	948.4747	133.00
210	2	27	-80.163098	931.1157	-80.389479	949.2664	135.00
210	3	27	-80.145883	929.7497	-80.355462	946.5166	135.00
210	4	27	-80.145883	929.7497	-80.355462	946.5166	135.00
211	2	27	-79.881775	909.0427	-79.951490	914.4634	135.00
211	3	27	-80.146367	929.7881	-80.356429	946.5946	134.00
211	4	27	-80.145883	929.7497	-80.355462	946.5166	134.00
212	2	26	-77.219465	933.2101	-77.454924	952.8741	123.00
212	3	26	-77.193091	931.0329	-77.402670	948.4747	123.00
212	4	26	-77.193091	931.0329	-77.402670	948.4747	123.00
213	2	27	-79.887398	909.4787	-79.962379	915.3129	132.00
213	3	27	-80.146367	929.7881	-80.356429	946.5946	131.00
213	4	27	-80.145883	929.7497	-80.355462	946.5166	131.00
214	2	27	-80.177013	932.2213	-80.417064	951.5022	140.00
214	3	27	-80.145883	929.7497	-80.355462	946.5166	140.00
214	4	27	-80.145883	929.7497	-80.355462	946.5166	140.00
215	2	25	-74.265721	934.6066	-74.500263	955.0157	123.00
215	3	25	-74.240299	932.4208	-74.449877	950.5940	123.00
215	4	25	-74.240299	932.4208	-74.449877	950.5940	123.00
216	2	25	-74.266193	934.6472	-74.501183	955.0967	127.00
216	3	25	-74.240299	932.4208	-74.449877	950.5940	127.00
216	4	25	-74.240299	932.4208	-74.449877	950.5940	127.00
217	2	28	-82.832623	908.4645	-82.900380	913.5406	139.00
217	3	28	-83.099160	928.5967	-83.309222	944.7771	138.00
217	4	28	-83.098676	928.5597	-83.308254	944.7019	138.00
218	2	27	-79.875529	908.5585	-79.939089	913.4968	145.00
218	3	27	-80.146367	929.7881	-80.356429	946.5946	144.00
218	4	27	-80.145883	929.7497	-80.355462	946.5166	144.00
219	2	29	-86.084447	929.8849	-86.326179	947.9050	146.00
219	3	29	-86.051468	927.4532	-86.261047	943.0156	146.00
219	4	29	-86.051468	927.4532	-86.261047	943.0156	146.00
220	2	29	-86.083000	929.7781	-86.323299	947.6882	151.00
220	3	29	-86.051468	927.4532	-86.261047	943.0156	151.00
220	4	29	-86.051468	927.4532	-86.261047	943.0156	151.00
221	2	26	-77.219000	933.1717	-77.454033	952.7989	123.00
221	3	26	-77.193091	931.0329	-77.402670	948.4747	123.00
221	4	26	-77.193091	931.0329	-77.402670	948.4747	123.00
222	2	26	-77.212717	932.6526	-77.441491	951.7412	122.00
222	3	26	-77.193091	931.0329	-77.402670	948.4747	122.00
222	4	26	-77.193091	931.0329	-77.402670	948.4747	122.00
223	2	28	-82.829770	908.2514	-82.894773	913.1195	134.00
223	3	28	-83.099160	928.5967	-83.309222	944.7771	133.00
223	4	28	-83.098676	928.5597	-83.308254	944.7019	133.00
224	2	27	-80.173722	931.9596	-80.410669	950.9834	130.00
224	3	27	-80.145883	929.7497	-80.355462	946.5166	130.00
224	4	27	-80.145883	929.7497	-80.355462	946.5166	130.00
225	2	24	-71.304721	935.4703	-71.531100	956.0101	127.00
225	3	24	-71.287506	933.9266	-71.497085	952.8953	127.00
225	4	24	-71.287506	933.9266	-71.497085	952.8953	127.00
226	2	32	-94.348512	887.9551	-94.245806	881.4170	160.00
226	3	32	-94.910813	924.6192	-95.121359	938.7338	158.00
226	4	32	-94.909846	924.5548	-95.119424	938.6031	158.00
227	2	26	-76.920775	908.8482	-76.982327	913.8160	127.00
227	3	26	-77.193575	931.0728	-77.403637	948.5560	126.00
227	4	26	-77.193091	931.0329	-77.402670	948.4747	126.00
228	2	29	-85.780630	907.7218	-85.843709	912.2795	137.00
228	3	29	-86.051952	927.4888	-86.262014	943.0880	136.00
228	4	29	-86.051468	927.4532	-86.261047	943.0156	136.00
229	2	24	-71.305686	935.5570	-71.533023	956.1866	114.00
229	3	24	-71.287506	933.9266	-71.497085	952.8953	114.00
229	4	24	-71.287506	933.9266	-71.497085	952.8953	114.00
230	2	28	-82.829744	908.2494	-82.894670	913.1118	132.00
230	3	28	-82.798130	905.8912	-82.832100	908.4255	132.00
230	4	28	-82.798130	905.8912	-82.832100	908.4255	132.00
231	2	27	-80.170341	931.6910	-80.403926	950.4366	121.00
231	3	27	-80.145883	929.7497	-80.355462	946.5166	121.00
231	4	27	-80.145883	929.7497	-80.355462	946.5166	121.00
232	2	27	-80.164066	931.1925	-80.391414	949.4230	141.00
232	3	27	-80.145883	929.7497	-80.355462	946.5166	141.00
232	4	27	-80.145883	929.7497	-80.355462	946.5166	141.00
233	2	29	-85.782081	907.8264	-85.846609	912.4895	139.00
233	3	29	-86.051952	927.4888	-86.262014	943.0880	138.00
233	4	29	-86.051468	927.4532	-86.261047	943.0156	138.00
234	2	27	-80.179893	932.4503	-80.422774	951.9656	125.00
234	3	27	-80.145883	929.7497	-80.355462	946.5166	125.00
234	4	27	-80.145883	929.7497	-80.355462	946.5166	125.00
235	2	30	-88.749162	908.4591	-88.827523	913.9395	146.00
235	3	30	-89.004745	926.4560	-89.214807	941.5142	145.00
235	4	30	-89.004261	926.4216	-89.213839	941.4443	145.00
236	2	26	-77.220840	933.3237	-77.457527	953.0938	131.00
236	3	26	-77.193091	931.0329	-77.402670	948.4747	131.00
236	4	26	-77.193091	931.0329	-77.402670	948.4747	131.00
237	2	26	-77.212238	932.6130	-77.440541	951.6611	118.00
237	3	26	-77.193091	931.0329	-77.402670	948.4747	118.00
237	4	26	-77.193091	931.0329	-77.402670	948.4747	118.00
238	2	31	-91.703417	908.1859	-91.783258	913.5878	153.00
238	3	31	-91.957537	925.4909	-92.167599	940.0444	152.00
238	4	31	-91.957053	925.4577	-92.166632	939.9768	152.00
239	2	28	-83.129724	930.9336	-83.369539	949.4750	130.00
239	3	28	-83.098676	928.5597	-83.308254	944.7019	130.00
239	4	28	-83.098676	928.5597	-83.308254	944.7019	130.00
240	2	27	-80.170826	931.7295	-80.404897	950.5154	129.00
240	3	27	-80.145883	929.7497	-80.355462	946.5166	129.00
240	4	27	-80.145883	929.7497	-80.355462	946.5166	129.00
241	2	29	-86.088385	930.1757	-86.334177	948.5071	131.00
241	3	29	-86.051468	927.4532	-86.261047	943.0156	131.00
241	4	29	-86.051468	927.4532	-86.261047	943.0156	131.00
242	2	29	-85.787359	908.2069	-85.857073	913.2480	129.00
242	3	29	-86.051952	927.4888	-86.262014	943.0880	128.00
242	4	29	-86.051468	927.4532	-86.261047	943.0156	128.00
243	2	28	-82.835445	908.6753	-82.905862	913.9525	125.00
243	3	28	-83.099160	928.5967	-83.309222	944.7771	124.00
243	4	28	-83.098676	928.5597	-83.308254	944.7019	124.00
244	2	26	-76.923189	909.0425	-76.987142	914.2057	135.00
244	3	26	-77.193575	931.0728	-77.403637	948.5560	134.00
244	4	26	-77.193091	931.0329	-77.402670	948.4747	134.00
245	2	27	-79.883225	909.1550	-79.954384	914.6890	127.00
245	3	27	-80.146367	929.7881	-80.356429	946.5946	126.00
245	4	27	-80.145883	929.7497	-80.355462	946.5166	126.00
246	2	24	-71.306653	935.6438	-71.534956	956.3639	122.00
246	3	24	-71.287506	933.9266	-71.497085	952.8953	122.00
246	4	24	-71.287506	933.9266	-71.497085	952.8953	122.00
247	2	25	-74.265226	934.5640	-74.499251	954.9267	134.00
247	3	25	-74.240299	932.4208	-74.449877	950.5940	134.00
247	4	25	-74.240299	932.4208	-74.449877	950.5940	134.00
248	2	30	-88.753520	908.7631	-88.836237	914.5510	139.00
248	3	30	-89.004745	926.4560	-89.214807	941.5142	138.00
248	4	30	-89.004261	926.4216	-89.213839	941.4443	138.00
249	2	28	-83.138807	931.6292	-83.387478	950.8767	122.00
249	3	28	-83.098676	928.5597	-83.308254	944.7019	122.00
249	4	28	-83.098676	928.5597	-83.308254	944.7019	122.00
250	2	28	-83.127392	930.7551	-83.365044	949.1241	143.00
250	3	28	-83.098676	928.5597	-83.308254	944.7019	143.00
250	4	28	-83.098676	928.5597	-83.308254	944.7019	143.00
251	2	29	-86.079777	929.5402	-86.317168	947.2270	146.00
251	3	29	-86.051468	927.4532	-86.261047	943.0156	146.00
251	4	29	-86.051468	927.4532	-86.261047	943.0156	146.00
252	2	29	-85.779155	907.6155	-85.840718	912.0628	147.00
252	3	29	-86.051952	927.4888	-86.262014	943.0880	146.00
252	4	29	-86.051468	927.4532	-86.261047	943.0156	146.00
253	2	29	-85.491583	887.1266	-85.390317	880.0223	158.00
253	3	29	-86.052436	927.5245	-86.262981	943.1604	156.00
253	4	29	-86.051468	927.4532	-86.261047	943.0156	156.00
254	2	25	-74.269895	934.9660	-74.508260	955.7194	124.00
254	3	25	-74.240299	932.4208	-74.449877	950.5940	124.00
254	4	25	-74.240299	932.4208	-74.449877	950.5940	124.00
255	2	26	-77.214655	932.8127	-77.445368	952.0681	132.00
255	3	26	-77.193091	931.0329	-77.402670	948.4747	132.00
255	4	26	-77.193091	931.0329	-77.402670	948.4747	132.00
256	2	27	-80.166960	931.4224	-80.397179	949.8899	142.00
256	3	27	-80.145883	929.7497	-80.355462	946.5166	142.00
256	4	27	-80.145883	929.7497	-80.355462	946.5166	142.00
257	2	32	-94.356631	888.4740	-94.261829	882.4339	156.00
257	3	32	-94.910813	924.6192	-95.121359	938.7338	154.00
257	4	32	-94.909846	924.5548	-95.119424	938.6031	154.00
258	2	27	-80.177013	932.2213	-80.417064	951.5022	137.00
258	3	27	-80.145883	929.7497	-80.355462	946.5166	137.00
258	4	27	-80.145883	929.7497	-80.355462	946.5166	137.00
259	2	31	-91.697232	907.7688	-91.771100	912.7631	152.00
259	3	31	-91.957537	925.4909	-92.167599	940.0444	151.00
259	4	31	-91.957053	925.4577	-92.166632	939.9768	151.00
260	2	25	-74.259445	934.0665	-74.487748	953.9155	118.00
260	3	25	-74.240299	932.4208	-74.449877	950.5940	118.00
260	4	25	-74.240299	932.4208	-74.449877	950.5940	118.00
261	2	27	-79.874533	908.4814	-79.937046	913.3376	127.00
261	3	27	-80.146367	929.7881	-80.356429	946.5946	126.00
261	4	27	-80.145883	929.7497	-80.355462	946.5166	126.00
262	2	26	-77.213204	932.6928	-77.442469	951.8236	133.00
262	3	26	-77.193091	931.0329	-77.402670	948.4747	133.00
262	4	26	-77.193091	931.0329	-77.402670	948.4747	133.00
263	2	24	-71.308102	935.7739	-71.537849	956.6294	124.00
263	3	24	-71.287506	933.9266	-71.497085	952.8953	124.00
263	4	24	-71.287506	933.9266	-71.497085	952.8953	124.00
264	2	27	-80.173708	931.9586	-80.410616	950.9791	137.00
264	3	27	-80.145883	929.7497	-80.355462	946.5166	137.00
264	4	27	-80.145883	929.7497	-80.355462	946.5166	137.00
265	2	27	-79.884614	909.2627	-79.957039	914.8962	142.00
265	3	27	-80.146367	929.7881	-80.356429	946.5946	141.00
265	4	27	-80.145883	929.7497	-80.355462	946.5166	141.00
266	2	26	-77.212720	932.6528	-77.441501	951.7421	129.00
266	3	26	-77.193091	931.0329	-77.402670	948.4747	129.00
266	4	26	-77.193091	931.0329	-77.402670	948.4747	129.00
267	2	28	-83.137035	931.4935	-83.384248	950.6242	141.00
267	3	28	-83.098676	928.5597	-83.308254	944.7019	141.00
267	4	28	-83.098676	928.5597	-83.308254	944.7019	141.00
268	2	27	-80.170823	931.7292	-80.404882	950.5142	143.00
268	3	27	-80.145883	929.7497	-80.355462	946.5166	143.00
268	4	27	-80.145883	929.7497	-80.355462	946.5166	143.00
269	2	32	-94.660555	908.1181	-94.744718	913.6344	153.00
269	3	32	-94.910330	924.5870	-95.120391	938.6685	152.00
269	4	32	-94.909846	924.5548	-95.119424	938.6031	152.00
270	2	26	-77.212717	932.6526	-77.441491	951.7412	127.00
270	3	26	-77.193091	931.0329	-77.402670	948.4747	127.00
270	4	26	-77.193091	931.0329	-77.402670	948.4747	127.00
271	2	28	-82.836438	908.7496	-82.907897	914.1055	138.00
271	3	28	-83.099160	928.5967	-83.309222	944.7771	137.00
271	4	28	-83.098676	928.5597	-83.308254	944.7019	137.00
272	2	27	-79.883646	909.1877	-79.955104	914.7452	130.00
272	3	27	-80.146367	929.7881	-80.356429	946.5946	129.00
272	4	27	-80.145883	929.7497	-80.355462	946.5166	129.00
273	2	27	-79.875498	908.5562	-79.938970	913.4874	123.00
273	3	27	-80.146367	929.7881	-80.356429	946.5946	122.00
273	4	27	-80.145883	929.7497	-80.355462	946.5166	122.00
274	2	28	-83.131174	931.0446	-83.372432	949.7009	124.00
274	3	28	-83.098676	928.5597	-83.308254	944.7019	124.00
274	4	28	-83.098676	928.5597	-83.308254	944.7019	124.00
275	2	23	-68.365278	938.4333	-68.604610	961.1897	117.00
275	3	23	-68.334714	935.5662	-68.544292	955.4030	117.00
275	4	23	-68.334714	935.5662	-68.544292	955.4030	117.00
276	2	27	-80.182321	932.6433	-80.427642	952.3609	131.00
276	3	27	-80.145883	929.7497	-80.355462	946.5166	131.00
276	4	27	-80.145883	929.7497	-80.355462	946.5166	131.00
277	2	26	-77.217051	933.0106	-77.450109	952.4679	124.00
277	3	26	-77.193091	931.0329	-77.402670	948.4747	124.00
277	4	26	-77.193091	931.0329	-77.402670	948.4747	124.00
278	2	29	-86.072549	929.0069	-86.302778	946.1454	135.00
278	3	29	-86.051468	927.4532	-86.261047	943.0156	135.00
278	4	29	-86.051468	927.4532	-86.261047	943.0156	135.00
279	2	28	-82.829258	908.2132	-82.893697	913.0387	140.00
279	3	28	-83.099160	928.5967	-83.309222	944.7771	139.00
279	4	28	-83.098676	928.5597	-83.308254	944.7019	139.00
280	2	22	-65.401069	939.2384	-65.629373	961.9518	115.00
280	3	22	-65.381921	937.3580	-65.591500	958.1463	115.00
280	4	22	-65.381921	937.3580	-65.591500	958.1463	115.00
281	2	28	-82.834990	908.6413	-82.905008	913.8883	146.00
281	3	28	-83.099160	928.5967	-83.309222	944.7771	145.00
281	4	28	-83.098676	928.5597	-83.308254	944.7019	145.00
282	2	31	-91.411964	888.7365	-91.325085	883.0199	154.00
282	3	31	-91.958021	925.5242	-92.168566	940.1119	152.00
282	4	31	-91.957053	925.4577	-92.166632	939.9768	152.00
283	2	25	-74.257514	933.9004	-74.483894	953.5770	121.00
283	3	25	-74.240299	932.4208	-74.449877	950.5940	121.00
283	4	25	-74.240299	932.4208	-74.449877	950.5940	121.00
284	2	29	-86.087904	930.1402	-86.333221	948.4351	137.00
284	3	29	-86.051468	927.4532	-86.261047	943.0156	137.00
284	4	29	-86.051468	927.4532	-86.261047	943.0156	137.00
285	2	27	-80.184650	932.8286	-80.432125	952.7251	129.00
285	3	27	-80.145883	929.7497	-80.355462	946.5166	129.00
285	4	27	-80.145883	929.7497	-80.355462	946.5166	129.00
286	2	25	-74.270943	935.0562	-74.510506	955.9171	129.00
286	3	25	-74.240299	932.4208	-74.449877	950.5940	129.00
286	4	25	-74.240299	932.4208	-74.449877	950.5940	129.00
287	2	26	-76.921259	908.8871	-76.983295	913.8943	120.00
287	3	26	-77.193575	931.0728	-77.403637	948.5560	119.00
287	4	26	-77.193091	931.0329	-77.402670	948.4747	119.00
288	2	30	-88.747803	908.3644	-88.824982	913.7613	138.00
288	3	30	-89.004745	926.4560	-89.214807	941.5142	137.00
288	4	30	-89.004261	926.4216	-89.213839	941.4443	137.00
289	2	29	-86.076880	929.3264	-86.311388	946.7924	141.00
289	3	29	-86.051468	927.4532	-86.261047	943.0156	141.00
289	4	29	-86.051468	927.4532	-86.261047	943.0156	141.00
290	2	24	-71.004659	908.9238	-71.055915	913.4044	126.00
290	3	24	-70.986960	907.3817	-71.020931	910.3438	126.00
290	4	24	-70.986960	907.3817	-71.020931	910.3438	126.00
291	2	28	-83.120240	930.2079	-83.350953	948.0249	133.00
291	3	28	-83.098676	928.5597	-83.308254	944.7019	133.00
291	4	28	-83.098676	928.5597	-83.308254	944.7019	133.00
292	2	26	-77.226553	933.7960	-77.468767	954.0430	127.00
292	3	26	-77.193091	931.0329	-77.402670	948.4747	127.00
292	4	26	-77.193091	931.0329	-77.402670	948.4747	127.00
293	2	28	-82.824911	907.8886	-82.885023	912.3877	141.00
293	3	28	-83.099160	928.5967	-83.309222	944.7771	140.00
293	4	28	-83.098676	928.5597	-83.308254	944.7019	140.00
294	2	28	-82.831220	908.3597	-82.897668	913.3369	133.00
294	3	28	-83.099160	928.5967	-83.309222	944.7771	132.00
294	4	28	-83.098676	928.5597	-83.308254	944.7019	132.00
295	2	26	-77.225186	933.6830	-77.466196	953.8258	128.00
295	3	26	-77.193091	931.0329	-77.402670	948.4747	128.00
295	4	26	-77.193091	931.0329	-77.402670	948.4747	128.00
296	2	28	-83.124580	930.5399	-83.359596	948.6990	127.00
296	3	28	-83.098676	928.5597	-83.308254	944.7019	127.00
296	4	28	-83.098676	928.5597	-83.308254	944.7019	127.00
297	2	26	-77.209822	932.4135	-77.435719	951.2549	126.00
297	3	26	-77.193091	931.0329	-77.402670	948.4747	126.00
297	4	26	-77.193091	931.0329	-77.402670	948.4747	126.00
298	2	26	-77.236604	934.6276	-77.488642	955.7238	134.00
298	3	26	-77.193091	931.0329	-77.402670	948.4747	134.00
298	4	26	-77.193091	931.0329	-77.402670	948.4747	134.00
299	2	27	-80.169859	931.6527	-80.402965	950.3588	129.00
299	3	27	-80.145883	929.7497	-80.355462	946.5166	129.00
299	4	27	-80.145883	929.7497	-80.355462	946.5166	129.00
300	2	32	-94.656210	907.8342	-94.736051	913.0648	155.00
300	3	32	-94.910330	924.5870	-95.120391	938.6685	154.00
300	4	32	-94.909846	924.5548	-95.119424	938.6031	154.00
301	2	31	-91.991966	927.8607	-92.235629	944.8065	152.00
301	3	31	-91.957053	925.4577	-92.166632	939.9768	152.00
301	4	31	-91.957053	925.4577	-92.166632	939.9768	152.00
302	2	27	-80.166480	931.3842	-80.396226	949.8128	129.00
302	3	27	-80.145883	929.7497	-80.355462	946.5166	129.00
302	4	27	-80.145883	929.7497	-80.355462	946.5166	129.00
303	2	31	-91.708623	908.5371	-91.793441	914.2790	143.00
303	3	31	-91.957537	925.4909	-92.167599	940.0444	142.00
303	4	31	-91.957053	925.4577	-92.166632	939.9768	142.00
304	2	28	-83.116859	929.9492	-83.344206	947.4991	141.00
304	3	28	-83.098676	928.5597	-83.308254	944.7019	141.00
304	4	28	-83.098676	928.5597	-83.308254	944.7019	141.00
305	2	27	-80.177018	932.2216	-80.417082	951.5036	133.00
305	3	27	-80.145883	929.7497	-80.355462	946.5166	133.00
305	4	27	-80.145883	929.7497	-80.355462	946.5166	133.00
306	2	26	-77.213203	932.6927	-77.442467	951.8235	133.00
306	3	26	-77.193091	931.0329	-77.402670	948.4747	133.00
306	4	26	-77.193091	931.0329	-77.402670	948.4747	133.00
307	2	28	-83.130774	931.0140	-83.371791	949.6509	135.00
307	3	28	-83.098676	928.5597	-83.308254	944.7019	135.00
307	4	28	-83.098676	928.5597	-83.308254	944.7019	135.00
308	2	26	-77.227585	933.8814	-77.470949	954.2274	135.00
308	3	26	-77.193091	931.0329	-77.402670	948.4747	135.00
308	4	26	-77.193091	931.0329	-77.402670	948.4747	135.00
309	2	29	-86.079217	929.4989	-86.315902	947.1318	133.00
309	3	29	-86.051468	927.4532	-86.261047	943.0156	133.00
309	4	29	-86.051468	927.4532	-86.261047	943.0156	133.00
310	2	30	-88.733423	907.3623	-88.796502	911.7660	149.00
310	3	30	-89.004745	926.4560	-89.214807	941.5142	148.00
310	4	30	-89.004261	926.4216	-89.213839	941.4443	148.00
311	2	26	-77.223738	933.5633	-77.463307	953.5818	124.00
311	3	26	-77.193091	931.0329	-77.402670	948.4747	124.00
311	4	26	-77.193091	931.0329	-77.402670	948.4747	124.00
312	2	26	-77.221324	933.3637	-77.458492	953.1753	136.00
312	3	26	-77.193091	931.0329	-77.402670	948.4747	136.00
312	4	26	-77.193091	931.0329	-77.402670	948.4747	136.00
313	2	26	-77.210306	932.4534	-77.436687	951.3364	133.00
313	3	26	-77.193091	931.0329	-77.402670	948.4747	133.00
313	4	26	-77.193091	931.0329	-77.402670	948.4747	133.00
314	2	25	-74.257997	933.9420	-74.484861	953.6620	135.00
314	3	25	-74.240299	932.4208	-74.449877	950.5940	135.00
314	4	25	-74.240299	932.4208	-74.449877	950.5940	135.00
315	2	25	-74.261376	934.2327	-74.491598	954.2538	119.00
315	3	25	-74.240299	932.4208	-74.449877	950.5940	119.00
315	4	25	-74.240299	932.4208	-74.449877	950.5940	119.00
316	2	27	-80.176044	932.1442	-80.415124	951.3447	141.00
316	3	27	-80.145883	929.7497	-80.355462	946.5166	141.00
316	4	27	-80.145883	929.7497	-80.355462	946.5166	141.00
317	2	27	-80.181761	932.5988	-80.426383	952.2586	130.00
317	3	27	-80.145883	929.7497	-80.355462	946.5166	130.00
317	4	27	-80.145883	929.7497	-80.355462	946.5166	130.00
318	2	31	-91.687158	907.0897	-91.751132	911.4103	161.00
318	3	31	-91.957537	925.4909	-92.167599	940.0444	160.00
318	4	31	-91.957053	925.4577	-92.166632	939.9768	160.00
319	2	29	-86.072552	929.0071	-86.302793	946.1465	130.00
319	3	29	-86.051468	927.4532	-86.261047	943.0156	130.00
319	4	29	-86.051468	927.4532	-86.261047	943.0156	130.00
320	2	26	-77.220840	933.3237	-77.457527	953.0938	131.00
320	3	26	-77.193091	931.0329	-77.402670	948.4747	131.00
320	4	26	-77.193091	931.0329	-77.402670	948.4747	131.00
321	2	28	-83.133665	931.2354	-83.377548	950.1006	132.00
321	3	28	-83.098676	928.5597	-83.308254	944.7019	132.00
321	4	28	-83.098676	928.5597	-83.308254	944.7019	132.00
322	2	26	-76.928018	909.4313	-76.996774	914.9859	126.00
322	3	26	-77.193575	931.0728	-77.403637	948.5560	125.00
322	4	26	-77.193091	931.0329	-77.402670	948.4747	125.00
323	2	28	-83.126909	930.7181	-83.364079	949.0488	136.00
323	3	28	-83.098676	928.5597	-83.308254	944.7019	136.00
323	4	28	-83.098676	928.5597	-83.308254	944.7019	136.00
324	2	27	-80.171788	931.8060	-80.406808	950.6703	132.00
324	3	27	-80.145883	929.7497	-80.355462	946.5166	132.00
324	4	27	-80.145883	929.7497	-80.355462	946.5166	132.00
325	2	28	-83.132697	931.1613	-83.375613	949.9494	135.00
325	3	28	-83.098676	928.5597	-83.308254	944.7019	135.00
325	4	28	-83.098676	928.5597	-83.308254	944.7019	135.00
326	2	28	-83.126985	930.7239	-83.364375	949.0719	139.00
326	3	28	-83.098676	928.5597	-83.308254	944.7019	139.00
326	4	28	-83.098676	928.5597	-83.308254	944.7019	139.00
327	2	32	-94.353827	888.2948	-94.256418	882.0903	161.00
327	3	32	-94.910813	924.6192	-95.121359	938.7338	159.00
327	4	32	-94.909846	924.5548	-95.119424	938.6031	159.00
328	2	28	-82.827838	908.1071	-82.890917	912.8300	145.00
328	3	28	-83.099160	928.5967	-83.309222	944.7771	144.00
328	4	28	-83.098676	928.5597	-83.308254	944.7019	144.00
329	2	25	-74.257997	933.9420	-74.484861	953.6620	145.00
329	3	25	-74.240299	932.4208	-74.449877	950.5940	145.00
329	4	25	-74.240299	932.4208	-74.449877	950.5940	145.00
330	2	27	-80.165032	931.2693	-80.393342	949.5791	135.00
330	3	27	-80.145883	929.7497	-80.355462	946.5166	135.00
330	4	27	-80.145883	929.7497	-80.355462	946.5166	135.00
331	2	31	-91.688603	907.1871	-91.754006	911.6049	151.00
331	3	31	-91.957537	925.4909	-92.167599	940.0444	150.00
331	4	31	-91.957053	925.4577	-92.166632	939.9768	150.00
332	2	28	-83.140334	931.7462	-83.390676	951.1268	133.00
332	3	28	-83.098676	928.5597	-83.308254	944.7019	133.00
332	4	28	-83.098676	928.5597	-83.308254	944.7019	133.00
333	2	26	-76.921259	908.8871	-76.983295	913.8943	133.00
333	3	26	-77.193575	931.0728	-77.403637	948.5560	132.00
333	4	26	-77.193091	931.0329	-77.402670	948.4747	132.00
334	2	28	-82.832188	908.4320	-82.899603	913.4822	140.00
334	3	28	-83.099160	928.5967	-83.309222	944.7771	139.00
334	4	28	-83.098676	928.5597	-83.308254	944.7019	139.00
335	2	25	-74.258962	934.0250	-74.486783	953.8308	118.00
335	3	25	-74.240299	932.4208	-74.449877	950.5940	118.00
335	4	25	-74.240299	932.4208	-74.449877	950.5940	118.00
336	2	28	-82.550207	887.6090	-82.459969	881.0466	141.00
336	3	28	-83.099644	928.6336	-83.310189	944.8522	139.00
336	4	28	-83.098676	928.5597	-83.308254	944.7019	139.00
337	2	31	-91.977653	926.8748	-92.207411	942.8283	147.00
337	3	31	-91.957053	925.4577	-92.166632	939.9768	147.00
337	4	31	-91.957053	925.4577	-92.166632	939.9768	147.00
338	2	28	-82.829286	908.2152	-82.893806	913.0468	128.00
338	3	28	-83.099160	928.5967	-83.309222	944.7771	127.00
338	4	28	-83.098676	928.5597	-83.308254	944.7019	127.00
339	2	28	-83.127392	930.7551	-83.365044	949.1241	133.00
339	3	28	-83.098676	928.5597	-83.308254	944.7019	133.00
339	4	28	-83.098676	928.5597	-83.308254	944.7019	133.00
340	2	29	-86.072552	929.0071	-86.302791	946.1463	136.00
340	3	29	-86.051468	927.4532	-86.261047	943.0156	136.00
340	4	29	-86.051468	927.4532	-86.261047	943.0156	136.00
341	2	25	-74.257030	933.8587	-74.482927	953.4920	112.00
341	3	25	-74.240299	932.4208	-74.449877	950.5940	112.00
341	4	25	-74.240299	932.4208	-74.449877	950.5940	112.00
342	2	26	-77.212236	932.6128	-77.440534	951.6606	134.00
342	3	26	-77.193091	931.0329	-77.402670	948.4747	134.00
342	4	26	-77.193091	931.0329	-77.402670	948.4747	134.00
343	2	28	-82.545054	887.2329	-82.449993	880.3241	143.00
343	3	28	-83.099644	928.6336	-83.310189	944.8522	141.00
343	4	28	-83.098676	928.5597	-83.308254	944.7019	141.00
344	2	29	-86.082115	929.7128	-86.321684	947.5667	153.00
344	3	29	-86.051468	927.4532	-86.261047	943.0156	153.00
344	4	29	-86.051468	927.4532	-86.261047	943.0156	153.00
345	2	27	-79.883136	909.1482	-79.954036	914.6619	138.00
345	3	27	-80.146367	929.7881	-80.356429	946.5946	137.00
345	4	27	-80.145883	929.7497	-80.355462	946.5166	137.00
346	2	25	-74.259928	934.1080	-74.488709	954.0000	126.00
346	3	25	-74.240299	932.4208	-74.449877	950.5940	126.00
346	4	25	-74.240299	932.4208	-74.449877	950.5940	126.00
347	2	25	-74.264270	934.4817	-74.497363	954.7607	129.00
347	3	25	-74.240299	932.4208	-74.449877	950.5940	129.00
347	4	25	-74.240299	932.4208	-74.449877	950.5940	129.00
348	2	28	-83.129240	930.8965	-83.368570	949.3993	131.00
348	3	28	-83.098676	928.5597	-83.308254	944.7019	131.00
348	4	28	-83.098676	928.5597	-83.308254	944.7019	131.00
349	2	26	-76.924641	909.1594	-76.990044	914.4407	122.00
349	3	26	-77.193575	931.0728	-77.403637	948.5560	121.00
349	4	26	-77.193091	931.0329	-77.402670	948.4747	121.00
350	2	27	-80.181839	932.6050	-80.426686	952.2832	132.00
350	3	27	-80.145883	929.7497	-80.355462	946.5166	132.00
350	4	27	-80.145883	929.7497	-80.355462	946.5166	132.00
351	2	28	-83.118791	930.0970	-83.348062	947.7996	143.00
351	3	28	-83.098676	928.5597	-83.308254	944.7019	143.00
351	4	28	-83.098676	928.5597	-83.308254	944.7019	143.00
352	2	27	-80.165994	931.3456	-80.395250	949.7337	133.00
352	3	27	-80.145883	929.7497	-80.355462	946.5166	133.00
352	4	27	-80.145883	929.7497	-80.355462	946.5166	133.00
353	2	29	-85.783046	907.8960	-85.848533	912.6289	140.00
353	3	29	-86.051952	927.4888	-86.262014	943.0880	139.00
353	4	29	-86.051468	927.4532	-86.261047	943.0156	139.00
354	2	28	-83.132224	931.1250	-83.374689	949.8772	141.00
354	3	28	-83.098676	928.5597	-83.308254	944.7019	141.00
354	4	28	-83.098676	928.5597	-83.308254	944.7019	141.00
355	2	25	-73.979883	910.3226	-74.052946	916.4692	124.00
355	3	25	-74.240782	932.4623	-74.450844	950.6787	123.00
355	4	25	-74.240299	932.4208	-74.449877	950.5940	123.00
356	2	29	-86.087347	930.0991	-86.331970	948.3409	134.00
356	3	29	-86.051468	927.4532	-86.261047	943.0156	134.00
356	4	29	-86.051468	927.4532	-86.261047	943.0156	134.00
357	2	29	-85.783048	907.8961	-85.848539	912.6294	144.00
357	3	29	-86.051952	927.4888	-86.262014	943.0880	143.00
357	4	29	-86.051468	927.4532	-86.261047	943.0156	143.00
358	2	25	-74.260893	934.1911	-74.490633	954.1690	128.00
358	3	25	-74.240299	932.4208	-74.449877	950.5940	128.00
358	4	25	-74.240299	932.4208	-74.449877	950.5940	128.00
359	2	28	-83.128357	930.8290	-83.366968	949.2743	124.00
359	3	28	-83.098676	928.5597	-83.308254	944.7019	124.00
359	4	28	-83.098676	928.5597	-83.308254	944.7019	124.00
360	2	25	-74.257997	933.9420	-74.484861	953.6620	123.00
360	3	25	-74.240299	932.4208	-74.449877	950.5940	123.00
360	4	25	-74.240299	932.4208	-74.449877	950.5940	123.00
361	2	28	-82.836922	908.7857	-82.908864	914.1782	145.00
361	3	28	-83.099160	928.5967	-83.309222	944.7771	144.00
361	4	28	-83.098676	928.5597	-83.308254	944.7019	144.00
362	2	24	-71.018971	910.1726	-71.084128	915.8802	110.00
362	3	24	-70.986960	907.3817	-71.020931	910.3438	110.00
362	4	24	-70.986960	907.3817	-71.020931	910.3438	110.00
363	2	27	-79.873570	908.4068	-79.935133	913.1886	141.00
363	3	27	-80.146367	929.7881	-80.356429	946.5946	140.00
363	4	27	-80.145883	929.7497	-80.355462	946.5166	140.00
364	2	26	-77.225666	933.7227	-77.467146	953.9061	122.00
364	3	26	-77.193091	931.0329	-77.402670	948.4747	122.00
364	4	26	-77.193091	931.0329	-77.402670	948.4747	122.00
365	2	31	-91.699161	907.8988	-91.774939	913.0234	149.00
365	3	31	-91.957537	925.4909	-92.167599	940.0444	148.00
365	4	31	-91.957053	925.4577	-92.166632	939.9768	148.00
366	2	27	-80.189313	933.1996	-80.441113	953.4556	132.00
366	3	27	-80.145883	929.7497	-80.355462	946.5166	132.00
366	4	27	-80.145883	929.7497	-80.355462	946.5166	132.00
367	2	28	-82.827809	908.1049	-82.890805	912.8216	136.00
367	3	28	-83.099160	928.5967	-83.309222	944.7771	135.00
367	4	28	-83.098676	928.5597	-83.308254	944.7019	135.00
368	2	28	-82.834085	908.5737	-82.903320	913.7615	143.00
368	3	28	-83.099160	928.5967	-83.309222	944.7771	142.00
368	4	28	-83.098676	928.5597	-83.308254	944.7019	142.00
369	2	25	-73.967017	909.2445	-74.027611	914.3331	126.00
369	3	25	-74.240782	932.4623	-74.450844	950.6787	125.00
369	4	25	-74.240299	932.4208	-74.449877	950.5940	125.00
370	2	25	-74.259447	934.0667	-74.487755	953.9161	124.00
370	3	25	-74.240299	932.4208	-74.449877	950.5940	124.00
370	4	25	-74.240299	932.4208	-74.449877	950.5940	124.00
371	2	30	-88.758272	909.0946	-88.845571	915.2063	148.00
371	3	30	-89.004745	926.4560	-89.214807	941.5142	147.00
371	4	30	-89.004261	926.4216	-89.213839	941.4443	147.00
372	2	28	-82.841642	909.1385	-82.918071	914.8706	133.00
372	3	28	-83.099160	928.5967	-83.309222	944.7771	132.00
372	4	28	-83.098676	928.5597	-83.308254	944.7019	132.00
373	2	26	-77.218513	933.1314	-77.453053	952.7162	124.00
373	3	26	-77.193091	931.0329	-77.402670	948.4747	124.00
373	4	26	-77.193091	931.0329	-77.402670	948.4747	124.00
374	2	27	-79.886436	909.4040	-79.960466	915.1636	134.00
374	3	27	-80.146367	929.7881	-80.356429	946.5946	133.00
374	4	27	-80.145883	929.7497	-80.355462	946.5166	133.00
375	2	28	-82.835050	908.6458	-82.905244	913.9061	135.00
375	3	28	-83.099160	928.5967	-83.309222	944.7771	134.00
375	4	28	-83.098676	928.5597	-83.308254	944.7019	134.00
376	2	25	-74.259446	934.0666	-74.487750	953.9157	126.00
376	3	25	-74.240299	932.4208	-74.449877	950.5940	126.00
376	4	25	-74.240299	932.4208	-74.449877	950.5940	126.00
377	2	31	-91.399102	887.8879	-91.299765	881.3607	160.00
377	3	31	-91.958021	925.5242	-92.168566	940.1119	158.00
377	4	31	-91.957053	925.4577	-92.166632	939.9768	158.00
378	2	30	-88.443410	887.3882	-88.341186	880.4530	154.00
378	3	30	-88.704199	905.3294	-88.738653	907.7266	153.00
378	4	30	-88.703715	905.2958	-88.737685	907.6593	153.00
379	2	30	-88.751592	908.6286	-88.832398	914.2815	154.00
379	3	30	-89.004745	926.4560	-89.214807	941.5142	153.00
379	4	30	-89.004261	926.4216	-89.213839	941.4443	153.00
380	2	29	-86.081148	929.6414	-86.319752	947.4214	148.00
380	3	29	-86.051468	927.4532	-86.261047	943.0156	148.00
380	4	29	-86.051468	927.4532	-86.261047	943.0156	148.00
381	2	28	-83.128836	930.8657	-83.367916	949.3483	125.00
381	3	28	-83.098676	928.5597	-83.308254	944.7019	125.00
381	4	28	-83.098676	928.5597	-83.308254	944.7019	125.00
382	2	28	-82.831701	908.3956	-82.898623	913.4086	147.00
382	3	28	-83.099160	928.5967	-83.309222	944.7771	146.00
382	4	28	-83.098676	928.5597	-83.308254	944.7019	146.00
383	2	26	-77.218511	933.1312	-77.453044	952.7155	118.00
383	3	26	-77.193091	931.0329	-77.402670	948.4747	118.00
383	4	26	-77.193091	931.0329	-77.402670	948.4747	118.00
384	2	25	-74.267563	934.7652	-74.503765	955.3238	111.00
384	3	25	-74.240299	932.4208	-74.449877	950.5940	111.00
384	4	25	-74.240299	932.4208	-74.449877	950.5940	111.00
385	2	26	-77.213201	932.6926	-77.442458	951.8227	125.00
385	3	26	-77.193091	931.0329	-77.402670	948.4747	125.00
385	4	26	-77.193091	931.0329	-77.402670	948.4747	125.00
386	2	26	-77.230890	934.1548	-77.477398	954.7725	127.00
386	3	26	-77.193091	931.0329	-77.402670	948.4747	127.00
386	4	26	-77.193091	931.0329	-77.402670	948.4747	127.00
387	2	27	-80.165517	931.3078	-80.394313	949.6578	141.00
387	3	27	-80.145883	929.7497	-80.355462	946.5166	141.00
387	4	27	-80.145883	929.7497	-80.355462	946.5166	141.00
388	2	25	-73.967986	909.3256	-74.029548	914.4962	137.00
388	3	25	-74.240782	932.4623	-74.450844	950.6787	136.00
388	4	25	-74.240299	932.4208	-74.449877	950.5940	136.00
389	2	26	-77.213206	932.6930	-77.442477	951.8244	126.00
389	3	26	-77.193091	931.0329	-77.402670	948.4747	126.00
389	4	26	-77.193091	931.0329	-77.402670	948.4747	126.00
390	2	29	-86.072065	928.9712	-86.301811	946.0727	144.00
390	3	29	-86.051468	927.4532	-86.261047	943.0156	144.00
390	4	29	-86.051468	927.4532	-86.261047	943.0156	144.00
391	2	27	-80.177011	932.2211	-80.417056	951.5015	128.00
391	3	27	-80.145883	929.7497	-80.355462	946.5166	128.00
391	4	27	-80.145883	929.7497	-80.355462	946.5166	128.00
392	2	30	-89.044391	929.2796	-89.293063	947.1863	142.00
392	3	30	-89.004261	926.4216	-89.213839	941.4443	142.00
392	4	30	-89.004261	926.4216	-89.213839	941.4443	142.00
393	2	25	-74.268047	934.8069	-74.504732	955.4089	125.00
393	3	25	-74.240299	932.4208	-74.449877	950.5940	125.00
393	4	25	-74.240299	932.4208	-74.449877	950.5940	125.00
394	2	26	-77.221805	933.4035	-77.459449	953.2560	127.00
394	3	26	-77.193091	931.0329	-77.402670	948.4747	127.00
394	4	26	-77.193091	931.0329	-77.402670	948.4747	127.00
395	2	27	-80.179017	932.3806	-80.421200	951.8378	140.00
395	3	27	-80.145883	929.7497	-80.355462	946.5166	140.00
395	4	27	-80.145883	929.7497	-80.355462	946.5166	140.00
396	2	27	-80.163582	931.1541	-80.390446	949.3447	140.00
396	3	27	-80.145883	929.7497	-80.355462	946.5166	140.00
396	4	27	-80.145883	929.7497	-80.355462	946.5166	140.00
397	2	30	-88.743473	908.0625	-88.816375	913.1578	146.00
397	3	30	-89.004745	926.4560	-89.214807	941.5142	145.00
397	4	30	-89.004261	926.4216	-89.213839	941.4443	145.00
398	2	30	-89.028716	928.1622	-89.262292	944.9520	147.00
398	3	30	-89.004261	926.4216	-89.213839	941.4443	147.00
398	4	30	-89.004261	926.4216	-89.213839	941.4443	147.00
399	2	27	-80.176531	932.1829	-80.416101	951.4241	113.00
399	3	27	-80.145883	929.7497	-80.355462	946.5166	113.00
399	4	27	-80.145883	929.7497	-80.355462	946.5166	113.00
400	2	32	-94.656210	907.8342	-94.736051	913.0648	150.00
400	3	32	-94.910330	924.5870	-95.120391	938.6685	149.00
400	4	32	-94.909846	924.5548	-95.119424	938.6031	149.00
401	2	26	-76.916988	908.5435	-76.974922	913.2169	129.00
401	3	26	-76.892545	906.5788	-76.926516	909.3104	129.00
401	4	26	-76.892545	906.5788	-76.926516	909.3104	129.00
402	2	29	-85.787844	908.2419	-85.858045	913.3184	133.00
402	3	29	-86.051952	927.4888	-86.262014	943.0880	132.00
402	4	29	-86.051468	927.4532	-86.261047	943.0156	132.00
403	2	27	-80.174600	932.0294	-80.412252	951.1118	124.00
403	3	27	-80.145883	929.7497	-80.355462	946.5166	124.00
403	4	27	-80.145883	929.7497	-80.355462	946.5166	124.00
404	2	31	-91.686699	907.0588	-91.750261	911.3514	159.00
404	3	31	-91.957537	925.4909	-92.167599	940.0444	158.00
404	4	31	-91.957053	925.4577	-92.166632	939.9768	158.00
405	2	28	-82.842218	909.1816	-82.919397	914.9704	137.00
405	3	28	-83.099160	928.5967	-83.309222	944.7771	136.00
405	4	28	-83.098676	928.5597	-83.308254	944.7019	136.00
406	2	30	-88.747256	908.3262	-88.823769	913.6762	144.00
406	3	30	-89.004745	926.4560	-89.214807	941.5142	143.00
406	4	30	-89.004261	926.4216	-89.213839	941.4443	143.00
407	2	27	-80.170338	931.6907	-80.403913	950.4356	140.00
407	3	27	-80.145883	929.7497	-80.355462	946.5166	140.00
407	4	27	-80.145883	929.7497	-80.355462	946.5166	140.00
408	2	29	-85.794546	908.7253	-85.871297	914.2800	137.00
408	3	29	-86.051952	927.4888	-86.262014	943.0880	136.00
408	4	29	-86.051468	927.4532	-86.261047	943.0156	136.00
409	2	26	-77.233222	934.3477	-77.481893	955.1527	119.00
409	3	26	-77.193091	931.0329	-77.402670	948.4747	119.00
409	4	26	-77.193091	931.0329	-77.402670	948.4747	119.00
410	2	27	-80.176530	932.1829	-80.416099	951.4239	128.00
410	3	27	-80.145883	929.7497	-80.355462	946.5166	128.00
410	4	27	-80.145883	929.7497	-80.355462	946.5166	128.00
411	2	27	-79.873086	908.3693	-79.934163	913.1131	130.00
411	3	27	-80.146367	929.7881	-80.356429	946.5946	129.00
411	4	27	-80.145883	929.7497	-80.355462	946.5166	129.00
412	2	25	-74.264742	934.5223	-74.498284	954.8416	124.00
412	3	25	-74.240299	932.4208	-74.449877	950.5940	124.00
412	4	25	-74.240299	932.4208	-74.449877	950.5940	124.00
413	2	33	-97.613269	907.7742	-97.697203	913.1062	160.00
413	3	33	-97.863122	923.7387	-98.073184	937.3778	159.00
413	4	33	-97.862638	923.7075	-98.072217	937.3145	159.00
414	2	30	-88.744440	908.1300	-88.818307	913.2932	147.00
414	3	30	-89.004745	926.4560	-89.214807	941.5142	146.00
414	4	30	-89.004261	926.4216	-89.213839	941.4443	146.00
415	2	30	-88.743470	908.0623	-88.816364	913.1570	145.00
415	3	30	-89.004745	926.4560	-89.214807	941.5142	144.00
415	4	30	-89.004261	926.4216	-89.213839	941.4443	144.00
416	2	29	-85.783019	907.8940	-85.848426	912.6212	151.00
416	3	29	-86.051952	927.4888	-86.262014	943.0880	150.00
416	4	29	-86.051468	927.4532	-86.261047	943.0156	150.00
417	2	26	-76.935090	910.0011	-77.010554	916.1031	126.00
417	3	26	-77.193575	931.0728	-77.403637	948.5560	125.00
417	4	26	-77.193091	931.0329	-77.402670	948.4747	125.00
418	2	26	-76.920775	908.8482	-76.982327	913.8160	130.00
418	3	26	-77.193575	931.0728	-77.403637	948.5560	129.00
418	4	26	-77.193091	931.0329	-77.402670	948.4747	129.00
419	2	26	-77.213206	932.6929	-77.442475	951.8242	125.00
419	3	26	-77.193091	931.0329	-77.402670	948.4747	125.00
419	4	26	-77.193091	931.0329	-77.402670	948.4747	125.00
420	2	23	-68.355792	937.5425	-68.586015	959.4021	128.00
420	3	23	-68.334714	935.5662	-68.544292	955.4030	128.00
420	4	23	-68.334714	935.5662	-68.544292	955.4030	128.00
421	2	28	-82.831220	908.3597	-82.897668	913.3369	132.00
421	3	28	-83.099160	928.5967	-83.309222	944.7771	131.00
421	4	28	-83.098676	928.5597	-83.308254	944.7019	131.00
422	2	28	-83.115407	929.8382	-83.341304	947.2730	140.00
422	3	28	-83.098676	928.5597	-83.308254	944.7019	140.00
422	4	28	-83.098676	928.5597	-83.308254	944.7019	140.00
423	2	25	-74.257997	933.9420	-74.484861	953.6620	126.00
423	3	25	-74.240299	932.4208	-74.449877	950.5940	126.00
423	4	25	-74.240299	932.4208	-74.449877	950.5940	126.00
424	2	29	-85.791645	908.5160	-85.865506	913.8597	147.00
424	3	29	-86.051952	927.4888	-86.262014	943.0880	146.00
424	4	29	-86.051468	927.4532	-86.261047	943.0156	146.00
425	2	32	-94.961962	928.0285	-95.222388	945.5829	155.00
425	3	32	-94.909846	924.5548	-95.119424	938.6031	155.00
425	4	32	-94.909846	924.5548	-95.119424	938.6031	155.00
426	2	26	-77.220840	933.3237	-77.457525	953.0936	133.00
426	3	26	-77.193091	931.0329	-77.402670	948.4747	133.00
426	4	26	-77.193091	931.0329	-77.402670	948.4747	133.00
427	2	26	-77.218502	933.1305	-77.453011	952.7127	138.00
427	3	26	-77.193091	931.0329	-77.402670	948.4747	138.00
427	4	26	-77.193091	931.0329	-77.402670	948.4747	138.00
428	2	29	-85.797895	908.9669	-85.877918	914.7607	130.00
428	3	29	-86.051952	927.4888	-86.262014	943.0880	129.00
428	4	29	-86.051468	927.4532	-86.261047	943.0156	129.00
429	2	29	-86.095949	930.7345	-86.348954	949.6206	133.00
429	3	29	-86.051468	927.4532	-86.261047	943.0156	133.00
429	4	29	-86.051468	927.4532	-86.261047	943.0156	133.00
430	2	29	-85.798316	908.9974	-85.878641	914.8132	135.00
430	3	29	-86.051952	927.4888	-86.262014	943.0880	134.00
430	4	29	-86.051468	927.4532	-86.261047	943.0156	134.00
431	2	26	-77.220356	933.2837	-77.456558	953.0120	133.00
431	3	26	-77.193091	931.0329	-77.402670	948.4747	133.00
431	4	26	-77.193091	931.0329	-77.402670	948.4747	133.00
432	2	25	-74.260895	934.1913	-74.490641	954.1698	133.00
432	3	25	-74.240299	932.4208	-74.449877	950.5940	133.00
432	4	25	-74.240299	932.4208	-74.449877	950.5940	133.00
433	2	27	-80.171303	931.7674	-80.405837	950.5916	131.00
433	3	27	-80.145883	929.7497	-80.355462	946.5166	131.00
433	4	27	-80.145883	929.7497	-80.355462	946.5166	131.00
434	2	24	-71.308584	935.8171	-71.538805	956.7172	119.00
434	3	24	-71.287506	933.9266	-71.497085	952.8953	119.00
434	4	24	-71.287506	933.9266	-71.497085	952.8953	119.00
435	2	27	-79.875014	908.5187	-79.938002	913.4121	126.00
435	3	27	-80.146367	929.7881	-80.356429	946.5946	125.00
435	4	27	-80.145883	929.7497	-80.355462	946.5166	125.00
436	2	29	-86.071585	928.9358	-86.300861	946.0014	136.00
436	3	29	-86.051468	927.4532	-86.261047	943.0156	136.00
436	4	29	-86.051468	927.4532	-86.261047	943.0156	136.00
437	2	26	-77.224620	933.6362	-77.464909	953.7171	128.00
437	3	26	-77.193091	931.0329	-77.402670	948.4747	128.00
437	4	26	-77.193091	931.0329	-77.402670	948.4747	128.00
438	2	28	-82.835957	908.7136	-82.906940	914.0336	142.00
438	3	28	-83.099160	928.5967	-83.309222	944.7771	141.00
438	4	28	-83.098676	928.5597	-83.308254	944.7019	141.00
439	2	27	-80.169375	931.6142	-80.401998	950.2804	134.00
439	3	27	-80.145883	929.7497	-80.355462	946.5166	134.00
439	4	27	-80.145883	929.7497	-80.355462	946.5166	134.00
440	2	32	-94.339911	887.4057	-94.228828	880.3409	174.00
440	3	32	-94.609783	904.8065	-94.644237	907.0525	173.00
440	4	32	-94.609300	904.7750	-94.643270	906.9894	173.00
441	2	25	-74.267564	934.7652	-74.503767	955.3240	105.00
441	3	25	-74.240299	932.4208	-74.449877	950.5940	105.00
441	4	25	-74.240299	932.4208	-74.449877	950.5940	105.00
442	2	27	-80.185137	932.8674	-80.433109	952.8050	126.00
442	3	27	-80.145883	929.7497	-80.355462	946.5166	126.00
442	4	27	-80.145883	929.7497	-80.355462	946.5166	126.00
443	2	27	-79.881291	909.0051	-79.950523	914.3879	132.00
443	3	27	-80.146367	929.7881	-80.356429	946.5946	131.00
443	4	27	-80.145883	929.7497	-80.355462	946.5166	131.00
444	2	29	-85.787858	908.2429	-85.858099	913.3224	143.00
444	3	29	-86.051952	927.4888	-86.262014	943.0880	142.00
444	4	29	-86.051468	927.4532	-86.261047	943.0156	142.00
445	2	27	-80.174597	932.0292	-80.412241	951.1109	125.00
445	3	27	-80.145883	929.7497	-80.355462	946.5166	125.00
445	4	27	-80.145883	929.7497	-80.355462	946.5166	125.00
446	2	30	-88.738735	907.7324	-88.807101	912.5080	149.00
446	3	30	-89.004745	926.4560	-89.214807	941.5142	148.00
446	4	30	-89.004261	926.4216	-89.213839	941.4443	148.00
447	2	26	-77.217534	933.0505	-77.451076	952.5495	116.00
447	3	26	-77.193091	931.0329	-77.402670	948.4747	116.00
447	4	26	-77.193091	931.0329	-77.402670	948.4747	116.00
448	2	29	-85.786384	908.1366	-85.855107	913.1054	145.00
448	3	29	-86.051952	927.4888	-86.262014	943.0880	144.00
448	4	29	-86.051468	927.4532	-86.261047	943.0156	144.00
449	2	24	-71.315739	936.4598	-71.552909	958.0126	129.00
449	3	24	-71.287506	933.9266	-71.497085	952.8953	129.00
449	4	24	-71.287506	933.9266	-71.497085	952.8953	129.00
450	2	28	-83.116859	929.9492	-83.344206	947.4991	150.00
450	3	28	-83.098676	928.5597	-83.308254	944.7019	150.00
450	4	28	-83.098676	928.5597	-83.308254	944.7019	150.00
451	2	30	-88.751592	908.6286	-88.832398	914.2815	151.00
451	3	30	-89.004745	926.4560	-89.214807	941.5142	150.00
451	4	30	-89.004261	926.4216	-89.213839	941.4443	150.00
452	2	25	-74.266686	934.6897	-74.502186	955.1849	122.00
452	3	25	-74.240299	932.4208	-74.449877	950.5940	122.00
452	4	25	-74.240299	932.4208	-74.449877	950.5940	122.00
453	2	31	-91.403839	888.2003	-91.309037	881.9679	152.00
453	3	31	-91.958021	925.5242	-92.168566	940.1119	150.00
453	4	31	-91.957053	925.4577	-92.166632	939.9768	150.00
454	2	27	-80.177982	932.2983	-80.419003	951.6595	129.00
454	3	27	-80.145883	929.7497	-80.355462	946.5166	129.00
454	4	27	-80.145883	929.7497	-80.355462	946.5166	129.00
455	2	30	-88.743957	908.0963	-88.817344	913.2257	150.00
455	3	30	-89.004745	926.4560	-89.214807	941.5142	149.00
455	4	30	-89.004261	926.4216	-89.213839	941.4443	149.00
456	2	32	-94.651472	907.5248	-94.726777	912.4557	155.00
456	3	32	-94.910330	924.5870	-95.120391	938.6685	154.00
456	4	32	-94.909846	924.5548	-95.119424	938.6031	154.00
457	2	26	-76.922224	908.9648	-76.985218	914.0500	124.00
457	3	26	-77.193575	931.0728	-77.403637	948.5560	123.00
457	4	26	-77.193091	931.0329	-77.402670	948.4747	123.00
458	2	25	-74.269977	934.9731	-74.508580	955.7476	110.00
458	3	25	-74.240299	932.4208	-74.449877	950.5940	110.00
458	4	25	-74.240299	932.4208	-74.449877	950.5940	110.00
459	2	30	-88.744921	908.1635	-88.819264	913.3603	152.00
459	3	30	-89.004745	926.4560	-89.214807	941.5142	151.00
459	4	30	-89.004261	926.4216	-89.213839	941.4443	151.00
460	2	27	-80.167928	931.4992	-80.399113	950.0466	137.00
460	3	27	-80.145883	929.7497	-80.355462	946.5166	137.00
460	4	27	-80.145883	929.7497	-80.355462	946.5166	137.00
461	2	25	-74.268531	934.8485	-74.505700	955.4940	122.00
461	3	25	-74.240299	932.4208	-74.449877	950.5940	122.00
461	4	25	-74.240299	932.4208	-74.449877	950.5940	122.00
462	2	26	-77.210305	932.4534	-77.436684	951.3362	123.00
462	3	26	-77.193091	931.0329	-77.402670	948.4747	123.00
462	4	26	-77.193091	931.0329	-77.402670	948.4747	123.00
463	2	28	-83.119752	930.1706	-83.349971	947.9484	131.00
463	3	28	-83.098676	928.5597	-83.308254	944.7019	131.00
463	4	28	-83.098676	928.5597	-83.308254	944.7019	131.00
464	2	31	-91.995814	928.1259	-92.243273	945.3431	145.00
464	3	31	-91.957053	925.4577	-92.166632	939.9768	145.00
464	4	31	-91.957053	925.4577	-92.166632	939.9768	145.00
465	2	26	-76.924157	909.1204	-76.989077	914.3623	131.00
465	3	26	-77.193575	931.0728	-77.403637	948.5560	130.00
465	4	26	-77.193091	931.0329	-77.402670	948.4747	130.00
466	2	31	-91.715885	909.0273	-91.807959	915.2655	148.00
466	3	31	-91.957537	925.4909	-92.167599	940.0444	147.00
466	4	31	-91.957053	925.4577	-92.166632	939.9768	147.00
467	2	31	-91.990519	927.7609	-92.232744	944.6041	150.00
467	3	31	-91.957053	925.4577	-92.166632	939.9768	150.00
467	4	31	-91.957053	925.4577	-92.166632	939.9768	150.00
468	2	26	-77.210305	932.4534	-77.436684	951.3362	132.00
468	3	26	-77.193091	931.0329	-77.402670	948.4747	132.00
468	4	26	-77.193091	931.0329	-77.402670	948.4747	132.00
469	2	27	-79.885468	909.3290	-79.958531	915.0126	129.00
469	3	27	-80.146367	929.7881	-80.356429	946.5946	128.00
469	4	27	-80.145883	929.7497	-80.355462	946.5166	128.00
470	2	28	-82.835957	908.7136	-82.906940	914.0336	135.00
470	3	28	-83.099160	928.5967	-83.309222	944.7771	134.00
470	4	28	-83.098676	928.5597	-83.308254	944.7019	134.00
471	2	29	-86.100290	931.0554	-86.357606	950.2732	142.00
471	3	29	-86.051468	927.4532	-86.261047	943.0156	142.00
471	4	29	-86.051468	927.4532	-86.261047	943.0156	142.00
472	2	25	-74.268047	934.8069	-74.504732	955.4089	127.00
472	3	25	-74.240299	932.4208	-74.449877	950.5940	127.00
472	4	25	-74.240299	932.4208	-74.449877	950.5940	127.00
473	2	25	-74.258481	933.9836	-74.485826	953.7467	128.00
473	3	25	-74.240299	932.4208	-74.449877	950.5940	128.00
473	4	25	-74.240299	932.4208	-74.449877	950.5940	128.00
474	2	27	-79.882197	909.0754	-79.952215	914.5199	142.00
474	3	27	-80.146367	929.7881	-80.356429	946.5946	141.00
474	4	27	-80.145883	929.7497	-80.355462	946.5166	141.00
475	2	30	-88.733396	907.3605	-88.796399	911.7588	153.00
475	3	30	-89.004745	926.4560	-89.214807	941.5142	152.00
475	4	30	-89.004261	926.4216	-89.213839	941.4443	152.00
476	2	30	-88.722865	906.6274	-88.775569	910.3023	146.00
476	3	30	-88.703715	905.2958	-88.737685	907.6593	146.00
476	4	30	-88.703715	905.2958	-88.737685	907.6593	146.00
477	2	30	-88.741543	907.9280	-88.812527	912.8882	147.00
477	3	30	-89.004745	926.4560	-89.214807	941.5142	146.00
477	4	30	-89.004261	926.4216	-89.213839	941.4443	146.00
478	2	26	-76.927050	909.3534	-76.994840	914.8291	137.00
478	3	26	-77.193575	931.0728	-77.403637	948.5560	136.00
478	4	26	-77.193091	931.0329	-77.402670	948.4747	136.00
479	2	28	-83.119272	930.1338	-83.349019	947.8741	136.00
479	3	28	-83.098676	928.5597	-83.308254	944.7019	136.00
479	4	28	-83.098676	928.5597	-83.308254	944.7019	136.00
480	2	25	-74.259930	934.1083	-74.488720	954.0009	117.00
480	3	25	-74.240299	932.4208	-74.449877	950.5940	117.00
480	4	25	-74.240299	932.4208	-74.449877	950.5940	117.00
481	2	26	-77.213685	932.7325	-77.443423	951.9041	126.00
481	3	26	-77.193091	931.0329	-77.402670	948.4747	126.00
481	4	26	-77.193091	931.0329	-77.402670	948.4747	126.00
482	2	26	-77.219958	933.2508	-77.455927	952.9588	112.00
482	3	26	-77.193091	931.0329	-77.402670	948.4747	112.00
482	4	26	-77.193091	931.0329	-77.402670	948.4747	112.00
483	2	29	-85.778671	907.5806	-85.839748	911.9926	142.00
483	3	29	-86.051952	927.4888	-86.262014	943.0880	141.00
483	4	29	-86.051468	927.4532	-86.261047	943.0156	141.00
484	2	29	-85.797809	908.9608	-85.877585	914.7366	145.00
484	3	29	-86.051952	927.4888	-86.262014	943.0880	144.00
484	4	29	-86.051468	927.4532	-86.261047	943.0156	144.00
485	2	27	-80.180377	932.4887	-80.423742	952.0442	123.00
485	3	27	-80.145883	929.7497	-80.355462	946.5166	123.00
485	4	27	-80.145883	929.7497	-80.355462	946.5166	123.00
486	2	29	-86.085010	929.9265	-86.327456	948.0010	144.00
486	3	29	-86.051468	927.4532	-86.261047	943.0156	144.00
486	4	29	-86.051468	927.4532	-86.261047	943.0156	144.00
487	2	29	-86.092567	930.4846	-86.342205	949.1119	139.00
487	3	29	-86.051468	927.4532	-86.261047	943.0156	139.00
487	4	29	-86.051468	927.4532	-86.261047	943.0156	139.00
488	2	27	-80.165513	931.3074	-80.394294	949.6563	130.00
488	3	27	-80.145883	929.7497	-80.355462	946.5166	130.00
488	4	27	-80.145883	929.7497	-80.355462	946.5166	130.00
489	2	29	-86.081710	929.6829	-86.321028	947.5174	145.00
489	3	29	-86.051468	927.4532	-86.261047	943.0156	145.00
489	4	29	-86.051468	927.4532	-86.261047	943.0156	145.00
490	2	28	-82.839336	908.9662	-82.913679	914.5402	138.00
490	3	28	-83.099160	928.5967	-83.309222	944.7771	137.00
490	4	28	-83.098676	928.5597	-83.308254	944.7019	137.00
491	2	27	-80.171295	931.7668	-80.405803	950.5888	124.00
491	3	27	-80.145883	929.7497	-80.355462	946.5166	124.00
491	4	27	-80.145883	929.7497	-80.355462	946.5166	124.00
492	2	26	-76.925603	909.2369	-76.991959	914.5958	134.00
492	3	26	-77.193575	931.0728	-77.403637	948.5560	133.00
492	4	26	-77.193091	931.0329	-77.402670	948.4747	133.00
493	2	31	-91.685224	906.9595	-91.747270	911.1489	155.00
493	3	31	-91.957537	925.4909	-92.167599	940.0444	154.00
493	4	31	-91.957053	925.4577	-92.166632	939.9768	154.00
494	2	26	-77.213688	932.7328	-77.443436	951.9052	117.00
494	3	26	-77.193091	931.0329	-77.402670	948.4747	117.00
494	4	26	-77.193091	931.0329	-77.402670	948.4747	117.00
495	2	30	-88.457307	888.3353	-88.368701	882.3144	151.00
495	3	30	-89.005229	926.4905	-89.215774	941.5841	149.00
495	4	30	-89.004261	926.4216	-89.213839	941.4443	149.00
496	2	29	-85.793495	908.6495	-85.869042	914.1163	138.00
496	3	29	-86.051952	927.4888	-86.262014	943.0880	137.00
496	4	29	-86.051468	927.4532	-86.261047	943.0156	137.00
497	2	30	-88.734390	907.4297	-88.798436	911.9014	147.00
497	3	30	-89.004745	926.4560	-89.214807	941.5142	146.00
497	4	30	-89.004261	926.4216	-89.213839	941.4443	146.00
498	2	26	-76.936057	910.0790	-77.012486	916.2599	130.00
498	3	26	-77.193575	931.0728	-77.403637	948.5560	129.00
498	4	26	-77.193091	931.0329	-77.402670	948.4747	129.00
499	2	25	-73.969429	909.4465	-74.032417	914.7380	125.00
499	3	25	-74.240782	932.4623	-74.450844	950.6787	124.00
499	4	25	-74.240299	932.4208	-74.449877	950.5940	124.00
500	2	26	-77.212722	932.6530	-77.441510	951.7428	127.00
500	3	26	-77.193091	931.0329	-77.402670	948.4747	127.00
500	4	26	-77.193091	931.0329	-77.402670	948.4747	127.00
501	2	24	-71.308584	935.8171	-71.538805	956.7172	132.00
501	3	24	-71.287506	933.9266	-71.497085	952.8953	132.00
501	4	24	-71.287506	933.9266	-71.497085	952.8953	132.00
502	2	28	-82.546426	887.3330	-82.452583	880.5117	143.00
502	3	28	-83.099644	928.6336	-83.310189	944.8522	141.00
502	4	28	-83.098676	928.5597	-83.308254	944.7019	141.00
503	2	24	-71.308100	935.7737	-71.537838	956.6284	111.00
503	3	24	-71.287506	933.9266	-71.497085	952.8953	111.00
503	4	24	-71.287506	933.9266	-71.497085	952.8953	111.00
504	2	26	-77.211273	932.5333	-77.438619	951.4992	131.00
504	3	26	-77.193091	931.0329	-77.402670	948.4747	131.00
504	4	26	-77.193091	931.0329	-77.402670	948.4747	131.00
505	2	28	-82.838428	908.8983	-82.911978	914.4123	131.00
505	3	28	-83.099160	928.5967	-83.309222	944.7771	130.00
505	4	28	-83.098676	928.5597	-83.308254	944.7019	130.00
506	2	29	-85.498735	887.6305	-85.404408	881.0075	137.00
506	3	29	-86.052436	927.5245	-86.262981	943.1604	135.00
506	4	29	-86.051468	927.4532	-86.261047	943.0156	135.00
507	2	29	-86.091684	930.4194	-86.340605	948.9913	141.00
507	3	29	-86.051468	927.4532	-86.261047	943.0156	141.00
507	4	29	-86.051468	927.4532	-86.261047	943.0156	141.00
508	2	26	-77.229928	934.0752	-77.475489	954.6111	124.00
508	3	26	-77.193091	931.0329	-77.402670	948.4747	124.00
508	4	26	-77.193091	931.0329	-77.402670	948.4747	124.00
509	2	26	-77.215132	932.8520	-77.446306	952.1471	132.00
509	3	26	-77.193091	931.0329	-77.402670	948.4747	132.00
509	4	26	-77.193091	931.0329	-77.402670	948.4747	132.00
510	2	29	-86.072546	929.0067	-86.302770	946.1447	134.00
510	3	29	-86.051468	927.4532	-86.261047	943.0156	134.00
510	4	29	-86.051468	927.4532	-86.261047	943.0156	134.00
511	2	29	-85.789715	908.3768	-85.861656	913.5804	142.00
511	3	29	-86.051952	927.4888	-86.262014	943.0880	141.00
511	4	29	-86.051468	927.4532	-86.261047	943.0156	141.00
512	2	28	-82.838371	908.8940	-82.911755	914.3956	136.00
512	3	28	-83.099160	928.5967	-83.309222	944.7771	135.00
512	4	28	-83.098676	928.5597	-83.308254	944.7019	135.00
513	2	28	-83.121206	930.2818	-83.352881	948.1753	147.00
513	3	28	-83.098676	928.5597	-83.308254	944.7019	147.00
513	4	28	-83.098676	928.5597	-83.308254	944.7019	147.00
514	2	29	-86.069651	928.7932	-86.296998	945.7113	151.00
514	3	29	-86.051468	927.4532	-86.261047	943.0156	151.00
514	4	29	-86.051468	927.4532	-86.261047	943.0156	151.00
515	2	28	-83.139290	931.6662	-83.388443	950.9522	134.00
515	3	28	-83.098676	928.5597	-83.308254	944.7019	134.00
515	4	28	-83.098676	928.5597	-83.308254	944.7019	134.00
516	2	28	-82.832639	908.4657	-82.900444	913.5454	144.00
516	3	28	-83.099160	928.5967	-83.309222	944.7771	143.00
516	4	28	-83.098676	928.5597	-83.308254	944.7019	143.00
517	2	28	-83.118309	930.0601	-83.347101	947.7247	118.00
517	3	28	-83.098676	928.5597	-83.308254	944.7019	118.00
517	4	28	-83.098676	928.5597	-83.308254	944.7019	118.00
518	2	29	-85.190555	866.1744	-84.913207	847.3086	149.00
518	3	29	-85.751890	905.6528	-85.786827	908.1686	147.00
518	4	29	-85.750922	905.5832	-85.784893	908.0291	147.00
519	2	30	-88.450639	887.8807	-88.355578	881.4261	147.00
519	3	30	-89.005229	926.4905	-89.215774	941.5841	145.00
519	4	30	-89.004261	926.4216	-89.213839	941.4443	145.00
520	2	26	-77.223171	933.5165	-77.462020	953.4731	122.00
520	3	26	-77.193091	931.0329	-77.402670	948.4747	122.00
520	4	26	-77.193091	931.0329	-77.402670	948.4747	122.00
521	2	24	-71.017607	910.0535	-71.081568	915.6553	124.00
521	3	24	-71.287990	933.9700	-71.498052	952.9838	123.00
521	4	24	-71.287506	933.9266	-71.497085	952.8953	123.00
522	2	28	-82.836896	908.7838	-82.908763	914.1706	136.00
522	3	28	-83.099160	928.5967	-83.309222	944.7771	135.00
522	4	28	-83.098676	928.5597	-83.308254	944.7019	135.00
523	2	29	-86.093533	930.5560	-86.344135	949.2573	132.00
523	3	29	-86.051468	927.4532	-86.261047	943.0156	132.00
523	4	29	-86.051468	927.4532	-86.261047	943.0156	132.00
524	2	29	-85.804030	909.4098	-85.889883	915.6302	139.00
524	3	29	-86.051952	927.4888	-86.262014	943.0880	138.00
524	4	29	-86.051468	927.4532	-86.261047	943.0156	138.00
525	2	26	-76.920775	908.8482	-76.982327	913.8160	127.00
525	3	26	-77.193575	931.0728	-77.403637	948.5560	126.00
525	4	26	-77.193091	931.0329	-77.402670	948.4747	126.00
526	2	27	-80.177415	932.2532	-80.417712	951.5547	142.00
526	3	27	-80.145883	929.7497	-80.355462	946.5166	142.00
526	4	27	-80.145883	929.7497	-80.355462	946.5166	142.00
527	2	28	-83.128359	930.8291	-83.366974	949.2748	140.00
527	3	28	-83.098676	928.5597	-83.308254	944.7019	140.00
527	4	28	-83.098676	928.5597	-83.308254	944.7019	140.00
528	2	26	-77.222770	933.4833	-77.461372	953.4185	115.00
528	3	26	-77.193091	931.0329	-77.402670	948.4747	115.00
528	4	26	-77.193091	931.0329	-77.402670	948.4747	115.00
529	2	25	-74.268047	934.8069	-74.504732	955.4089	122.00
529	3	25	-74.240299	932.4208	-74.449877	950.5940	122.00
529	4	25	-74.240299	932.4208	-74.449877	950.5940	122.00
530	2	25	-74.272797	935.2159	-74.514057	956.2298	123.00
530	3	25	-74.240299	932.4208	-74.449877	950.5940	123.00
530	4	25	-74.240299	932.4208	-74.449877	950.5940	123.00
531	2	24	-71.312917	936.2063	-71.547426	957.5087	126.00
531	3	24	-71.287506	933.9266	-71.497085	952.8953	126.00
531	4	24	-71.287506	933.9266	-71.497085	952.8953	126.00
532	2	29	-85.780604	907.7199	-85.843606	912.2720	134.00
532	3	29	-86.051952	927.4888	-86.262014	943.0880	133.00
532	4	29	-86.051468	927.4532	-86.261047	943.0156	133.00
533	2	24	-71.304237	935.4270	-71.530134	955.9216	117.00
533	3	24	-71.287506	933.9266	-71.497085	952.8953	117.00
533	4	24	-71.287506	933.9266	-71.497085	952.8953	117.00
534	2	25	-74.268531	934.8485	-74.505700	955.4940	140.00
534	3	25	-74.240299	932.4208	-74.449877	950.5940	140.00
534	4	25	-74.240299	932.4208	-74.449877	950.5940	140.00
535	2	28	-83.129806	930.9399	-83.369859	949.5000	147.00
535	3	28	-83.098676	928.5597	-83.308254	944.7019	147.00
535	4	28	-83.098676	928.5597	-83.308254	944.7019	147.00
536	2	24	-71.309555	935.9043	-71.540753	956.8959	119.00
536	3	24	-71.287506	933.9266	-71.497085	952.8953	119.00
536	4	24	-71.287506	933.9266	-71.497085	952.8953	119.00
537	2	27	-80.163582	931.1541	-80.390444	949.3445	129.00
537	3	27	-80.145883	929.7497	-80.355462	946.5166	129.00
537	4	27	-80.145883	929.7497	-80.355462	946.5166	129.00
538	2	29	-86.087831	930.1348	-86.332939	948.4139	134.00
538	3	29	-86.051468	927.4532	-86.261047	943.0156	134.00
538	4	29	-86.051468	927.4532	-86.261047	943.0156	134.00
539	2	27	-80.166480	931.3842	-80.396226	949.8128	151.00
539	3	27	-80.145883	929.7497	-80.355462	946.5166	151.00
539	4	27	-80.145883	929.7497	-80.355462	946.5166	151.00
540	2	26	-77.222366	933.4499	-77.460719	953.3632	125.00
540	3	26	-77.193091	931.0329	-77.402670	948.4747	125.00
540	4	26	-77.193091	931.0329	-77.402670	948.4747	125.00
541	2	27	-80.174192	931.9970	-80.411583	951.0575	138.00
541	3	27	-80.145883	929.7497	-80.355462	946.5166	138.00
541	4	27	-80.145883	929.7497	-80.355462	946.5166	138.00
542	2	24	-71.305686	935.5570	-71.533023	956.1866	114.00
542	3	24	-71.287506	933.9266	-71.497085	952.8953	114.00
542	4	24	-71.287506	933.9266	-71.497085	952.8953	114.00
543	2	26	-77.210790	932.4934	-77.437654	951.4179	142.00
543	3	26	-77.193091	931.0329	-77.402670	948.4747	142.00
543	4	26	-77.193091	931.0329	-77.402670	948.4747	142.00
544	2	31	-91.986254	927.4671	-92.224389	944.0180	148.00
544	3	31	-91.957053	925.4577	-92.166632	939.9768	148.00
544	4	31	-91.957053	925.4577	-92.166632	939.9768	148.00
545	2	28	-83.131251	931.0505	-83.372731	949.7243	132.00
545	3	28	-83.098676	928.5597	-83.308254	944.7019	132.00
545	4	28	-83.098676	928.5597	-83.308254	944.7019	132.00
546	2	31	-91.693851	907.5408	-91.764352	912.3057	161.00
546	3	31	-91.957537	925.4909	-92.167599	940.0444	160.00
546	4	31	-91.957053	925.4577	-92.166632	939.9768	160.00
547	2	32	-94.656210	907.8342	-94.736051	913.0648	149.00
547	3	32	-94.910330	924.5870	-95.120391	938.6685	148.00
547	4	32	-94.909846	924.5548	-95.119424	938.6031	148.00
548	2	33	-97.603784	907.1736	-97.678615	911.9227	149.00
548	3	33	-97.863122	923.7387	-98.073184	937.3778	148.00
548	4	33	-97.862638	923.7075	-98.072217	937.3145	148.00
549	2	30	-88.453944	888.1060	-88.362026	881.8625	141.00
549	3	30	-89.005229	926.4905	-89.215774	941.5841	139.00
549	4	30	-89.004261	926.4216	-89.213839	941.4443	139.00
550	2	25	-74.272313	935.1742	-74.513090	956.1446	131.00
550	3	25	-74.240299	932.4208	-74.449877	950.5940	131.00
550	4	25	-74.240299	932.4208	-74.449877	950.5940	131.00
551	2	27	-80.170339	931.6908	-80.403915	950.4358	130.00
551	3	27	-80.145883	929.7497	-80.355462	946.5166	130.00
551	4	27	-80.145883	929.7497	-80.355462	946.5166	130.00
552	2	26	-76.928499	909.4701	-76.997731	915.0634	121.00
552	3	26	-77.193575	931.0728	-77.403637	948.5560	120.00
552	4	26	-77.193091	931.0329	-77.402670	948.4747	120.00
553	2	26	-77.210790	932.4934	-77.437654	951.4179	117.00
553	3	26	-77.193091	931.0329	-77.402670	948.4747	117.00
553	4	26	-77.193091	931.0329	-77.402670	948.4747	117.00
554	2	28	-83.119272	930.1338	-83.349019	947.8741	150.00
554	3	28	-83.098676	928.5597	-83.308254	944.7019	150.00
554	4	28	-83.098676	928.5597	-83.308254	944.7019	150.00
555	2	26	-76.925122	909.1981	-76.991001	914.5181	129.00
555	3	26	-77.193575	931.0728	-77.403637	948.5560	128.00
555	4	26	-77.193091	931.0329	-77.402670	948.4747	128.00
556	2	26	-77.224139	933.5965	-77.463954	953.6365	132.00
556	3	26	-77.193091	931.0329	-77.402670	948.4747	132.00
556	4	26	-77.193091	931.0329	-77.402670	948.4747	132.00
557	2	27	-80.166962	931.4225	-80.397185	949.8904	133.00
557	3	27	-80.145883	929.7497	-80.355462	946.5166	133.00
557	4	27	-80.145883	929.7497	-80.355462	946.5166	133.00
558	2	29	-85.808366	909.7230	-85.898512	916.2577	142.00
558	3	29	-86.051952	927.4888	-86.262014	943.0880	141.00
558	4	29	-86.051468	927.4532	-86.261047	943.0156	141.00
559	2	29	-85.800730	909.1716	-85.883453	915.1629	143.00
559	3	29	-86.051952	927.4888	-86.262014	943.0880	142.00
559	4	29	-86.051468	927.4532	-86.261047	943.0156	142.00
560	2	28	-82.840703	909.0683	-82.916250	914.7336	143.00
560	3	28	-83.099160	928.5967	-83.309222	944.7771	142.00
560	4	28	-83.098676	928.5597	-83.308254	944.7019	142.00
561	2	25	-74.260895	934.1913	-74.490641	954.1698	126.00
561	3	25	-74.240299	932.4208	-74.449877	950.5940	126.00
561	4	25	-74.240299	932.4208	-74.449877	950.5940	126.00
562	2	28	-82.827325	908.0688	-82.889838	912.7490	139.00
562	3	28	-83.099160	928.5967	-83.309222	944.7771	138.00
562	4	28	-83.098676	928.5597	-83.308254	944.7019	138.00
563	2	28	-83.135517	931.3772	-83.381091	950.3774	124.00
563	3	28	-83.098676	928.5597	-83.308254	944.7019	124.00
563	4	28	-83.098676	928.5597	-83.308254	944.7019	124.00
564	2	28	-82.827330	908.0692	-82.889857	912.7504	129.00
564	3	28	-83.099160	928.5967	-83.309222	944.7771	128.00
564	4	28	-83.098676	928.5597	-83.308254	944.7019	128.00
565	2	26	-77.219872	933.2438	-77.455592	952.9305	123.00
565	3	26	-77.193091	931.0329	-77.402670	948.4747	123.00
565	4	26	-77.193091	931.0329	-77.402670	948.4747	123.00
566	2	24	-71.316704	936.5465	-71.554831	958.1892	121.00
566	3	24	-71.287506	933.9266	-71.497085	952.8953	121.00
566	4	24	-71.287506	933.9266	-71.497085	952.8953	121.00
567	2	28	-82.835047	908.6456	-82.905231	913.9051	129.00
567	3	28	-83.099160	928.5967	-83.309222	944.7771	128.00
567	4	28	-83.098676	928.5597	-83.308254	944.7019	128.00
568	2	29	-85.792586	908.5839	-85.867336	913.9925	146.00
568	3	29	-86.051952	927.4888	-86.262014	943.0880	145.00
568	4	29	-86.051468	927.4532	-86.261047	943.0156	145.00
569	2	24	-71.307619	935.7305	-71.536884	956.5408	134.00
569	3	24	-71.287506	933.9266	-71.497085	952.8953	134.00
569	4	24	-71.287506	933.9266	-71.497085	952.8953	134.00
570	2	29	-85.783525	907.9305	-85.849481	912.6976	153.00
570	3	29	-86.051952	927.4888	-86.262014	943.0880	152.00
570	4	29	-86.051468	927.4532	-86.261047	943.0156	152.00
571	2	26	-77.211273	932.5333	-77.438619	951.4992	135.00
571	3	26	-77.193091	931.0329	-77.402670	948.4747	135.00
571	4	26	-77.193091	931.0329	-77.402670	948.4747	135.00
572	2	28	-82.825878	907.9608	-82.886956	912.5327	149.00
572	3	28	-83.099160	928.5967	-83.309222	944.7771	148.00
572	4	28	-83.098676	928.5597	-83.308254	944.7019	148.00
573	2	23	-68.353861	937.3613	-68.582165	959.0324	120.00
573	3	23	-68.334714	935.5662	-68.544292	955.4030	120.00
573	4	23	-68.334714	935.5662	-68.544292	955.4030	120.00
574	2	26	-77.229928	934.0752	-77.475489	954.6111	130.00
574	3	26	-77.193091	931.0329	-77.402670	948.4747	130.00
574	4	26	-77.193091	931.0329	-77.402670	948.4747	130.00
575	2	29	-85.789232	908.3420	-85.860696	913.5107	149.00
575	3	29	-86.051952	927.4888	-86.262014	943.0880	148.00
575	4	29	-86.051468	927.4532	-86.261047	943.0156	148.00
576	2	29	-85.780122	907.6852	-85.842648	912.2026	152.00
576	3	29	-86.051952	927.4888	-86.262014	943.0880	151.00
576	4	29	-86.051468	927.4532	-86.261047	943.0156	151.00
577	2	28	-83.139290	931.6663	-83.388445	950.9523	132.00
577	3	28	-83.098676	928.5597	-83.308254	944.7019	132.00
577	4	28	-83.098676	928.5597	-83.308254	944.7019	132.00
578	2	25	-74.261379	934.2329	-74.491611	954.2550	127.00
578	3	25	-74.240299	932.4208	-74.449877	950.5940	127.00
578	4	25	-74.240299	932.4208	-74.449877	950.5940	127.00
579	2	27	-80.169375	931.6142	-80.401998	950.2804	130.00
579	3	27	-80.145883	929.7497	-80.355462	946.5166	130.00
579	4	27	-80.145883	929.7497	-80.355462	946.5166	130.00
580	2	27	-80.170327	931.6899	-80.403868	950.4320	128.00
580	3	27	-80.145883	929.7497	-80.355462	946.5166	128.00
580	4	27	-80.145883	929.7497	-80.355462	946.5166	128.00
581	2	26	-77.231374	934.1948	-77.478365	954.8543	124.00
581	3	26	-77.193091	931.0329	-77.402670	948.4747	124.00
581	4	26	-77.193091	931.0329	-77.402670	948.4747	124.00
582	2	28	-82.836896	908.7838	-82.908763	914.1706	138.00
582	3	28	-83.099160	928.5967	-83.309222	944.7771	137.00
582	4	28	-83.098676	928.5597	-83.308254	944.7019	137.00
583	2	29	-86.087424	930.1047	-86.332268	948.3634	136.00
583	3	29	-86.051468	927.4532	-86.261047	943.0156	136.00
583	4	29	-86.051468	927.4532	-86.261047	943.0156	136.00
584	2	27	-79.874533	908.4814	-79.937046	913.3376	138.00
584	3	27	-80.146367	929.7881	-80.356429	946.5946	137.00
584	4	27	-80.145883	929.7497	-80.355462	946.5166	137.00
585	2	28	-82.831193	908.3577	-82.897561	913.3289	148.00
585	3	28	-83.099160	928.5967	-83.309222	944.7771	147.00
585	4	28	-83.098676	928.5597	-83.308254	944.7019	147.00
586	2	24	-71.307137	935.6873	-71.535925	956.4528	129.00
586	3	24	-71.287506	933.9266	-71.497085	952.8953	129.00
586	4	24	-71.287506	933.9266	-71.497085	952.8953	129.00
587	2	29	-85.778671	907.5806	-85.839748	911.9926	136.00
587	3	29	-86.051952	927.4888	-86.262014	943.0880	135.00
587	4	29	-86.051468	927.4532	-86.261047	943.0156	135.00
588	2	25	-74.269494	934.9314	-74.507615	955.6626	115.00
588	3	25	-74.240299	932.4208	-74.449877	950.5940	115.00
588	4	25	-74.240299	932.4208	-74.449877	950.5940	115.00
589	2	28	-83.119754	930.1707	-83.349977	947.9489	143.00
589	3	28	-83.098676	928.5597	-83.308254	944.7019	143.00
589	4	28	-83.098676	928.5597	-83.308254	944.7019	143.00
590	2	30	-88.752073	908.6622	-88.833355	914.3486	135.00
590	3	30	-89.004745	926.4560	-89.214807	941.5142	134.00
590	4	30	-89.004261	926.4216	-89.213839	941.4443	134.00
591	2	29	-86.080185	929.5703	-86.317839	947.2775	151.00
591	3	29	-86.051468	927.4532	-86.261047	943.0156	151.00
591	4	29	-86.051468	927.4532	-86.261047	943.0156	151.00
592	2	24	-71.306653	935.6438	-71.534958	956.3641	117.00
592	3	24	-71.287506	933.9266	-71.497085	952.8953	117.00
592	4	24	-71.287506	933.9266	-71.497085	952.8953	117.00
593	2	25	-74.262826	934.3574	-74.494493	954.5083	115.00
593	3	25	-74.240299	932.4208	-74.449877	950.5940	115.00
593	4	25	-74.240299	932.4208	-74.449877	950.5940	115.00
594	2	26	-77.209822	932.4135	-77.435719	951.2549	139.00
594	3	26	-77.193091	931.0329	-77.402670	948.4747	139.00
594	4	26	-77.193091	931.0329	-77.402670	948.4747	139.00
595	2	32	-94.639467	906.7412	-94.702957	910.8931	147.00
595	3	32	-94.910330	924.5870	-95.120391	938.6685	146.00
595	4	32	-94.909846	924.5548	-95.119424	938.6031	146.00
596	2	31	-91.705351	908.3163	-91.787119	913.8498	151.00
596	3	31	-91.957537	925.4909	-92.167599	940.0444	150.00
596	4	31	-91.957053	925.4577	-92.166632	939.9768	150.00
597	2	24	-71.317103	936.5823	-71.555468	958.2478	112.00
597	3	24	-71.287506	933.9266	-71.497085	952.8953	112.00
597	4	24	-71.287506	933.9266	-71.497085	952.8953	112.00
598	2	28	-83.145563	932.1470	-83.400947	951.9305	118.00
598	3	28	-83.098676	928.5597	-83.308254	944.7019	118.00
598	4	28	-83.098676	928.5597	-83.308254	944.7019	118.00
599	2	28	-82.836489	908.7533	-82.908094	914.1203	141.00
599	3	28	-83.099160	928.5967	-83.309222	944.7771	140.00
599	4	28	-83.098676	928.5597	-83.308254	944.7019	140.00
600	2	26	-77.209822	932.4135	-77.435719	951.2549	139.00
600	3	26	-77.193091	931.0329	-77.402670	948.4747	139.00
600	4	26	-77.193091	931.0329	-77.402670	948.4747	139.00
601	2	26	-77.227585	933.8814	-77.470949	954.2274	126.00
601	3	26	-77.193091	931.0329	-77.402670	948.4747	126.00
601	4	26	-77.193091	931.0329	-77.402670	948.4747	126.00
602	2	28	-83.139859	931.7098	-83.389744	951.0540	133.00
602	3	28	-83.098676	928.5597	-83.308254	944.7019	133.00
602	4	28	-83.098676	928.5597	-83.308254	944.7019	133.00
603	2	27	-80.184166	932.7901	-80.431158	952.6465	134.00
603	3	27	-80.145883	929.7497	-80.355462	946.5166	134.00
603	4	27	-80.145883	929.7497	-80.355462	946.5166	134.00
604	2	29	-85.503000	887.9312	-85.412762	881.5920	134.00
604	3	29	-85.751406	905.6180	-85.785860	908.0988	133.00
604	4	29	-85.750922	905.5832	-85.784893	908.0291	133.00
605	2	28	-83.131658	931.0817	-83.373402	949.7767	142.00
605	3	28	-83.098676	928.5597	-83.308254	944.7019	142.00
605	4	28	-83.098676	928.5597	-83.308254	944.7019	142.00
606	2	27	-79.873087	908.3693	-79.934165	913.1133	134.00
606	3	27	-80.146367	929.7881	-80.356429	946.5946	133.00
606	4	27	-80.145883	929.7497	-80.355462	946.5166	133.00
607	2	29	-85.782079	907.8262	-85.846598	912.4888	133.00
607	3	29	-86.051952	927.4888	-86.262014	943.0880	132.00
607	4	29	-86.051468	927.4532	-86.261047	943.0156	132.00
608	2	28	-82.831672	908.3934	-82.898509	913.4001	141.00
608	3	28	-83.099160	928.5967	-83.309222	944.7771	140.00
608	4	28	-83.098676	928.5597	-83.308254	944.7019	140.00
609	2	29	-85.777704	907.5109	-85.837816	911.8527	141.00
609	3	29	-86.051952	927.4888	-86.262014	943.0880	140.00
609	4	29	-86.051468	927.4532	-86.261047	943.0156	140.00
610	2	26	-77.214171	932.7726	-77.444399	951.9864	126.00
610	3	26	-77.193091	931.0329	-77.402670	948.4747	126.00
610	4	26	-77.193091	931.0329	-77.402670	948.4747	126.00
611	2	29	-85.791648	908.5162	-85.865517	913.8605	130.00
611	3	29	-86.051952	927.4888	-86.262014	943.0880	129.00
611	4	29	-86.051468	927.4532	-86.261047	943.0156	129.00
612	2	26	-77.214651	932.8123	-77.445353	952.0668	127.00
612	3	26	-77.193091	931.0329	-77.402670	948.4747	127.00
612	4	26	-77.193091	931.0329	-77.402670	948.4747	127.00
613	2	29	-86.087897	930.1397	-86.333193	948.4330	128.00
613	3	29	-86.051468	927.4532	-86.261047	943.0156	128.00
613	4	29	-86.051468	927.4532	-86.261047	943.0156	128.00
614	2	29	-85.802662	909.3111	-85.887310	915.4431	137.00
614	3	29	-86.051952	927.4888	-86.262014	943.0880	136.00
614	4	29	-86.051468	927.4532	-86.261047	943.0156	136.00
615	2	24	-71.308100	935.7737	-71.537838	956.6284	106.00
615	3	24	-71.287506	933.9266	-71.497085	952.8953	106.00
615	4	24	-71.287506	933.9266	-71.497085	952.8953	106.00
616	2	30	-89.040700	929.0163	-89.286026	946.6749	139.00
616	3	30	-89.004261	926.4216	-89.213839	941.4443	139.00
616	4	30	-89.004261	926.4216	-89.213839	941.4443	139.00
617	2	25	-74.264258	934.4807	-74.497316	954.7566	115.00
617	3	25	-74.240299	932.4208	-74.449877	950.5940	115.00
617	4	25	-74.240299	932.4208	-74.449877	950.5940	115.00
618	2	28	-82.545942	887.2977	-82.451616	880.4416	142.00
618	3	28	-83.099644	928.6336	-83.310189	944.8522	140.00
618	4	28	-83.098676	928.5597	-83.308254	944.7019	140.00
619	2	32	-94.650025	907.4303	-94.723892	912.2663	155.00
619	3	32	-94.910330	924.5870	-95.120391	938.6685	154.00
619	4	32	-94.909846	924.5548	-95.119424	938.6031	154.00
620	2	27	-80.169855	931.6523	-80.402948	950.3574	123.00
620	3	27	-80.145883	929.7497	-80.355462	946.5166	123.00
620	4	27	-80.145883	929.7497	-80.355462	946.5166	123.00
621	2	31	-91.703494	908.1910	-91.783557	913.6080	144.00
621	3	31	-91.957537	925.4909	-92.167599	940.0444	143.00
621	4	31	-91.957053	925.4577	-92.166632	939.9768	143.00
622	2	24	-71.308100	935.7737	-71.537838	956.6284	120.00
622	3	24	-71.287506	933.9266	-71.497085	952.8953	120.00
622	4	24	-71.287506	933.9266	-71.497085	952.8953	120.00
623	2	33	-97.611420	907.6571	-97.693673	912.8814	161.00
623	3	33	-97.863122	923.7387	-98.073184	937.3778	160.00
623	4	33	-97.862638	923.7075	-98.072217	937.3145	160.00
624	2	29	-86.076407	929.2915	-86.310465	946.7230	130.00
624	3	29	-86.051468	927.4532	-86.261047	943.0156	130.00
624	4	29	-86.051468	927.4532	-86.261047	943.0156	130.00
625	2	27	-80.164550	931.2309	-80.392379	949.5012	138.00
625	3	27	-80.145883	929.7497	-80.355462	946.5166	138.00
625	4	27	-80.145883	929.7497	-80.355462	946.5166	138.00
626	2	28	-82.831700	908.3956	-82.898621	913.4084	139.00
626	3	28	-83.099160	928.5967	-83.309222	944.7771	138.00
626	4	28	-83.098676	928.5597	-83.308254	944.7019	138.00
627	2	26	-77.222289	933.4435	-77.460416	953.3377	134.00
627	3	26	-77.193091	931.0329	-77.402670	948.4747	134.00
627	4	26	-77.193091	931.0329	-77.402670	948.4747	134.00
628	2	27	-80.165513	931.3074	-80.394294	949.6563	134.00
628	3	27	-80.145883	929.7497	-80.355462	946.5166	134.00
628	4	27	-80.145883	929.7497	-80.355462	946.5166	134.00
629	2	30	-89.040216	928.9818	-89.285061	946.6048	146.00
629	3	30	-89.004261	926.4216	-89.213839	941.4443	146.00
629	4	30	-89.004261	926.4216	-89.213839	941.4443	146.00
630	2	27	-79.880329	908.9306	-79.948612	914.2389	126.00
630	3	27	-80.146367	929.7881	-80.356429	946.5946	125.00
630	4	27	-80.145883	929.7497	-80.355462	946.5166	125.00
631	2	25	-74.270379	935.0076	-74.509227	955.8046	116.00
631	3	25	-74.240299	932.4208	-74.449877	950.5940	116.00
631	4	25	-74.240299	932.4208	-74.449877	950.5940	116.00
632	2	29	-85.791648	908.5162	-85.865515	913.8603	136.00
632	3	29	-86.051952	927.4888	-86.262014	943.0880	135.00
632	4	29	-86.051468	927.4532	-86.261047	943.0156	135.00
633	2	27	-79.874051	908.4441	-79.936087	913.2629	130.00
633	3	27	-80.146367	929.7881	-80.356429	946.5946	129.00
633	4	27	-80.145883	929.7497	-80.355462	946.5166	129.00
634	2	24	-71.316223	936.5032	-71.553874	958.1013	131.00
634	3	24	-71.287506	933.9266	-71.497085	952.8953	131.00
634	4	24	-71.287506	933.9266	-71.497085	952.8953	131.00
635	2	27	-80.171778	931.8052	-80.406768	950.6671	134.00
635	3	27	-80.145883	929.7497	-80.355462	946.5166	134.00
635	4	27	-80.145883	929.7497	-80.355462	946.5166	134.00
636	2	28	-83.135598	931.3834	-83.381406	950.4021	129.00
636	3	28	-83.098676	928.5597	-83.308254	944.7019	129.00
636	4	28	-83.098676	928.5597	-83.308254	944.7019	129.00
637	2	29	-85.813997	910.1298	-85.909434	917.0527	142.00
637	3	29	-86.051952	927.4888	-86.262014	943.0880	141.00
637	4	29	-86.051468	927.4532	-86.261047	943.0156	141.00
638	2	26	-77.219465	933.2101	-77.454924	952.8741	133.00
638	3	26	-77.193091	931.0329	-77.402670	948.4747	133.00
638	4	26	-77.193091	931.0329	-77.402670	948.4747	133.00
639	2	26	-77.212720	932.6528	-77.441501	951.7421	136.00
639	3	26	-77.193091	931.0329	-77.402670	948.4747	136.00
639	4	26	-77.193091	931.0329	-77.402670	948.4747	136.00
640	2	29	-86.077363	929.3621	-86.312355	946.8651	142.00
640	3	29	-86.051468	927.4532	-86.261047	943.0156	142.00
640	4	29	-86.051468	927.4532	-86.261047	943.0156	142.00
641	2	26	-77.215136	932.8524	-77.446323	952.1486	136.00
641	3	26	-77.193091	931.0329	-77.402670	948.4747	136.00
641	4	26	-77.193091	931.0329	-77.402670	948.4747	136.00
642	2	23	-68.353861	937.3613	-68.582165	959.0324	124.00
642	3	23	-68.334714	935.5662	-68.544292	955.4030	124.00
642	4	23	-68.334714	935.5662	-68.544292	955.4030	124.00
643	2	28	-83.133181	931.1983	-83.376579	950.0248	132.00
643	3	28	-83.098676	928.5597	-83.308254	944.7019	132.00
643	4	28	-83.098676	928.5597	-83.308254	944.7019	132.00
644	2	30	-88.443411	887.3883	-88.341188	880.4532	150.00
644	3	30	-89.005229	926.4905	-89.215774	941.5841	148.00
644	4	30	-89.004261	926.4216	-89.213839	941.4443	148.00
645	2	24	-71.304237	935.4270	-71.530134	955.9216	118.00
645	3	24	-71.287506	933.9266	-71.497085	952.8953	118.00
645	4	24	-71.287506	933.9266	-71.497085	952.8953	118.00
646	2	26	-77.211758	932.5733	-77.439588	951.5809	132.00
646	3	26	-77.193091	931.0329	-77.402670	948.4747	132.00
646	4	26	-77.193091	931.0329	-77.402670	948.4747	132.00
647	2	27	-80.173149	931.9141	-80.409352	950.8766	127.00
647	3	27	-80.145883	929.7497	-80.355462	946.5166	127.00
647	4	27	-80.145883	929.7497	-80.355462	946.5166	127.00
648	2	27	-79.879842	908.8928	-79.947632	914.1625	126.00
648	3	27	-80.146367	929.7881	-80.356429	946.5946	125.00
648	4	27	-80.145883	929.7497	-80.355462	946.5166	125.00
649	2	24	-71.318070	936.6693	-71.557402	958.4256	126.00
649	3	24	-71.287506	933.9266	-71.497085	952.8953	126.00
649	4	24	-71.287506	933.9266	-71.497085	952.8953	126.00
650	2	26	-77.224222	933.6033	-77.464274	953.6635	126.00
650	3	26	-77.193091	931.0329	-77.402670	948.4747	126.00
650	4	26	-77.193091	931.0329	-77.402670	948.4747	126.00
651	2	29	-85.789689	908.3749	-85.861556	913.5731	142.00
651	3	29	-86.051952	927.4888	-86.262014	943.0880	141.00
651	4	29	-86.051468	927.4532	-86.261047	943.0156	141.00
652	2	25	-74.257997	933.9419	-74.484859	953.6618	135.00
652	3	25	-74.240299	932.4208	-74.449877	950.5940	135.00
652	4	25	-74.240299	932.4208	-74.449877	950.5940	135.00
653	2	28	-82.836438	908.7496	-82.907897	914.1055	130.00
653	3	28	-83.099160	928.5967	-83.309222	944.7771	129.00
653	4	28	-83.098676	928.5597	-83.308254	944.7019	129.00
654	2	31	-91.405287	888.2959	-91.311926	882.1572	150.00
654	3	31	-91.958021	925.5242	-92.168566	940.1119	148.00
654	4	31	-91.957053	925.4577	-92.166632	939.9768	148.00
655	2	26	-77.220356	933.2837	-77.456558	953.0120	118.00
655	3	26	-77.193091	931.0329	-77.402670	948.4747	118.00
655	4	26	-77.193091	931.0329	-77.402670	948.4747	118.00
656	2	26	-77.220356	933.2837	-77.456560	953.0122	114.00
656	3	26	-77.193091	931.0329	-77.402670	948.4747	114.00
656	4	26	-77.193091	931.0329	-77.402670	948.4747	114.00
657	2	28	-83.120240	930.2079	-83.350953	948.0249	143.00
657	3	28	-83.098676	928.5597	-83.308254	944.7019	143.00
657	4	28	-83.098676	928.5597	-83.308254	944.7019	143.00
658	2	25	-74.261377	934.2327	-74.491600	954.2540	129.00
658	3	25	-74.240299	932.4208	-74.449877	950.5940	129.00
658	4	25	-74.240299	932.4208	-74.449877	950.5940	129.00
659	2	25	-73.969434	909.4469	-74.032437	914.7396	126.00
659	3	25	-74.240782	932.4623	-74.450844	950.6787	125.00
659	4	25	-74.240299	932.4208	-74.449877	950.5940	125.00
660	2	30	-89.047445	929.4973	-89.299450	947.6508	150.00
660	3	30	-89.004261	926.4216	-89.213839	941.4443	150.00
660	4	30	-89.004261	926.4216	-89.213839	941.4443	150.00
661	2	28	-83.118786	930.0966	-83.348043	947.7981	131.00
661	3	28	-83.098676	928.5597	-83.308254	944.7019	131.00
661	4	28	-83.098676	928.5597	-83.308254	944.7019	131.00
662	2	26	-77.210790	932.4934	-77.437654	951.4179	141.00
662	3	26	-77.193091	931.0329	-77.402670	948.4747	141.00
662	4	26	-77.193091	931.0329	-77.402670	948.4747	141.00
663	2	27	-79.880315	908.9295	-79.948555	914.2345	141.00
663	3	27	-80.146367	929.7881	-80.356429	946.5946	140.00
663	4	27	-80.145883	929.7497	-80.355462	946.5166	140.00
664	2	29	-85.787858	908.2429	-85.858099	913.3224	148.00
664	3	29	-86.051952	927.4888	-86.262014	943.0880	147.00
664	4	29	-86.051468	927.4532	-86.261047	943.0156	147.00
665	2	30	-88.739216	907.7659	-88.808055	912.5749	151.00
665	3	30	-89.004745	926.4560	-89.214807	941.5142	150.00
665	4	30	-89.004261	926.4216	-89.213839	941.4443	150.00
666	2	30	-89.028720	928.1624	-89.262307	944.9531	146.00
666	3	30	-89.004261	926.4216	-89.213839	941.4443	146.00
666	4	30	-89.004261	926.4216	-89.213839	941.4443	146.00
667	2	28	-83.131654	931.0814	-83.373387	949.7755	142.00
667	3	28	-83.098676	928.5597	-83.308254	944.7019	142.00
667	4	28	-83.098676	928.5597	-83.308254	944.7019	142.00
668	2	26	-77.235636	934.5475	-77.486708	955.5601	119.00
668	3	26	-77.193091	931.0329	-77.402670	948.4747	119.00
668	4	26	-77.193091	931.0329	-77.402670	948.4747	119.00
669	2	27	-79.875014	908.5187	-79.938002	913.4121	134.00
669	3	27	-80.146367	929.7881	-80.356429	946.5946	133.00
669	4	27	-80.145883	929.7497	-80.355462	946.5166	133.00
670	2	30	-88.751592	908.6286	-88.832398	914.2815	147.00
670	3	30	-89.004745	926.4560	-89.214807	941.5142	146.00
670	4	30	-89.004261	926.4216	-89.213839	941.4443	146.00
671	2	28	-83.116375	929.9122	-83.343239	947.4237	139.00
671	3	28	-83.098676	928.5597	-83.308254	944.7019	139.00
671	4	28	-83.098676	928.5597	-83.308254	944.7019	139.00
672	2	26	-77.213688	932.7328	-77.443438	951.9054	129.00
672	3	26	-77.193091	931.0329	-77.402670	948.4747	129.00
672	4	26	-77.193091	931.0329	-77.402670	948.4747	129.00
673	2	25	-74.258481	933.9836	-74.485829	953.7469	126.00
673	3	25	-74.240299	932.4208	-74.449877	950.5940	126.00
673	4	25	-74.240299	932.4208	-74.449877	950.5940	126.00
674	2	25	-74.269496	934.9316	-74.507623	955.6634	132.00
674	3	25	-74.240299	932.4208	-74.449877	950.5940	132.00
674	4	25	-74.240299	932.4208	-74.449877	950.5940	132.00
675	2	24	-71.304721	935.4704	-71.531102	956.0103	115.00
675	3	24	-71.287506	933.9266	-71.497085	952.8953	115.00
675	4	24	-71.287506	933.9266	-71.497085	952.8953	115.00
676	2	25	-74.268047	934.8069	-74.504732	955.4089	108.00
676	3	25	-74.240299	932.4208	-74.449877	950.5940	108.00
676	4	25	-74.240299	932.4208	-74.449877	950.5940	108.00
677	2	30	-88.751109	908.5949	-88.831433	914.2138	155.00
677	3	30	-89.004745	926.4560	-89.214807	941.5142	154.00
677	4	30	-89.004261	926.4216	-89.213839	941.4443	154.00
678	2	27	-80.178942	932.3746	-80.420906	951.8139	137.00
678	3	27	-80.145883	929.7497	-80.355462	946.5166	137.00
678	4	27	-80.145883	929.7497	-80.355462	946.5166	137.00
679	2	29	-85.788266	908.2723	-85.858768	913.3709	148.00
679	3	29	-86.051952	927.4888	-86.262014	943.0880	147.00
679	4	29	-86.051468	927.4532	-86.261047	943.0156	147.00
680	2	27	-80.177083	932.2268	-80.417337	951.5243	130.00
680	3	27	-80.145883	929.7497	-80.355462	946.5166	130.00
680	4	27	-80.145883	929.7497	-80.355462	946.5166	130.00
681	2	29	-86.085897	929.9920	-86.329077	948.1231	142.00
681	3	29	-86.051468	927.4532	-86.261047	943.0156	142.00
681	4	29	-86.051468	927.4532	-86.261047	943.0156	142.00
682	2	28	-82.826847	908.0331	-82.888892	912.6780	139.00
682	3	28	-83.099160	928.5967	-83.309222	944.7771	138.00
682	4	28	-83.098676	928.5597	-83.308254	944.7019	138.00
683	2	28	-83.115891	929.8752	-83.342271	947.3483	141.00
683	3	28	-83.098676	928.5597	-83.308254	944.7019	141.00
683	4	28	-83.098676	928.5597	-83.308254	944.7019	141.00
684	2	30	-88.735838	907.5306	-88.801323	912.1034	148.00
684	3	30	-89.004745	926.4560	-89.214807	941.5142	147.00
684	4	30	-89.004261	926.4216	-89.213839	941.4443	147.00
685	2	28	-83.115891	929.8752	-83.342271	947.3483	147.00
685	3	28	-83.098676	928.5597	-83.308254	944.7019	147.00
685	4	28	-83.098676	928.5597	-83.308254	944.7019	147.00
686	2	26	-76.930828	909.6577	-77.002211	915.4266	144.00
686	3	26	-77.193575	931.0728	-77.403637	948.5560	143.00
686	4	26	-77.193091	931.0329	-77.402670	948.4747	143.00
687	2	25	-73.968950	909.4064	-74.031469	914.6581	137.00
687	3	25	-74.240782	932.4623	-74.450844	950.6787	136.00
687	4	25	-74.240299	932.4208	-74.449877	950.5940	136.00
688	2	31	-91.698681	907.8665	-91.773991	912.9591	150.00
688	3	31	-91.957537	925.4909	-92.167599	940.0444	149.00
688	4	31	-91.957053	925.4577	-92.166632	939.9768	149.00
689	2	32	-94.650508	907.4619	-94.724857	912.3296	153.00
689	3	32	-94.910330	924.5870	-95.120391	938.6685	152.00
689	4	32	-94.909846	924.5548	-95.119424	938.6031	152.00
690	2	26	-77.222770	933.4833	-77.461372	953.4185	120.00
690	3	26	-77.193091	931.0329	-77.402670	948.4747	120.00
690	4	26	-77.193091	931.0329	-77.402670	948.4747	120.00
691	2	31	-91.694334	907.5734	-91.765318	912.3711	156.00
691	3	31	-91.957537	925.4909	-92.167599	940.0444	155.00
691	4	31	-91.957053	925.4577	-92.166632	939.9768	155.00
692	2	26	-77.233222	934.3477	-77.481893	955.1527	129.00
692	3	26	-77.193091	931.0329	-77.402670	948.4747	129.00
692	4	26	-77.193091	931.0329	-77.402670	948.4747	129.00
693	2	27	-79.885468	909.3290	-79.958531	915.0126	132.00
693	3	27	-80.146367	929.7881	-80.356429	946.5946	131.00
693	4	27	-80.145883	929.7497	-80.355462	946.5166	131.00
694	2	28	-82.826363	907.9969	-82.887925	912.6054	139.00
694	3	28	-83.099160	928.5967	-83.309222	944.7771	138.00
694	4	28	-83.098676	928.5597	-83.308254	944.7019	138.00
695	2	24	-71.312917	936.2063	-71.547426	957.5087	126.00
695	3	24	-71.287506	933.9266	-71.497085	952.8953	126.00
695	4	24	-71.287506	933.9266	-71.497085	952.8953	126.00
696	2	26	-77.236603	934.6275	-77.488640	955.7236	140.00
696	3	26	-77.193091	931.0329	-77.402670	948.4747	140.00
696	4	26	-77.193091	931.0329	-77.402670	948.4747	140.00
697	2	26	-77.213201	932.6926	-77.442458	951.8227	121.00
697	3	26	-77.193091	931.0329	-77.402670	948.4747	121.00
697	4	26	-77.193091	931.0329	-77.402670	948.4747	121.00
698	2	28	-82.836438	908.7496	-82.907897	914.1055	137.00
698	3	28	-83.099160	928.5967	-83.309222	944.7771	136.00
698	4	28	-83.098676	928.5597	-83.308254	944.7019	136.00
699	2	31	-91.981992	927.1735	-92.216050	943.4335	148.00
699	3	31	-91.957053	925.4577	-92.166632	939.9768	148.00
699	4	31	-91.957053	925.4577	-92.166632	939.9768	148.00
700	2	24	-71.308100	935.7737	-71.537838	956.6284	111.00
700	3	24	-71.287506	933.9266	-71.497085	952.8953	111.00
700	4	24	-71.287506	933.9266	-71.497085	952.8953	111.00
701	2	27	-79.882197	909.0754	-79.952215	914.5199	129.00
701	3	27	-80.146367	929.7881	-80.356429	946.5946	128.00
701	4	27	-80.145883	929.7497	-80.355462	946.5166	128.00
702	2	31	-91.401032	888.0152	-91.303612	881.6127	149.00
702	3	31	-91.958021	925.5242	-92.168566	940.1119	147.00
702	4	31	-91.957053	925.4577	-92.166632	939.9768	147.00
703	2	25	-74.269015	934.8902	-74.506667	955.5792	122.00
703	3	25	-74.240299	932.4208	-74.449877	950.5940	122.00
703	4	25	-74.240299	932.4208	-74.449877	950.5940	122.00
704	2	26	-76.916516	908.5055	-76.974001	913.1424	118.00
704	3	26	-76.892545	906.5788	-76.926516	909.3104	118.00
704	4	26	-76.892545	906.5788	-76.926516	909.3104	118.00
705	2	28	-83.143715	932.0053	-83.397419	951.6544	132.00
705	3	28	-83.098676	928.5597	-83.308254	944.7019	132.00
705	4	28	-83.098676	928.5597	-83.308254	944.7019	132.00
706	2	28	-83.132138	931.1184	-83.374352	949.8509	142.00
706	3	28	-83.098676	928.5597	-83.308254	944.7019	142.00
706	4	28	-83.098676	928.5597	-83.308254	944.7019	142.00
707	2	29	-85.792505	908.5780	-85.867018	913.9694	145.00
707	3	29	-86.051952	927.4888	-86.262014	943.0880	144.00
707	4	29	-86.051468	927.4532	-86.261047	943.0156	144.00
708	2	25	-74.269012	934.8900	-74.506656	955.5782	116.00
708	3	25	-74.240299	932.4208	-74.449877	950.5940	116.00
708	4	25	-74.240299	932.4208	-74.449877	950.5940	116.00
709	2	28	-82.829286	908.2152	-82.893806	913.0468	135.00
709	3	28	-83.099160	928.5967	-83.309222	944.7771	134.00
709	4	28	-83.098676	928.5597	-83.308254	944.7019	134.00
710	2	25	-74.257514	933.9004	-74.483894	953.5770	128.00
710	3	25	-74.240299	932.4208	-74.449877	950.5940	128.00
710	4	25	-74.240299	932.4208	-74.449877	950.5940	128.00
711	2	26	-76.922226	908.9650	-76.985227	914.0507	122.00
711	3	26	-77.193575	931.0728	-77.403637	948.5560	121.00
711	4	26	-77.193091	931.0329	-77.402670	948.4747	121.00
712	2	27	-80.171303	931.7674	-80.405837	950.5916	132.00
712	3	27	-80.145883	929.7497	-80.355462	946.5166	132.00
712	4	27	-80.145883	929.7497	-80.355462	946.5166	132.00
713	2	24	-71.307137	935.6873	-71.535925	956.4528	126.00
713	3	24	-71.287506	933.9266	-71.497085	952.8953	126.00
713	4	24	-71.287506	933.9266	-71.497085	952.8953	126.00
714	2	25	-74.270946	935.0564	-74.510517	955.9181	133.00
714	3	25	-74.240299	932.4208	-74.449877	950.5940	133.00
714	4	25	-74.240299	932.4208	-74.449877	950.5940	133.00
715	2	26	-77.218502	933.1305	-77.453011	952.7127	135.00
715	3	26	-77.193091	931.0329	-77.402670	948.4747	135.00
715	4	26	-77.193091	931.0329	-77.402670	948.4747	135.00
716	2	27	-80.174599	932.0294	-80.412250	951.1116	115.00
716	3	27	-80.145883	929.7497	-80.355462	946.5166	115.00
716	4	27	-80.145883	929.7497	-80.355462	946.5166	115.00
717	2	27	-79.882197	909.0754	-79.952215	914.5199	138.00
717	3	27	-80.146367	929.7881	-80.356429	946.5946	137.00
717	4	27	-80.145883	929.7497	-80.355462	946.5166	137.00
718	2	27	-80.164063	931.1923	-80.391401	949.4220	116.00
718	3	27	-80.145883	929.7497	-80.355462	946.5166	116.00
718	4	27	-80.145883	929.7497	-80.355462	946.5166	116.00
719	2	25	-73.967502	909.2851	-74.028581	914.4147	131.00
719	3	25	-74.240782	932.4623	-74.450844	950.6787	130.00
719	4	25	-74.240299	932.4208	-74.449877	950.5940	130.00
720	2	24	-71.319517	936.7992	-71.560283	958.6905	117.00
720	3	24	-71.287506	933.9266	-71.497085	952.8953	117.00
720	4	24	-71.287506	933.9266	-71.497085	952.8953	117.00
721	2	27	-80.181278	932.5604	-80.425418	952.1803	126.00
721	3	27	-80.145883	929.7497	-80.355462	946.5166	126.00
721	4	27	-80.145883	929.7497	-80.355462	946.5166	126.00
722	2	29	-86.085490	929.9619	-86.328406	948.0726	140.00
722	3	29	-86.051468	927.4532	-86.261047	943.0156	140.00
722	4	29	-86.051468	927.4532	-86.261047	943.0156	140.00
723	2	25	-74.260409	934.1494	-74.489666	954.0840	117.00
723	3	25	-74.240299	932.4208	-74.449877	950.5940	117.00
723	4	25	-74.240299	932.4208	-74.449877	950.5940	117.00
724	2	28	-83.125053	930.5761	-83.360523	948.7713	134.00
724	3	28	-83.098676	928.5597	-83.308254	944.7019	134.00
724	4	28	-83.098676	928.5597	-83.308254	944.7019	134.00
725	2	29	-86.081634	929.6772	-86.320728	947.4948	145.00
725	3	29	-86.051468	927.4532	-86.261047	943.0156	145.00
725	4	29	-86.051468	927.4532	-86.261047	943.0156	145.00
726	2	27	-80.177979	932.2980	-80.418988	951.6583	136.00
726	3	27	-80.145883	929.7497	-80.355462	946.5166	136.00
726	4	27	-80.145883	929.7497	-80.355462	946.5166	136.00
727	2	28	-82.846489	909.5010	-82.927770	915.6006	135.00
727	3	28	-83.099160	928.5967	-83.309222	944.7771	134.00
727	4	28	-83.098676	928.5597	-83.308254	944.7019	134.00
728	2	30	-88.741059	907.8943	-88.811560	912.8204	145.00
728	3	30	-89.004745	926.4560	-89.214807	941.5142	144.00
728	4	30	-89.004261	926.4216	-89.213839	941.4443	144.00
729	2	26	-77.212238	932.6130	-77.440543	951.6613	134.00
729	3	26	-77.193091	931.0329	-77.402670	948.4747	134.00
729	4	26	-77.193091	931.0329	-77.402670	948.4747	134.00
730	2	29	-86.079701	929.5346	-86.316872	947.2047	141.00
730	3	29	-86.051468	927.4532	-86.261047	943.0156	141.00
730	4	29	-86.051468	927.4532	-86.261047	943.0156	141.00
731	2	29	-85.797833	908.9625	-85.877673	914.7430	127.00
731	3	29	-86.051952	927.4888	-86.262014	943.0880	126.00
731	4	29	-86.051468	927.4532	-86.261047	943.0156	126.00
732	2	26	-77.213688	932.7328	-77.443436	951.9052	135.00
732	3	26	-77.193091	931.0329	-77.402670	948.4747	135.00
732	4	26	-77.193091	931.0329	-77.402670	948.4747	135.00
733	2	23	-68.367695	938.6604	-68.609437	961.6544	114.00
733	3	23	-68.334714	935.5662	-68.544292	955.4030	114.00
733	4	23	-68.334714	935.5662	-68.544292	955.4030	114.00
734	2	27	-80.175084	932.0679	-80.413219	951.1902	130.00
734	3	27	-80.145883	929.7497	-80.355462	946.5166	130.00
734	4	27	-80.145883	929.7497	-80.355462	946.5166	130.00
735	2	27	-80.162615	931.0773	-80.388512	949.1881	135.00
735	3	27	-80.145883	929.7497	-80.355462	946.5166	135.00
735	4	27	-80.145883	929.7497	-80.355462	946.5166	135.00
736	2	27	-80.166964	931.4227	-80.397196	949.8913	125.00
736	3	27	-80.145883	929.7497	-80.355462	946.5166	125.00
736	4	27	-80.145883	929.7497	-80.355462	946.5166	125.00
737	2	25	-74.257997	933.9420	-74.484861	953.6620	129.00
737	3	25	-74.240299	932.4208	-74.449877	950.5940	129.00
737	4	25	-74.240299	932.4208	-74.449877	950.5940	129.00
738	2	29	-85.492067	887.1607	-85.391285	880.0899	148.00
738	3	29	-86.052436	927.5245	-86.262981	943.1604	146.00
738	4	29	-86.051468	927.4532	-86.261047	943.0156	146.00
739	2	28	-82.836005	908.7172	-82.907127	914.0476	129.00
739	3	28	-83.099160	928.5967	-83.309222	944.7771	128.00
739	4	28	-83.098676	928.5597	-83.308254	944.7019	128.00
740	2	25	-74.269496	934.9316	-74.507623	955.6634	132.00
740	3	25	-74.240299	932.4208	-74.449877	950.5940	132.00
740	4	25	-74.240299	932.4208	-74.449877	950.5940	132.00
741	2	28	-82.534928	886.4944	-82.429821	878.8650	136.00
741	3	28	-82.798614	905.9273	-82.833068	908.4977	135.00
741	4	28	-82.798130	905.8912	-82.832100	908.4255	135.00
742	2	24	-71.013741	909.7161	-71.073854	914.9778	129.00
742	3	24	-71.287990	933.9700	-71.498052	952.9838	128.00
742	4	24	-71.287506	933.9266	-71.497085	952.8953	128.00
743	2	28	-83.120719	930.2445	-83.351901	948.0988	135.00
743	3	28	-83.098676	928.5597	-83.308254	944.7019	135.00
743	4	28	-83.098676	928.5597	-83.308254	944.7019	135.00
744	2	28	-83.129724	930.9336	-83.369539	949.4750	132.00
744	3	28	-83.098676	928.5597	-83.308254	944.7019	132.00
744	4	28	-83.098676	928.5597	-83.308254	944.7019	132.00
745	2	29	-85.800730	909.1716	-85.883453	915.1629	139.00
745	3	29	-86.051952	927.4888	-86.262014	943.0880	138.00
745	4	29	-86.051468	927.4532	-86.261047	943.0156	138.00
746	2	30	-89.022444	927.7154	-89.249791	944.0457	158.00
746	3	30	-89.004261	926.4216	-89.213839	941.4443	158.00
746	4	30	-89.004261	926.4216	-89.213839	941.4443	158.00
747	2	26	-77.222773	933.4835	-77.461385	953.4195	121.00
747	3	26	-77.193091	931.0329	-77.402670	948.4747	121.00
747	4	26	-77.193091	931.0329	-77.402670	948.4747	121.00
748	2	26	-76.919810	908.7705	-76.980406	913.6605	135.00
748	3	26	-77.193575	931.0728	-77.403637	948.5560	134.00
748	4	26	-77.193091	931.0329	-77.402670	948.4747	134.00
749	2	25	-74.280429	935.8735	-74.529101	957.5556	134.00
749	3	25	-74.240299	932.4208	-74.449877	950.5940	134.00
749	4	25	-74.240299	932.4208	-74.449877	950.5940	134.00
750	2	26	-77.224620	933.6362	-77.464909	953.7171	132.00
750	3	26	-77.193091	931.0329	-77.402670	948.4747	132.00
750	4	26	-77.193091	931.0329	-77.402670	948.4747	132.00
751	2	26	-77.223655	933.5564	-77.462985	953.5546	117.00
751	3	26	-77.193091	931.0329	-77.402670	948.4747	117.00
751	4	26	-77.193091	931.0329	-77.402670	948.4747	117.00
752	2	26	-77.215138	932.8525	-77.446331	952.1493	125.00
752	3	26	-77.193091	931.0329	-77.402670	948.4747	125.00
752	4	26	-77.193091	931.0329	-77.402670	948.4747	125.00
753	2	24	-71.305205	935.5138	-71.532069	956.0990	121.00
753	3	24	-71.287506	933.9266	-71.497085	952.8953	121.00
753	4	24	-71.287506	933.9266	-71.497085	952.8953	121.00
754	2	29	-85.791648	908.5162	-85.865515	913.8603	136.00
754	3	29	-86.051952	927.4888	-86.262014	943.0880	135.00
754	4	29	-86.051468	927.4532	-86.261047	943.0156	135.00
755	2	26	-77.212239	932.6131	-77.440547	951.6617	123.00
755	3	26	-77.193091	931.0329	-77.402670	948.4747	123.00
755	4	26	-77.193091	931.0329	-77.402670	948.4747	123.00
756	2	24	-71.304721	935.4703	-71.531100	956.0101	118.00
756	3	24	-71.287506	933.9266	-71.497085	952.8953	118.00
756	4	24	-71.287506	933.9266	-71.497085	952.8953	118.00
757	2	28	-82.837380	908.8200	-82.909731	914.2433	142.00
757	3	28	-83.099160	928.5967	-83.309222	944.7771	141.00
757	4	28	-83.098676	928.5597	-83.308254	944.7019	141.00
758	2	29	-85.788342	908.2778	-85.859066	913.3925	142.00
758	3	29	-86.051952	927.4888	-86.262014	943.0880	141.00
758	4	29	-86.051468	927.4532	-86.261047	943.0156	141.00
759	2	28	-83.125941	930.6441	-83.362145	948.8978	145.00
759	3	28	-83.098676	928.5597	-83.308254	944.7019	145.00
759	4	28	-83.098676	928.5597	-83.308254	944.7019	145.00
760	2	28	-83.120240	930.2078	-83.350951	948.0248	133.00
760	3	28	-83.098676	928.5597	-83.308254	944.7019	133.00
760	4	28	-83.098676	928.5597	-83.308254	944.7019	133.00
761	2	30	-89.022444	927.7154	-89.249791	944.0457	146.00
761	3	30	-89.004261	926.4216	-89.213839	941.4443	146.00
761	4	30	-89.004261	926.4216	-89.213839	941.4443	146.00
762	2	27	-80.189797	933.2381	-80.442080	953.5342	126.00
762	3	27	-80.145883	929.7497	-80.355462	946.5166	126.00
762	4	27	-80.145883	929.7497	-80.355462	946.5166	126.00
763	2	26	-77.211274	932.5334	-77.438621	951.4994	139.00
763	3	26	-77.193091	931.0329	-77.402670	948.4747	139.00
763	4	26	-77.193091	931.0329	-77.402670	948.4747	139.00
764	2	32	-94.365240	889.0245	-94.278845	883.5149	169.00
764	3	32	-94.910813	924.6192	-95.121359	938.7338	167.00
764	4	32	-94.909846	924.5548	-95.119424	938.6031	167.00
765	2	28	-83.123131	930.4290	-83.356708	948.4736	135.00
765	3	28	-83.098676	928.5597	-83.308254	944.7019	135.00
765	4	28	-83.098676	928.5597	-83.308254	944.7019	135.00
766	2	27	-80.174599	932.0294	-80.412250	951.1116	134.00
766	3	27	-80.145883	929.7497	-80.355462	946.5166	134.00
766	4	27	-80.145883	929.7497	-80.355462	946.5166	134.00
767	2	24	-71.306653	935.6438	-71.534958	956.3641	121.00
767	3	24	-71.287506	933.9266	-71.497085	952.8953	121.00
767	4	24	-71.287506	933.9266	-71.497085	952.8953	121.00
768	2	29	-85.790682	908.4466	-85.863591	913.7207	146.00
768	3	29	-86.051952	927.4888	-86.262014	943.0880	145.00
768	4	29	-86.051468	927.4532	-86.261047	943.0156	145.00
769	2	28	-82.835521	908.6811	-82.906162	913.9751	128.00
769	3	28	-83.099160	928.5967	-83.309222	944.7771	127.00
769	4	28	-83.098676	928.5597	-83.308254	944.7019	127.00
770	2	29	-85.795495	908.7937	-85.873157	914.4150	136.00
770	3	29	-86.051952	927.4888	-86.262014	943.0880	135.00
770	4	29	-86.051468	927.4532	-86.261047	943.0156	135.00
771	2	26	-77.216102	932.9322	-77.448251	952.3112	132.00
771	3	26	-77.193091	931.0329	-77.402670	948.4747	132.00
771	4	26	-77.193091	931.0329	-77.402670	948.4747	132.00
772	2	30	-88.734390	907.4297	-88.798434	911.9012	155.00
772	3	30	-89.004745	926.4560	-89.214807	941.5142	154.00
772	4	30	-89.004261	926.4216	-89.213839	941.4443	154.00
773	2	25	-74.264258	934.4807	-74.497316	954.7566	122.00
773	3	25	-74.240299	932.4208	-74.449877	950.5940	122.00
773	4	25	-74.240299	932.4208	-74.449877	950.5940	122.00
774	2	28	-83.120236	930.2076	-83.350938	948.0238	123.00
774	3	28	-83.098676	928.5597	-83.308254	944.7019	123.00
774	4	28	-83.098676	928.5597	-83.308254	944.7019	123.00
775	2	28	-83.125941	930.6441	-83.362145	948.8978	130.00
775	3	28	-83.098676	928.5597	-83.308254	944.7019	130.00
775	4	28	-83.098676	928.5597	-83.308254	944.7019	130.00
776	2	25	-74.269496	934.9316	-74.507623	955.6634	123.00
776	3	25	-74.240299	932.4208	-74.449877	950.5940	123.00
776	4	25	-74.240299	932.4208	-74.449877	950.5940	123.00
777	2	28	-83.126909	930.7181	-83.364079	949.0488	129.00
777	3	28	-83.098676	928.5597	-83.308254	944.7019	129.00
777	4	28	-83.098676	928.5597	-83.308254	944.7019	129.00
778	2	25	-74.268528	934.8483	-74.505689	955.4931	115.00
778	3	25	-74.240299	932.4208	-74.449877	950.5940	115.00
778	4	25	-74.240299	932.4208	-74.449877	950.5940	115.00
779	2	27	-80.187133	933.0262	-80.437210	953.1383	129.00
779	3	27	-80.145883	929.7497	-80.355462	946.5166	129.00
779	4	27	-80.145883	929.7497	-80.355462	946.5166	129.00
780	2	27	-79.882681	909.1129	-79.953183	914.5953	137.00
780	3	27	-80.146367	929.7881	-80.356429	946.5946	136.00
780	4	27	-80.145883	929.7497	-80.355462	946.5166	136.00
781	2	27	-79.877432	908.7061	-79.942834	913.7886	128.00
781	3	27	-80.146367	929.7881	-80.356429	946.5946	127.00
781	4	27	-80.145883	929.7497	-80.355462	946.5166	127.00
782	2	25	-74.257997	933.9420	-74.484861	953.6620	140.00
782	3	25	-74.240299	932.4208	-74.449877	950.5940	140.00
782	4	25	-74.240299	932.4208	-74.449877	950.5940	140.00
783	2	27	-79.875014	908.5187	-79.938002	913.4121	133.00
783	3	27	-80.146367	929.7881	-80.356429	946.5946	132.00
783	4	27	-80.145883	929.7497	-80.355462	946.5166	132.00
784	2	26	-76.910244	908.0009	-76.961500	912.1320	125.00
784	3	26	-76.892545	906.5788	-76.926516	909.3104	125.00
784	4	26	-76.892545	906.5788	-76.926516	909.3104	125.00
785	2	25	-74.282843	936.0817	-74.533915	957.9804	108.00
785	3	25	-74.240299	932.4208	-74.449877	950.5940	108.00
785	4	25	-74.240299	932.4208	-74.449877	950.5940	108.00
786	2	27	-79.876494	908.6333	-79.941013	913.6467	137.00
786	3	27	-80.146367	929.7881	-80.356429	946.5946	136.00
786	4	27	-80.145883	929.7497	-80.355462	946.5166	136.00
787	2	29	-85.480084	886.3170	-85.367555	878.4333	141.00
787	3	29	-85.751406	905.6180	-85.785860	908.0988	140.00
787	4	29	-85.750922	905.5832	-85.784893	908.0291	140.00
788	2	24	-71.316704	936.5465	-71.554831	958.1892	123.00
788	3	24	-71.287506	933.9266	-71.497085	952.8953	123.00
788	4	24	-71.287506	933.9266	-71.497085	952.8953	123.00
789	2	27	-79.882681	909.1129	-79.953183	914.5953	129.00
789	3	27	-80.146367	929.7881	-80.356429	946.5946	128.00
789	4	27	-80.145883	929.7497	-80.355462	946.5166	128.00
790	2	27	-80.173148	931.9140	-80.409350	950.8764	123.00
790	3	27	-80.145883	929.7497	-80.355462	946.5166	123.00
790	4	27	-80.145883	929.7497	-80.355462	946.5166	123.00
791	2	28	-82.840675	909.0662	-82.916139	914.7252	132.00
791	3	28	-83.099160	928.5967	-83.309222	944.7771	131.00
791	4	28	-83.098676	928.5597	-83.308254	944.7019	131.00
792	2	28	-82.547394	887.4036	-82.454516	880.6516	143.00
792	3	28	-83.099644	928.6336	-83.310189	944.8522	141.00
792	4	28	-83.098676	928.5597	-83.308254	944.7019	141.00
793	2	29	-85.787858	908.2429	-85.858099	913.3224	146.00
793	3	29	-86.051952	927.4888	-86.262014	943.0880	145.00
793	4	29	-86.051468	927.4532	-86.261047	943.0156	145.00
794	2	25	-74.269494	934.9314	-74.507615	955.6626	130.00
794	3	25	-74.240299	932.4208	-74.449877	950.5940	130.00
794	4	25	-74.240299	932.4208	-74.449877	950.5940	130.00
795	2	24	-71.305205	935.5138	-71.532067	956.0988	109.00
795	3	24	-71.287506	933.9266	-71.497085	952.8953	109.00
795	4	24	-71.287506	933.9266	-71.497085	952.8953	109.00
796	2	24	-71.315739	936.4597	-71.552907	958.0124	120.00
796	3	24	-71.287506	933.9266	-71.497085	952.8953	120.00
796	4	24	-71.287506	933.9266	-71.497085	952.8953	120.00
797	2	24	-71.305686	935.5570	-71.533023	956.1866	117.00
797	3	24	-71.287506	933.9266	-71.497085	952.8953	117.00
797	4	24	-71.287506	933.9266	-71.497085	952.8953	117.00
798	2	29	-85.782562	907.8611	-85.847565	912.5588	137.00
798	3	29	-86.051952	927.4888	-86.262014	943.0880	136.00
798	4	29	-86.051468	927.4532	-86.261047	943.0156	136.00
799	2	27	-80.167928	931.4993	-80.399115	950.0468	131.00
799	3	27	-80.145883	929.7497	-80.355462	946.5166	131.00
799	4	27	-80.145883	929.7497	-80.355462	946.5166	131.00
800	2	27	-80.173234	931.9209	-80.409687	950.9037	128.00
800	3	27	-80.145883	929.7497	-80.355462	946.5166	128.00
800	4	27	-80.145883	929.7497	-80.355462	946.5166	128.00
801	2	28	-82.824911	907.8886	-82.885023	912.3877	132.00
801	3	28	-83.099160	928.5967	-83.309222	944.7771	131.00
801	4	28	-83.098676	928.5597	-83.308254	944.7019	131.00
802	2	27	-79.882652	909.1107	-79.953069	914.5865	127.00
802	3	27	-80.146367	929.7881	-80.356429	946.5946	126.00
802	4	27	-80.145883	929.7497	-80.355462	946.5166	126.00
803	2	24	-71.308587	935.8175	-71.538820	956.7185	121.00
803	3	24	-71.287506	933.9266	-71.497085	952.8953	121.00
803	4	24	-71.287506	933.9266	-71.497085	952.8953	121.00
804	2	31	-91.692452	907.4465	-91.761659	912.1232	142.00
804	3	31	-91.957537	925.4909	-92.167599	940.0444	141.00
804	4	31	-91.957053	925.4577	-92.166632	939.9768	141.00
805	2	26	-76.922737	909.0061	-76.986299	914.1375	130.00
805	3	26	-77.193575	931.0728	-77.403637	948.5560	129.00
805	4	26	-77.193091	931.0329	-77.402670	948.4747	129.00
806	2	27	-79.875018	908.5190	-79.938019	913.4134	124.00
806	3	27	-80.146367	929.7881	-80.356429	946.5946	123.00
806	4	27	-80.145883	929.7497	-80.355462	946.5166	123.00
807	2	27	-80.177567	932.2653	-80.418305	951.6028	126.00
807	3	27	-80.145883	929.7497	-80.355462	946.5166	126.00
807	4	27	-80.145883	929.7497	-80.355462	946.5166	126.00
808	2	27	-80.183682	932.7516	-80.430190	952.5679	127.00
808	3	27	-80.145883	929.7497	-80.355462	946.5166	127.00
808	4	27	-80.145883	929.7497	-80.355462	946.5166	127.00
809	2	28	-83.124087	930.5022	-83.358595	948.6209	129.00
809	3	28	-83.098676	928.5597	-83.308254	944.7019	129.00
809	4	28	-83.098676	928.5597	-83.308254	944.7019	129.00
810	2	28	-82.836924	908.7859	-82.908873	914.1788	141.00
810	3	28	-83.099160	928.5967	-83.309222	944.7771	140.00
810	4	28	-83.098676	928.5597	-83.308254	944.7019	140.00
811	2	25	-74.272793	935.2156	-74.514042	956.2285	125.00
811	3	25	-74.240299	932.4208	-74.449877	950.5940	125.00
811	4	25	-74.240299	932.4208	-74.449877	950.5940	125.00
812	2	24	-71.305205	935.5138	-71.532069	956.0990	126.00
812	3	24	-71.287506	933.9266	-71.497085	952.8953	126.00
812	4	24	-71.287506	933.9266	-71.497085	952.8953	126.00
813	2	28	-82.832635	908.4654	-82.900427	913.5441	136.00
813	3	28	-83.099160	928.5967	-83.309222	944.7771	135.00
813	4	28	-83.098676	928.5597	-83.308254	944.7019	135.00
814	2	31	-91.696749	907.7362	-91.770135	912.6976	156.00
814	3	31	-91.957537	925.4909	-92.167599	940.0444	155.00
814	4	31	-91.957053	925.4577	-92.166632	939.9768	155.00
815	2	26	-77.211754	932.5731	-77.439575	951.5798	125.00
815	3	26	-77.193091	931.0329	-77.402670	948.4747	125.00
815	4	26	-77.193091	931.0329	-77.402670	948.4747	125.00
816	2	26	-77.218995	933.1712	-77.454012	952.7971	123.00
816	3	26	-77.193091	931.0329	-77.402670	948.4747	123.00
816	4	26	-77.193091	931.0329	-77.402670	948.4747	123.00
817	2	29	-86.089267	930.2409	-86.335775	948.6275	134.00
817	3	29	-86.051468	927.4532	-86.261047	943.0156	134.00
817	4	29	-86.051468	927.4532	-86.261047	943.0156	134.00
818	2	25	-74.260892	934.1910	-74.490631	954.1688	123.00
818	3	25	-74.240299	932.4208	-74.449877	950.5940	123.00
818	4	25	-74.240299	932.4208	-74.449877	950.5940	123.00
819	2	28	-82.836438	908.7496	-82.907897	914.1055	130.00
819	3	28	-83.099160	928.5967	-83.309222	944.7771	129.00
819	4	28	-83.098676	928.5597	-83.308254	944.7019	129.00
820	2	27	-80.173632	931.9525	-80.410317	950.9549	125.00
820	3	27	-80.145883	929.7497	-80.355462	946.5166	125.00
820	4	27	-80.145883	929.7497	-80.355462	946.5166	125.00
821	2	27	-80.180388	932.4896	-80.423786	952.0478	132.00
821	3	27	-80.145883	929.7497	-80.355462	946.5166	132.00
821	4	27	-80.145883	929.7497	-80.355462	946.5166	132.00
822	2	26	-77.212720	932.6528	-77.441499	951.7419	131.00
822	3	26	-77.193091	931.0329	-77.402670	948.4747	131.00
822	4	26	-77.193091	931.0329	-77.402670	948.4747	131.00
823	2	26	-77.230895	934.1552	-77.477423	954.7747	127.00
823	3	26	-77.193091	931.0329	-77.402670	948.4747	127.00
823	4	26	-77.193091	931.0329	-77.402670	948.4747	127.00
824	2	27	-79.879359	908.8554	-79.946667	914.0873	126.00
824	3	27	-80.146367	929.7881	-80.356429	946.5946	125.00
824	4	27	-80.145883	929.7497	-80.355462	946.5166	125.00
825	2	26	-77.218018	933.0905	-77.452043	952.6311	139.00
825	3	26	-77.193091	931.0329	-77.402670	948.4747	139.00
825	4	26	-77.193091	931.0329	-77.402670	948.4747	139.00
826	2	30	-89.033944	928.5347	-89.272561	945.6971	143.00
826	3	30	-89.004261	926.4216	-89.213839	941.4443	143.00
826	4	30	-89.004261	926.4216	-89.213839	941.4443	143.00
827	2	30	-89.038282	928.8439	-89.281198	946.3242	140.00
827	3	30	-89.004261	926.4216	-89.213839	941.4443	140.00
827	4	30	-89.004261	926.4216	-89.213839	941.4443	140.00
828	2	30	-88.740651	907.8659	-88.810891	912.7735	150.00
828	3	30	-89.004745	926.4560	-89.214807	941.5142	149.00
828	4	30	-89.004261	926.4216	-89.213839	941.4443	149.00
829	2	27	-80.174116	931.9910	-80.411285	951.0333	132.00
829	3	27	-80.145883	929.7497	-80.355462	946.5166	132.00
829	4	27	-80.145883	929.7497	-80.355462	946.5166	132.00
830	2	27	-79.877915	908.7435	-79.943797	913.8636	118.00
830	3	27	-80.146367	929.7881	-80.356429	946.5946	117.00
830	4	27	-80.145883	929.7497	-80.355462	946.5166	117.00
831	2	25	-74.260893	934.1911	-74.490633	954.1690	123.00
831	3	25	-74.240299	932.4208	-74.449877	950.5940	123.00
831	4	25	-74.240299	932.4208	-74.449877	950.5940	123.00
832	2	29	-86.070135	928.8288	-86.297964	945.7837	131.00
832	3	29	-86.051468	927.4532	-86.261047	943.0156	131.00
832	4	29	-86.051468	927.4532	-86.261047	943.0156	131.00
833	2	25	-74.259927	934.1080	-74.488707	953.9998	121.00
833	3	25	-74.240299	932.4208	-74.449877	950.5940	121.00
833	4	25	-74.240299	932.4208	-74.449877	950.5940	121.00
834	2	28	-82.835473	908.6775	-82.905973	913.9609	141.00
834	3	28	-83.099160	928.5967	-83.309222	944.7771	140.00
834	4	28	-83.098676	928.5597	-83.308254	944.7019	140.00
835	2	30	-88.750220	908.5329	-88.829810	914.0999	145.00
835	3	30	-89.004745	926.4560	-89.214807	941.5142	144.00
835	4	30	-89.004261	926.4216	-89.213839	941.4443	144.00
836	2	30	-88.735356	907.4970	-88.800364	912.0363	146.00
836	3	30	-89.004745	926.4560	-89.214807	941.5142	145.00
836	4	30	-89.004261	926.4216	-89.213839	941.4443	145.00
837	2	31	-91.691530	907.3844	-91.759904	912.0043	148.00
837	3	31	-91.957537	925.4909	-92.167599	940.0444	147.00
837	4	31	-91.957053	925.4577	-92.166632	939.9768	147.00
838	2	28	-83.122647	930.3920	-83.355740	948.3982	134.00
838	3	28	-83.098676	928.5597	-83.308254	944.7019	134.00
838	4	28	-83.098676	928.5597	-83.308254	944.7019	134.00
839	2	26	-77.213687	932.7327	-77.443434	951.9050	132.00
839	3	26	-77.193091	931.0329	-77.402670	948.4747	132.00
839	4	26	-77.193091	931.0329	-77.402670	948.4747	132.00
840	2	27	-80.164550	931.2309	-80.392379	949.5012	137.00
840	3	27	-80.145883	929.7497	-80.355462	946.5166	137.00
840	4	27	-80.145883	929.7497	-80.355462	946.5166	137.00
841	2	26	-77.230412	934.1152	-77.476456	954.6929	128.00
841	3	26	-77.193091	931.0329	-77.402670	948.4747	128.00
841	4	26	-77.193091	931.0329	-77.402670	948.4747	128.00
842	2	31	-91.720632	909.3479	-91.817273	915.8989	137.00
842	3	31	-91.957537	925.4909	-92.167599	940.0444	136.00
842	4	31	-91.957053	925.4577	-92.166632	939.9768	136.00
843	2	26	-77.222289	933.4435	-77.460416	953.3377	123.00
843	3	26	-77.193091	931.0329	-77.402670	948.4747	123.00
843	4	26	-77.193091	931.0329	-77.402670	948.4747	123.00
844	2	27	-80.174116	931.9910	-80.411285	951.0333	133.00
844	3	27	-80.145883	929.7497	-80.355462	946.5166	133.00
844	4	27	-80.145883	929.7497	-80.355462	946.5166	133.00
845	2	27	-80.172753	931.8826	-80.408730	950.8261	130.00
845	3	27	-80.145883	929.7497	-80.355462	946.5166	130.00
845	4	27	-80.145883	929.7497	-80.355462	946.5166	130.00
846	2	25	-73.968950	909.4064	-74.031469	914.6581	136.00
846	3	25	-74.240782	932.4623	-74.450844	950.6787	135.00
846	4	25	-74.240299	932.4208	-74.449877	950.5940	135.00
847	2	26	-77.227034	933.8358	-77.469724	954.1238	126.00
847	3	26	-77.193091	931.0329	-77.402670	948.4747	126.00
847	4	26	-77.193091	931.0329	-77.402670	948.4747	126.00
848	2	27	-79.876494	908.6333	-79.941013	913.6467	138.00
848	3	27	-80.146367	929.7881	-80.356429	946.5946	137.00
848	4	27	-80.145883	929.7497	-80.355462	946.5166	137.00
849	2	26	-77.213205	932.6928	-77.442471	951.8238	131.00
849	3	26	-77.193091	931.0329	-77.402670	948.4747	131.00
849	4	26	-77.193091	931.0329	-77.402670	948.4747	131.00
850	2	32	-94.941378	926.6550	-95.181676	942.8169	164.00
850	3	32	-94.909846	924.5548	-95.119424	938.6031	164.00
850	4	32	-94.909846	924.5548	-95.119424	938.6031	164.00
851	2	24	-71.308100	935.7737	-71.537838	956.6284	113.00
851	3	24	-71.287506	933.9266	-71.497085	952.8953	113.00
851	4	24	-71.287506	933.9266	-71.497085	952.8953	113.00
852	2	26	-77.220356	933.2837	-77.456558	953.0120	124.00
852	3	26	-77.193091	931.0329	-77.402670	948.4747	124.00
852	4	26	-77.193091	931.0329	-77.402670	948.4747	124.00
853	2	26	-77.217051	933.0106	-77.450109	952.4679	118.00
853	3	26	-77.193091	931.0329	-77.402670	948.4747	118.00
853	4	26	-77.193091	931.0329	-77.402670	948.4747	118.00
854	2	28	-83.128357	930.8290	-83.366968	949.2743	136.00
854	3	28	-83.098676	928.5597	-83.308254	944.7019	136.00
854	4	28	-83.098676	928.5597	-83.308254	944.7019	136.00
855	2	30	-88.457307	888.3353	-88.368701	882.3144	153.00
855	3	30	-89.005229	926.4905	-89.215774	941.5841	151.00
855	4	30	-89.004261	926.4216	-89.213839	941.4443	151.00
856	2	29	-85.799283	909.0672	-85.880571	914.9534	146.00
856	3	29	-86.051952	927.4888	-86.262014	943.0880	145.00
856	4	29	-86.051468	927.4532	-86.261047	943.0156	145.00
857	2	30	-89.032583	928.4377	-89.270015	945.5123	148.00
857	3	30	-89.004261	926.4216	-89.213839	941.4443	148.00
857	4	30	-89.004261	926.4216	-89.213839	941.4443	148.00
858	2	30	-88.735356	907.4970	-88.800364	912.0363	146.00
858	3	30	-89.004745	926.4560	-89.214807	941.5142	145.00
858	4	30	-89.004261	926.4216	-89.213839	941.4443	145.00
859	2	25	-74.257997	933.9419	-74.484859	953.6618	123.00
859	3	25	-74.240299	932.4208	-74.449877	950.5940	123.00
859	4	25	-74.240299	932.4208	-74.449877	950.5940	123.00
860	2	29	-86.072549	929.0069	-86.302778	946.1454	151.00
860	3	29	-86.051468	927.4532	-86.261047	943.0156	151.00
860	4	29	-86.051468	927.4532	-86.261047	943.0156	151.00
861	2	29	-86.076407	929.2915	-86.310465	946.7230	140.00
861	3	29	-86.051468	927.4532	-86.261047	943.0156	140.00
861	4	29	-86.051468	927.4532	-86.261047	943.0156	140.00
862	2	26	-77.218511	933.1312	-77.453044	952.7155	133.00
862	3	26	-77.193091	931.0329	-77.402670	948.4747	133.00
862	4	26	-77.193091	931.0329	-77.402670	948.4747	133.00
863	2	26	-76.924157	909.1204	-76.989077	914.3623	128.00
863	3	26	-77.193575	931.0728	-77.403637	948.5560	127.00
863	4	26	-77.193091	931.0329	-77.402670	948.4747	127.00
864	2	24	-71.307137	935.6873	-71.535925	956.4528	120.00
864	3	24	-71.287506	933.9266	-71.497085	952.8953	120.00
864	4	24	-71.287506	933.9266	-71.497085	952.8953	120.00
865	2	27	-80.187067	933.0209	-80.436953	953.1174	143.00
865	3	27	-80.145883	929.7497	-80.355462	946.5166	143.00
865	4	27	-80.145883	929.7497	-80.355462	946.5166	143.00
866	2	27	-80.175082	932.0678	-80.413213	951.1897	128.00
866	3	27	-80.145883	929.7497	-80.355462	946.5166	128.00
866	4	27	-80.145883	929.7497	-80.355462	946.5166	128.00
867	2	25	-74.270461	935.0147	-74.509547	955.8327	119.00
867	3	25	-74.240299	932.4208	-74.449877	950.5940	119.00
867	4	25	-74.240299	932.4208	-74.449877	950.5940	119.00
868	2	30	-88.743473	908.0625	-88.816375	913.1578	151.00
868	3	30	-89.004745	926.4560	-89.214807	941.5142	150.00
868	4	30	-89.004261	926.4216	-89.213839	941.4443	150.00
869	2	29	-86.080271	929.5767	-86.318175	947.3028	133.00
869	3	29	-86.051468	927.4532	-86.261047	943.0156	133.00
869	4	29	-86.051468	927.4532	-86.261047	943.0156	133.00
870	2	28	-83.118307	930.0600	-83.347095	947.7242	145.00
870	3	28	-83.098676	928.5597	-83.308254	944.7019	145.00
870	4	28	-83.098676	928.5597	-83.308254	944.7019	145.00
871	2	28	-82.838371	908.8940	-82.911755	914.3956	142.00
871	3	28	-83.099160	928.5967	-83.309222	944.7771	141.00
871	4	28	-83.098676	928.5597	-83.308254	944.7019	141.00
872	2	26	-77.213201	932.6926	-77.442458	951.8227	128.00
872	3	26	-77.193091	931.0329	-77.402670	948.4747	128.00
872	4	26	-77.193091	931.0329	-77.402670	948.4747	128.00
873	2	26	-76.927039	909.3525	-76.994795	914.8255	133.00
873	3	26	-77.193575	931.0728	-77.403637	948.5560	132.00
873	4	26	-77.193091	931.0329	-77.402670	948.4747	132.00
874	2	28	-83.129724	930.9336	-83.369539	949.4750	139.00
874	3	28	-83.098676	928.5597	-83.308254	944.7019	139.00
874	4	28	-83.098676	928.5597	-83.308254	944.7019	139.00
875	2	24	-71.306656	935.6440	-71.534966	956.3648	112.00
875	3	24	-71.287506	933.9266	-71.497085	952.8953	112.00
875	4	24	-71.287506	933.9266	-71.497085	952.8953	112.00
876	2	26	-77.209822	932.4135	-77.435719	951.2549	139.00
876	3	26	-77.193091	931.0329	-77.402670	948.4747	139.00
876	4	26	-77.193091	931.0329	-77.402670	948.4747	139.00
877	2	31	-91.687182	907.0914	-91.751226	911.4167	162.00
877	3	31	-91.957537	925.4909	-92.167599	940.0444	161.00
877	4	31	-91.957053	925.4577	-92.166632	939.9768	161.00
878	2	27	-80.177497	932.2598	-80.418032	951.5807	130.00
878	3	27	-80.145883	929.7497	-80.355462	946.5166	130.00
878	4	27	-80.145883	929.7497	-80.355462	946.5166	130.00
879	2	26	-77.223737	933.5632	-77.463305	953.5816	133.00
879	3	26	-77.193091	931.0329	-77.402670	948.4747	133.00
879	4	26	-77.193091	931.0329	-77.402670	948.4747	133.00
880	2	26	-77.212238	932.6130	-77.440541	951.6611	123.00
880	3	26	-77.193091	931.0329	-77.402670	948.4747	123.00
880	4	26	-77.193091	931.0329	-77.402670	948.4747	123.00
881	2	26	-76.919326	908.7316	-76.979438	913.5822	126.00
881	3	26	-77.193575	931.0728	-77.403637	948.5560	125.00
881	4	26	-77.193091	931.0329	-77.402670	948.4747	125.00
882	2	24	-71.317587	936.6258	-71.556435	958.3367	115.00
882	3	24	-71.287506	933.9266	-71.497085	952.8953	115.00
882	4	24	-71.287506	933.9266	-71.497085	952.8953	115.00
883	2	27	-79.877432	908.7061	-79.942834	913.7886	134.00
883	3	27	-80.146367	929.7881	-80.356429	946.5946	133.00
883	4	27	-80.145883	929.7497	-80.355462	946.5166	133.00
884	2	30	-88.731948	907.2596	-88.793510	911.5567	150.00
884	3	30	-89.004745	926.4560	-89.214807	941.5142	149.00
884	4	30	-89.004261	926.4216	-89.213839	941.4443	149.00
885	2	30	-89.030166	928.2655	-89.265188	945.1620	140.00
885	3	30	-89.004261	926.4216	-89.213839	941.4443	140.00
885	4	30	-89.004261	926.4216	-89.213839	941.4443	140.00
886	2	29	-85.503483	887.9653	-85.413729	881.6597	140.00
886	3	29	-86.052436	927.5245	-86.262981	943.1604	138.00
886	4	29	-86.051468	927.4532	-86.261047	943.0156	138.00
887	2	28	-83.128836	930.8657	-83.367916	949.3483	135.00
887	3	28	-83.098676	928.5597	-83.308254	944.7019	135.00
887	4	28	-83.098676	928.5597	-83.308254	944.7019	135.00
888	2	26	-76.930828	909.6577	-77.002211	915.4266	136.00
888	3	26	-77.193575	931.0728	-77.403637	948.5560	135.00
888	4	26	-77.193091	931.0329	-77.402670	948.4747	135.00
889	2	26	-77.222367	933.4499	-77.460723	953.3636	127.00
889	3	26	-77.193091	931.0329	-77.402670	948.4747	127.00
889	4	26	-77.193091	931.0329	-77.402670	948.4747	127.00
890	2	29	-85.794432	908.7171	-85.870855	914.2479	145.00
890	3	29	-86.051952	927.4888	-86.262014	943.0880	144.00
890	4	29	-86.051468	927.4532	-86.261047	943.0156	144.00
891	2	26	-77.225104	933.6762	-77.465876	953.7988	125.00
891	3	26	-77.193091	931.0329	-77.402670	948.4747	125.00
891	4	26	-77.193091	931.0329	-77.402670	948.4747	125.00
892	2	28	-83.144605	932.0736	-83.399053	951.7822	132.00
892	3	28	-83.098676	928.5597	-83.308254	944.7019	132.00
892	4	28	-83.098676	928.5597	-83.308254	944.7019	132.00
893	2	26	-77.220356	933.2837	-77.456558	953.0120	132.00
893	3	26	-77.193091	931.0329	-77.402670	948.4747	132.00
893	4	26	-77.193091	931.0329	-77.402670	948.4747	132.00
894	2	28	-83.142270	931.8946	-83.394545	951.4295	136.00
894	3	28	-83.098676	928.5597	-83.308254	944.7019	136.00
894	4	28	-83.098676	928.5597	-83.308254	944.7019	136.00
895	2	25	-73.969429	909.4465	-74.032417	914.7380	123.00
895	3	25	-74.240782	932.4623	-74.450844	950.6787	122.00
895	4	25	-74.240299	932.4208	-74.449877	950.5940	122.00
896	2	26	-77.229529	934.0422	-77.474852	954.5573	120.00
896	3	26	-77.193091	931.0329	-77.402670	948.4747	120.00
896	4	26	-77.193091	931.0329	-77.402670	948.4747	120.00
897	2	30	-89.047294	929.4866	-89.298864	947.6082	144.00
897	3	30	-89.004261	926.4216	-89.213839	941.4443	144.00
897	4	30	-89.004261	926.4216	-89.213839	941.4443	144.00
898	2	24	-71.305205	935.5138	-71.532069	956.0990	124.00
898	3	24	-71.287506	933.9266	-71.497085	952.8953	124.00
898	4	24	-71.287506	933.9266	-71.497085	952.8953	124.00
899	2	29	-85.495820	887.4252	-85.398566	880.5989	146.00
899	3	29	-85.751406	905.6180	-85.785860	908.0988	145.00
899	4	29	-85.750922	905.5832	-85.784893	908.0291	145.00
900	2	27	-79.887484	909.4853	-79.962712	915.3389	128.00
900	3	27	-80.146367	929.7881	-80.356429	946.5946	127.00
900	4	27	-80.145883	929.7497	-80.355462	946.5166	127.00
901	2	28	-83.115891	929.8752	-83.342271	947.3483	132.00
901	3	28	-83.098676	928.5597	-83.308254	944.7019	132.00
901	4	28	-83.098676	928.5597	-83.308254	944.7019	132.00
902	2	30	-88.744895	908.1617	-88.819161	913.3531	154.00
902	3	30	-89.004745	926.4560	-89.214807	941.5142	153.00
902	4	30	-89.004261	926.4216	-89.213839	941.4443	153.00
903	2	26	-77.228561	933.9621	-77.472917	954.3938	132.00
903	3	26	-77.193091	931.0329	-77.402670	948.4747	132.00
903	4	26	-77.193091	931.0329	-77.402670	948.4747	132.00
904	2	29	-85.787858	908.2429	-85.858099	913.3224	141.00
904	3	29	-86.051952	927.4888	-86.262014	943.0880	140.00
904	4	29	-86.051468	927.4532	-86.261047	943.0156	140.00
905	2	28	-83.127390	930.7549	-83.365034	949.1233	134.00
905	3	28	-83.098676	928.5597	-83.308254	944.7019	134.00
905	4	28	-83.098676	928.5597	-83.308254	944.7019	134.00
906	2	27	-80.165517	931.3078	-80.394313	949.6578	141.00
906	3	27	-80.145883	929.7497	-80.355462	946.5166	141.00
906	4	27	-80.145883	929.7497	-80.355462	946.5166	141.00
907	2	26	-77.211274	932.5334	-77.438621	951.4994	139.00
907	3	26	-77.193091	931.0329	-77.402670	948.4747	139.00
907	4	26	-77.193091	931.0329	-77.402670	948.4747	139.00
908	2	30	-89.039722	928.9466	-89.284053	946.5316	137.00
908	3	30	-89.004261	926.4216	-89.213839	941.4443	137.00
908	4	30	-89.004261	926.4216	-89.213839	941.4443	137.00
909	2	25	-74.264753	934.5233	-74.498328	954.8455	120.00
909	3	25	-74.240299	932.4208	-74.449877	950.5940	120.00
909	4	25	-74.240299	932.4208	-74.449877	950.5940	120.00
910	2	25	-73.967982	909.3253	-74.029535	914.4951	124.00
910	3	25	-74.240782	932.4623	-74.450844	950.6787	123.00
910	4	25	-74.240299	932.4208	-74.449877	950.5940	123.00
911	2	29	-86.076407	929.2915	-86.310465	946.7230	129.00
911	3	29	-86.051468	927.4532	-86.261047	943.0156	129.00
911	4	29	-86.051468	927.4532	-86.261047	943.0156	129.00
912	2	27	-80.164066	931.1925	-80.391414	949.4230	129.00
912	3	27	-80.145883	929.7497	-80.355462	946.5166	129.00
912	4	27	-80.145883	929.7497	-80.355462	946.5166	129.00
913	2	26	-77.221400	933.3700	-77.458790	953.2005	130.00
913	3	26	-77.193091	931.0329	-77.402670	948.4747	130.00
913	4	26	-77.193091	931.0329	-77.402670	948.4747	130.00
914	2	28	-83.138410	931.5988	-83.386852	950.8278	142.00
914	3	28	-83.098676	928.5597	-83.308254	944.7019	142.00
914	4	28	-83.098676	928.5597	-83.308254	944.7019	142.00
915	2	28	-83.122647	930.3920	-83.355740	948.3982	133.00
915	3	28	-83.098676	928.5597	-83.308254	944.7019	133.00
915	4	28	-83.098676	928.5597	-83.308254	944.7019	133.00
916	2	25	-74.269015	934.8902	-74.506667	955.5792	132.00
916	3	25	-74.240299	932.4208	-74.449877	950.5940	132.00
916	4	25	-74.240299	932.4208	-74.449877	950.5940	132.00
917	2	28	-83.118307	930.0600	-83.347095	947.7242	136.00
917	3	28	-83.098676	928.5597	-83.308254	944.7019	136.00
917	4	28	-83.098676	928.5597	-83.308254	944.7019	136.00
918	2	27	-79.875981	908.5936	-79.939935	913.5626	124.00
918	3	27	-80.146367	929.7881	-80.356429	946.5946	123.00
918	4	27	-80.145883	929.7497	-80.355462	946.5166	123.00
919	2	27	-79.883620	909.1857	-79.955004	914.7374	135.00
919	3	27	-80.146367	929.7881	-80.356429	946.5946	134.00
919	4	27	-80.145883	929.7497	-80.355462	946.5166	134.00
920	2	27	-80.176932	932.2148	-80.416747	951.4764	126.00
920	3	27	-80.145883	929.7497	-80.355462	946.5166	126.00
920	4	27	-80.145883	929.7497	-80.355462	946.5166	126.00
921	2	25	-73.968466	909.3659	-74.030502	914.5766	116.00
921	3	25	-74.240782	932.4623	-74.450844	950.6787	115.00
921	4	25	-74.240299	932.4208	-74.449877	950.5940	115.00
922	2	25	-74.268531	934.8485	-74.505700	955.4940	111.00
922	3	25	-74.240299	932.4208	-74.449877	950.5940	111.00
922	4	25	-74.240299	932.4208	-74.449877	950.5940	111.00
923	2	25	-74.267564	934.7652	-74.503767	955.3240	112.00
923	3	25	-74.240299	932.4208	-74.449877	950.5940	112.00
923	4	25	-74.240299	932.4208	-74.449877	950.5940	112.00
924	2	29	-86.073998	929.1137	-86.305669	946.3626	142.00
924	3	29	-86.051468	927.4532	-86.261047	943.0156	142.00
924	4	29	-86.051468	927.4532	-86.261047	943.0156	142.00
925	2	27	-80.181279	932.5605	-80.425422	952.1806	131.00
925	3	27	-80.145883	929.7497	-80.355462	946.5166	131.00
925	4	27	-80.145883	929.7497	-80.355462	946.5166	131.00
926	2	26	-77.210306	932.4534	-77.436687	951.3364	133.00
926	3	26	-77.193091	931.0329	-77.402670	948.4747	133.00
926	4	26	-77.193091	931.0329	-77.402670	948.4747	133.00
927	2	28	-82.842702	909.2178	-82.920365	915.0432	138.00
927	3	28	-83.099160	928.5967	-83.309222	944.7771	137.00
927	4	28	-83.098676	928.5597	-83.308254	944.7019	137.00
928	2	27	-79.876978	908.6708	-79.941981	913.7220	138.00
928	3	27	-80.146367	929.7881	-80.356429	946.5946	137.00
928	4	27	-80.145883	929.7497	-80.355462	946.5166	137.00
929	2	26	-77.220916	933.3300	-77.457823	953.1188	127.00
929	3	26	-77.193091	931.0329	-77.402670	948.4747	127.00
929	4	26	-77.193091	931.0329	-77.402670	948.4747	127.00
930	2	27	-80.165997	931.3459	-80.395263	949.7348	135.00
930	3	27	-80.145883	929.7497	-80.355462	946.5166	135.00
930	4	27	-80.145883	929.7497	-80.355462	946.5166	135.00
931	2	30	-88.765908	909.6275	-88.860627	916.2646	140.00
931	3	30	-89.004745	926.4560	-89.214807	941.5142	139.00
931	4	30	-89.004261	926.4216	-89.213839	941.4443	139.00
932	2	34	-100.577561	908.1625	-100.672764	914.0367	165.00
932	3	34	-100.815914	922.9410	-101.025976	936.1647	164.00
932	4	34	-100.815431	922.9108	-101.025009	936.1033	164.00
933	2	30	-88.735811	907.5287	-88.801218	912.0961	153.00
933	3	30	-89.004745	926.4560	-89.214807	941.5142	152.00
933	4	30	-89.004261	926.4216	-89.213839	941.4443	152.00
934	2	28	-82.826360	907.9967	-82.887912	912.6044	140.00
934	3	28	-83.099160	928.5967	-83.309222	944.7771	139.00
934	4	28	-83.098676	928.5597	-83.308254	944.7019	139.00
935	2	27	-80.185613	932.9052	-80.434038	952.8805	133.00
935	3	27	-80.145883	929.7497	-80.355462	946.5166	133.00
935	4	27	-80.145883	929.7497	-80.355462	946.5166	133.00
936	2	28	-83.128358	930.8291	-83.366972	949.2746	133.00
936	3	28	-83.098676	928.5597	-83.308254	944.7019	133.00
936	4	28	-83.098676	928.5597	-83.308254	944.7019	133.00
937	2	27	-80.165029	931.2690	-80.393327	949.5779	139.00
937	3	27	-80.145883	929.7497	-80.355462	946.5166	139.00
937	4	27	-80.145883	929.7497	-80.355462	946.5166	139.00
938	2	27	-80.180377	932.4887	-80.423742	952.0442	128.00
938	3	27	-80.145883	929.7497	-80.355462	946.5166	128.00
938	4	27	-80.145883	929.7497	-80.355462	946.5166	128.00
939	2	31	-91.402871	888.1365	-91.307104	881.8414	147.00
939	3	31	-91.958021	925.5242	-92.168566	940.1119	145.00
939	4	31	-91.957053	925.4577	-92.166632	939.9768	145.00
940	2	27	-80.183688	932.7521	-80.430216	952.5699	135.00
940	3	27	-80.145883	929.7497	-80.355462	946.5166	135.00
940	4	27	-80.145883	929.7497	-80.355462	946.5166	135.00
941	2	27	-79.875014	908.5187	-79.938002	913.4121	131.00
941	3	27	-80.146367	929.7881	-80.356429	946.5946	130.00
941	4	27	-80.145883	929.7497	-80.355462	946.5166	130.00
942	2	33	-97.609002	907.5040	-97.688843	912.5738	167.00
942	3	33	-97.863122	923.7387	-98.073184	937.3778	166.00
942	4	33	-97.862638	923.7075	-98.072217	937.3145	166.00
943	2	30	-88.754407	908.8250	-88.837858	914.6648	141.00
943	3	30	-89.004745	926.4560	-89.214807	941.5142	140.00
943	4	30	-89.004261	926.4216	-89.213839	941.4443	140.00
944	2	26	-77.218018	933.0905	-77.452041	952.6309	128.00
944	3	26	-77.193091	931.0329	-77.402670	948.4747	128.00
944	4	26	-77.193091	931.0329	-77.402670	948.4747	128.00
945	2	28	-83.128360	930.8292	-83.366979	949.2751	141.00
945	3	28	-83.098676	928.5597	-83.308254	944.7019	141.00
945	4	28	-83.098676	928.5597	-83.308254	944.7019	141.00
946	2	26	-77.212236	932.6128	-77.440534	951.6606	129.00
946	3	26	-77.193091	931.0329	-77.402670	948.4747	129.00
946	4	26	-77.193091	931.0329	-77.402670	948.4747	129.00
947	2	25	-74.264274	934.4821	-74.497380	954.7622	120.00
947	3	25	-74.240299	932.4208	-74.449877	950.5940	120.00
947	4	25	-74.240299	932.4208	-74.449877	950.5940	120.00
948	2	28	-83.134630	931.3093	-83.379470	950.2507	128.00
948	3	28	-83.098676	928.5597	-83.308254	944.7019	128.00
948	4	28	-83.098676	928.5597	-83.308254	944.7019	128.00
949	2	26	-77.217546	933.0515	-77.451121	952.5532	134.00
949	3	26	-77.193091	931.0329	-77.402670	948.4747	134.00
949	4	26	-77.193091	931.0329	-77.402670	948.4747	134.00
950	2	28	-82.842702	909.2178	-82.920365	915.0432	136.00
950	3	28	-83.099160	928.5967	-83.309222	944.7771	135.00
950	4	28	-83.098676	928.5597	-83.308254	944.7019	135.00
951	2	28	-82.843653	909.2889	-82.922232	915.1837	140.00
951	3	28	-83.099160	928.5967	-83.309222	944.7771	139.00
951	4	28	-83.098676	928.5597	-83.308254	944.7019	139.00
952	2	26	-77.224219	933.6031	-77.464266	953.6628	128.00
952	3	26	-77.193091	931.0329	-77.402670	948.4747	128.00
952	4	26	-77.193091	931.0329	-77.402670	948.4747	128.00
953	2	26	-77.222770	933.4833	-77.461372	953.4185	120.00
953	3	26	-77.193091	931.0329	-77.402670	948.4747	120.00
953	4	26	-77.193091	931.0329	-77.402670	948.4747	120.00
954	2	28	-82.824911	907.8886	-82.885023	912.3877	123.00
954	3	28	-83.099160	928.5967	-83.309222	944.7771	122.00
954	4	28	-83.098676	928.5597	-83.308254	944.7019	122.00
955	2	30	-88.743473	908.0625	-88.816375	913.1578	156.00
955	3	30	-89.004745	926.4560	-89.214807	941.5142	155.00
955	4	30	-89.004261	926.4216	-89.213839	941.4443	155.00
956	2	27	-80.181356	932.5666	-80.425718	952.2047	131.00
956	3	27	-80.145883	929.7497	-80.355462	946.5166	131.00
956	4	27	-80.145883	929.7497	-80.355462	946.5166	131.00
957	2	25	-74.277135	935.5897	-74.522696	956.9910	115.00
957	3	25	-74.240299	932.4208	-74.449877	950.5940	115.00
957	4	25	-74.240299	932.4208	-74.449877	950.5940	115.00
958	2	27	-80.185616	932.9055	-80.434053	952.8817	119.00
958	3	27	-80.145883	929.7497	-80.355462	946.5166	119.00
958	4	27	-80.145883	929.7497	-80.355462	946.5166	119.00
959	2	31	-91.696265	907.7036	-91.769167	912.6321	155.00
959	3	31	-91.957537	925.4909	-92.167599	940.0444	154.00
959	4	31	-91.957053	925.4577	-92.166632	939.9768	154.00
960	2	29	-85.789233	908.3421	-85.860700	913.5110	150.00
960	3	29	-86.051952	927.4888	-86.262014	943.0880	149.00
960	4	29	-86.051468	927.4532	-86.261047	943.0156	149.00
961	2	26	-77.214171	932.7727	-77.444401	951.9865	132.00
961	3	26	-77.193091	931.0329	-77.402670	948.4747	132.00
961	4	26	-77.193091	931.0329	-77.402670	948.4747	132.00
962	2	27	-80.174113	931.9908	-80.411274	951.0324	124.00
962	3	27	-80.145883	929.7497	-80.355462	946.5166	124.00
962	4	27	-80.145883	929.7497	-80.355462	946.5166	124.00
963	2	26	-77.217051	933.0106	-77.450109	952.4679	132.00
963	3	26	-77.193091	931.0329	-77.402670	948.4747	132.00
963	4	26	-77.193091	931.0329	-77.402670	948.4747	132.00
964	2	26	-76.921259	908.8871	-76.983295	913.8943	127.00
964	3	26	-77.193575	931.0728	-77.403637	948.5560	126.00
964	4	26	-77.193091	931.0329	-77.402670	948.4747	126.00
965	2	25	-74.257030	933.8587	-74.482927	953.4920	120.00
965	3	25	-74.240299	932.4208	-74.449877	950.5940	120.00
965	4	25	-74.240299	932.4208	-74.449877	950.5940	120.00
966	2	26	-77.211756	932.5732	-77.439582	951.5803	124.00
966	3	26	-77.193091	931.0329	-77.402670	948.4747	124.00
966	4	26	-77.193091	931.0329	-77.402670	948.4747	124.00
967	2	27	-80.177897	932.2916	-80.418673	951.6327	131.00
967	3	27	-80.145883	929.7497	-80.355462	946.5166	131.00
967	4	27	-80.145883	929.7497	-80.355462	946.5166	131.00
968	2	30	-88.751109	908.5949	-88.831433	914.2138	147.00
968	3	30	-89.004745	926.4560	-89.214807	941.5142	146.00
968	4	30	-89.004261	926.4216	-89.213839	941.4443	146.00
969	2	25	-74.259447	934.0667	-74.487755	953.9161	114.00
969	3	25	-74.240299	932.4208	-74.449877	950.5940	114.00
969	4	25	-74.240299	932.4208	-74.449877	950.5940	114.00
970	2	25	-73.968466	909.3659	-74.030502	914.5766	114.00
970	3	25	-74.240782	932.4623	-74.450844	950.6787	113.00
970	4	25	-74.240299	932.4208	-74.449877	950.5940	113.00
971	2	27	-80.177011	932.2211	-80.417056	951.5015	132.00
971	3	27	-80.145883	929.7497	-80.355462	946.5166	132.00
971	4	27	-80.145883	929.7497	-80.355462	946.5166	132.00
972	2	28	-83.118789	930.0969	-83.348054	947.7989	141.00
972	3	28	-83.098676	928.5597	-83.308254	944.7019	141.00
972	4	28	-83.098676	928.5597	-83.308254	944.7019	141.00
973	2	31	-91.706716	908.4085	-91.789686	914.0240	146.00
973	3	31	-91.957537	925.4909	-92.167599	940.0444	145.00
973	4	31	-91.957053	925.4577	-92.166632	939.9768	145.00
974	2	26	-76.920777	908.8484	-76.982338	913.8168	124.00
974	3	26	-77.193575	931.0728	-77.403637	948.5560	123.00
974	4	26	-77.193091	931.0329	-77.402670	948.4747	123.00
975	2	26	-77.223741	933.5635	-77.463320	953.5829	121.00
975	3	26	-77.193091	931.0329	-77.402670	948.4747	121.00
975	4	26	-77.193091	931.0329	-77.402670	948.4747	121.00
976	2	26	-77.210790	932.4934	-77.437654	951.4179	118.00
976	3	26	-77.193091	931.0329	-77.402670	948.4747	118.00
976	4	26	-77.193091	931.0329	-77.402670	948.4747	118.00
977	2	27	-80.165034	931.2694	-80.393346	949.5795	146.00
977	3	27	-80.145883	929.7497	-80.355462	946.5166	146.00
977	4	27	-80.145883	929.7497	-80.355462	946.5166	146.00
978	2	24	-71.305688	935.5572	-71.533034	956.1876	123.00
978	3	24	-71.287506	933.9266	-71.497085	952.8953	123.00
978	4	24	-71.287506	933.9266	-71.497085	952.8953	123.00
979	2	28	-82.842610	909.2109	-82.920006	915.0162	141.00
979	3	28	-83.099160	928.5967	-83.309222	944.7771	140.00
979	4	28	-83.098676	928.5597	-83.308254	944.7019	140.00
980	2	30	-88.742990	908.0289	-88.815414	913.0904	151.00
980	3	30	-89.004745	926.4560	-89.214807	941.5142	150.00
980	4	30	-89.004261	926.4216	-89.213839	941.4443	150.00
981	2	28	-83.116859	929.9492	-83.344206	947.4991	140.00
981	3	28	-83.098676	928.5597	-83.308254	944.7019	140.00
981	4	28	-83.098676	928.5597	-83.308254	944.7019	140.00
982	2	28	-82.835473	908.6775	-82.905973	913.9609	143.00
982	3	28	-83.099160	928.5967	-83.309222	944.7771	142.00
982	4	28	-83.098676	928.5597	-83.308254	944.7019	142.00
983	2	25	-74.259927	934.1080	-74.488707	953.9998	120.00
983	3	25	-74.240299	932.4208	-74.449877	950.5940	120.00
983	4	25	-74.240299	932.4208	-74.449877	950.5940	120.00
984	2	27	-80.165996	931.3458	-80.395261	949.7346	130.00
984	3	27	-80.145883	929.7497	-80.355462	946.5166	130.00
984	4	27	-80.145883	929.7497	-80.355462	946.5166	130.00
985	2	31	-91.703417	908.1859	-91.783258	913.5878	142.00
985	3	31	-91.957537	925.4909	-92.167599	940.0444	141.00
985	4	31	-91.957053	925.4577	-92.166632	939.9768	141.00
986	2	26	-76.933159	909.8455	-77.006706	915.7910	121.00
986	3	26	-77.193575	931.0728	-77.403637	948.5560	120.00
986	4	26	-77.193091	931.0329	-77.402670	948.4747	120.00
987	2	30	-88.740575	907.8606	-88.810593	912.7526	150.00
987	3	30	-89.004745	926.4560	-89.214807	941.5142	149.00
987	4	30	-89.004261	926.4216	-89.213839	941.4443	149.00
988	2	26	-77.211754	932.5731	-77.439575	951.5798	130.00
988	3	26	-77.193091	931.0329	-77.402670	948.4747	130.00
988	4	26	-77.193091	931.0329	-77.402670	948.4747	130.00
989	2	31	-91.703878	908.2170	-91.784137	913.6474	151.00
989	3	31	-91.957537	925.4909	-92.167599	940.0444	150.00
989	4	31	-91.957053	925.4577	-92.166632	939.9768	150.00
990	2	26	-76.921740	908.9259	-76.984253	913.9719	131.00
990	3	26	-77.193575	931.0728	-77.403637	948.5560	130.00
990	4	26	-77.193091	931.0329	-77.402670	948.4747	130.00
991	2	31	-91.709615	908.6041	-91.795470	914.4168	153.00
991	3	31	-91.957537	925.4909	-92.167599	940.0444	152.00
991	4	31	-91.957053	925.4577	-92.166632	939.9768	152.00
992	2	26	-77.223738	933.5633	-77.463307	953.5818	139.00
992	3	26	-77.193091	931.0329	-77.402670	948.4747	139.00
992	4	26	-77.193091	931.0329	-77.402670	948.4747	139.00
993	2	26	-77.224139	933.5965	-77.463954	953.6365	127.00
993	3	26	-77.193091	931.0329	-77.402670	948.4747	127.00
993	4	26	-77.193091	931.0329	-77.402670	948.4747	127.00
994	2	30	-88.738739	907.7327	-88.807116	912.5091	147.00
994	3	30	-89.004745	926.4560	-89.214807	941.5142	146.00
994	4	30	-89.004261	926.4216	-89.213839	941.4443	146.00
995	2	31	-91.696265	907.7036	-91.769167	912.6321	160.00
995	3	31	-91.957537	925.4909	-92.167599	940.0444	159.00
995	4	31	-91.957053	925.4577	-92.166632	939.9768	159.00
996	2	32	-94.658624	907.9920	-94.740866	913.3812	157.00
996	3	32	-94.910330	924.5870	-95.120391	938.6685	156.00
996	4	32	-94.909846	924.5548	-95.119424	938.6031	156.00
997	2	25	-74.263310	934.3990	-74.495458	954.5932	118.00
997	3	25	-74.240299	932.4208	-74.449877	950.5940	118.00
997	4	25	-74.240299	932.4208	-74.449877	950.5940	118.00
998	2	26	-77.218018	933.0905	-77.452043	952.6311	132.00
998	3	26	-77.193091	931.0329	-77.402670	948.4747	132.00
998	4	26	-77.193091	931.0329	-77.402670	948.4747	132.00
999	2	26	-77.210306	932.4534	-77.436687	951.3364	121.00
999	3	26	-77.193091	931.0329	-77.402670	948.4747	121.00
999	4	26	-77.193091	931.0329	-77.402670	948.4747	121.00
1000	2	27	-80.166964	931.4227	-80.397193	949.8911	120.00
1000	3	27	-80.145883	929.7497	-80.355462	946.5166	120.00
1000	4	27	-80.145883	929.7497	-80.355462	946.5166	120.00
